fin_year,month,state_code,state_name,district_code,district_name,Approved_Labour_Budget,Average_Wage_rate_per_day_per_person,Average_days_of_employment_provided_per_Household,Differently_abled_persons_worked,Material_and_skilled_Wages,Number_of_Completed_Works,Number_of_GPs_with_NIL_exp,Number_of_Ongoing_Works,Persondays_of_Central_Liability_so_far,SC_persondays,SC_workers_against_active_workers,ST_persondays,ST_workers_against_active_workers,Total_Adm_Expenditure,Total_Exp,Total_Households_Worked,Total_Individuals_Worked,Total_No_of_Active_Job_Cards,Total_No_of_Active_Workers,Total_No_of_HHs_completed_100_Days_of_Wage_Employment,Total_No_of_JobCards_issued,Total_No_of_Workers,Total_No_of_Works_Takenup,Wages,Women_Persondays,percent_of_Category_B_Works,percent_of_Expenditure_on_Agriculture_Allied_Works,percent_of_NRM_Expenditure,percentage_payments_gererated_within_15_days,Remarks
2024-2025,Dec,32,WEST BENGAL,3216,24 PARGANAS SOUTH,0,0,0,0,0,0,310,166625,0,0,255762,0,9543,995.29121,995.29121,0,0,767860,1378553,0,1403356,2360526,166625,0,0,63,47.47,0,0,NA
2024-2025,Nov,32,WEST BENGAL,3211,PURBA MEDINIPUR,0,0,0,0,0,7,223,80947,0,0,94249,0,3074,826.10706,826.10706,0,0,386183,871143,0,918193,1960145,80954,0,0,63,0,0,0,NA
2024-2025,Nov,32,WEST BENGAL,3218,DINAJPUR UTTAR,0,0,0,0,0,0,98,84348,0,0,93584,0,9199,273.36879,273.36879,0,0,185983,367629,0,504666,934224,84348,0,0,85,0,0,0,NA
2024-2025,Nov,32,WEST BENGAL,3216,24 PARGANAS SOUTH,0,0,0,0,0,0,310,191888,0,0,255814,0,9543,876.76469,876.76469,0,0,767918,1379372,0,1403510,2361927,191888,0,0,68,0,0,0,NA
2024-2025,Nov,32,WEST BENGAL,3218,DINAJPUR UTTAR,0,0,0,0,0,0,98,84348,0,0,93584,0,9199,273.26787,273.26787,0,0,185983,367629,0,504667,934226,84348,0,0,85,0,0,0,NA
2024-2025,July,32,WEST BENGAL,3201,NADIA,0,0,0,0,0,0,185,23808,0,0,121048,0,13075,268.44379,268.44379,0,0,260685,553835,0,764465,1486177,23808,0,0,55,0,0,0,NA
2024-2025,July,32,WEST BENGAL,3203,BIRBHUM,0,0,0,0,0,0,167,26930,0,0,336447,0,65410,248.02285,248.02285,0,0,444189,940897,0,677399,1357054,26930,0,0,16,0,0,0,NA
2024-2025,July,32,WEST BENGAL,3211,PURBA MEDINIPUR,0,0,0,0,0,7,223,80947,0,0,94244,0,3074,338.3844,338.3844,0,0,386183,871105,0,918137,1959969,80954,0,0,63,0,0,0,NA
2024-2025,July,32,WEST BENGAL,3214,PURULIA,0,0,0,0,0,0,170,24060,0,0,105729,0,124772,206.14113,206.14113,0,0,251062,584117,0,525044,1133011,24060,0,0,67,0,0,0,NA
2024-2025,July,32,WEST BENGAL,3220,ALIPURDUAR,0,0,0,0,0,0,64,64330,0,0,146404,0,115843,0,0,0,0,272547,546679,0,326718,638811,64330,0,0,58,0,0,0,NA
2024-2025,July,32,WEST BENGAL,3212,MURSHIDABAD,0,0,0,0,0,0,250,106885,0,0,64997,0,7656,325.68375,325.68375,0,0,327925,595627,0,1232371,2083751,106885,0,0,85,0,0,0,NA
2024-2025,July,32,WEST BENGAL,3202,PASCHIM BARDHAMAN,0,0,0,0,0,0,62,2608,0,0,78435,0,21982,98.14128,98.14128,0,0,69781,152666,0,140158,286647,2608,0,0,29,0,0,0,NA
2024-2025,July,32,WEST BENGAL,3207,JALPAIGURI,0,0,0,0,0,0,80,31776,0,0,236075,0,81880,128.11554,128.11554,0,0,300581,600203,0,404317,775902,31776,0,0,16,0,0,0,NA
2024-2025,Aug,32,WEST BENGAL,3205,HOWRAH,0,0,0,0,0,0,157,18268,0,0,54660,0,799,165.74495,165.74495,0,0,161738,261315,0,405119,577100,18268,0,0,20,0,0,0,NA
2024-2025,Aug,32,WEST BENGAL,3206,HOOGHLY,0,0,0,0,0,0,207,32921,0,0,518201,0,101729,409.13556,409.13556,0,0,669811,1271368,0,839628,1530995,32921,0,0,10,0,0,0,NA
2024-2025,Aug,32,WEST BENGAL,3209,MALDAH,0,0,0,0,0,0,146,73561,0,0,116007,0,37378,241.83716,241.83716,0,0,334524,570373,0,722669,1170276,73561,0,0,72,0,0,0,NA
2024-2025,Aug,32,WEST BENGAL,3205,HOWRAH,0,0,0,0,0,0,157,18268,0,0,54676,0,800,166.85182,166.85182,0,0,161738,261395,0,405695,577868,18268,0,0,20,0,0,0,NA
2024-2025,Aug,32,WEST BENGAL,3215,24 PARGANAS (NORTH),0,0,0,0,0,0,199,85386,0,0,173397,0,29397,353.23019,353.23019,0,0,313170,581708,0,873390,1521072,85386,0,0,74,0,0,0,NA
2024-2025,Aug,32,WEST BENGAL,3218,DINAJPUR UTTAR,0,0,0,0,0,0,98,84348,0,0,93585,0,9199,154.90788,154.90788,0,0,185988,367637,0,504639,934117,84348,0,0,85,0,0,0,NA
2024-2025,Aug,32,WEST BENGAL,3220,ALIPURDUAR,0,0,0,0,0,0,64,64330,0,0,146406,0,115848,0,0,0,0,272547,546686,0,326720,638822,64330,0,0,58,100,0,0,NA
2024-2025,Nov,32,WEST BENGAL,3216,24 PARGANAS SOUTH,0,0,0,0,0,0,310,166625,0,0,255772,0,9543,876.76469,876.76469,0,0,767868,1378723,0,1403392,2360849,166625,0,0,63,0,0,0,NA
2024-2025,Sep,32,WEST BENGAL,3203,BIRBHUM,0,0,0,0,0,0,167,26930,0,0,336447,0,65413,407.57325,407.57325,0,0,444187,940913,0,677333,1357028,26930,0,0,16,0,0,0,NA
2024-2025,Sep,32,WEST BENGAL,3205,HOWRAH,0,0,0,0,0,0,157,18268,0,0,54678,0,800,206.5233,206.5233,0,0,161738,261407,0,406033,578246,18268,0,0,20,0,0,0,NA
2024-2025,Sep,32,WEST BENGAL,3206,HOOGHLY,0,0,0,0,0,0,207,32921,0,0,518206,0,101729,511.90508,511.90508,0,0,669811,1271392,0,839706,1531112,32921,0,0,10,0,0,0,NA
2024-2025,Sep,32,WEST BENGAL,3211,PURBA MEDINIPUR,0,0,0,0,0,7,223,80947,0,0,94244,0,3074,563.28182,563.28182,0,0,386183,871125,0,918143,1960033,80954,0,0,63,0,0,0,NA
2024-2025,Sep,32,WEST BENGAL,3216,24 PARGANAS SOUTH,0,0,0,0,0,0,310,191888,0,0,255824,0,9543,604.33213,604.33213,0,0,767936,1379447,0,1403568,2362098,191888,0,0,68,0,0,0,NA
2024-2025,Sep,32,WEST BENGAL,3206,HOOGHLY,0,0,0,0,0,0,207,32921,0,0,518206,0,101729,511.90508,511.90508,0,0,669811,1271392,0,839714,1531120,32921,0,0,10,0,0,0,NA
2024-2025,Aug,32,WEST BENGAL,3207,JALPAIGURI,0,0,0,0,0,0,80,31776,0,0,236076,0,81885,169.95036,169.95036,0,0,300581,600210,0,404317,775914,31776,0,0,16,0,0,0,NA
2024-2025,Aug,32,WEST BENGAL,3208,COOCHBEHAR,0,0,0,0,0,0,128,73782,0,0,466229,0,5915,295.11291,295.11291,0,0,468295,909984,0,660711,1253878,73782,0,0,39,0,0,0,NA
2024-2025,Aug,32,WEST BENGAL,3212,MURSHIDABAD,0,0,0,0,0,0,250,106885,0,0,64995,0,7656,425.4237,425.4237,0,0,327921,595619,0,1232321,2083734,106885,0,0,85,0,0,0,NA
2024-2025,Aug,32,WEST BENGAL,3222,JHARGRAM,0,0,0,0,0,0,79,23787,0,0,64092,0,91430,0,0,0,0,143161,309802,0,231016,470521,23787,0,0,44,0,0,0,NA
2024-2025,Aug,32,WEST BENGAL,3212,MURSHIDABAD,0,0,0,0,0,0,250,106885,0,0,64991,0,7653,425.4237,425.4237,0,0,327900,595572,0,1232030,2083311,106885,0,0,85,0,0,0,NA
2024-2025,July,32,WEST BENGAL,3208,COOCHBEHAR,0,0,0,0,0,0,128,73782,0,0,466272,0,5920,225.8445,225.8445,0,0,468295,910067,0,660661,1253923,73782,0,0,39,0,0,0,NA
2024-2025,July,32,WEST BENGAL,3213,BANKURA,0,0,0,0,0,0,190,29967,0,0,429056,0,122511,281.31667,281.31667,0,0,428799,1038559,0,686131,1538468,29967,0,0,56,0,0,0,NA
2024-2025,July,32,WEST BENGAL,3216,24 PARGANAS SOUTH,0,0,0,0,0,0,310,191888,0,0,255824,0,9543,367.1743,367.1743,0,0,767944,1379438,0,1403524,2361987,191888,0,0,68,0,0,0,NA
2024-2025,Aug,32,WEST BENGAL,3205,HOWRAH,0,0,0,0,0,0,157,18268,0,0,54677,0,800,166.85182,166.85182,0,0,161738,261397,0,405719,577897,18268,0,0,20,0,0,0,NA
2024-2025,Aug,32,WEST BENGAL,3209,MALDAH,0,0,0,0,0,0,146,73561,0,0,116007,0,37378,241.83716,241.83716,0,0,334524,570375,0,722732,1170385,73561,0,0,72,0,0,0,NA
2024-2025,Aug,32,WEST BENGAL,3214,PURULIA,0,0,0,0,0,0,170,24060,0,0,105730,0,124775,274.41808,274.41808,0,0,251062,584126,0,525064,1133080,24060,0,0,67,0,0,0,NA
2024-2025,Aug,32,WEST BENGAL,3203,BIRBHUM,0,0,0,0,0,0,167,26930,0,0,336446,0,65410,327.79805,327.79805,0,0,444187,940908,0,677313,1356996,26930,0,0,16,0,0,0,NA
2024-2025,Aug,32,WEST BENGAL,3206,HOOGHLY,0,0,0,0,0,0,207,32921,0,0,518206,0,101729,409.13556,409.13556,0,0,669811,1271379,0,839685,1531071,32921,0,0,10,0,0,0,NA
2024-2025,Aug,32,WEST BENGAL,3212,MURSHIDABAD,0,0,0,0,0,0,250,106885,0,0,64990,0,7652,426.3237,426.3237,0,0,327900,595572,0,1232020,2083302,106885,0,0,85,0,0,0,NA
2024-2025,Sep,32,WEST BENGAL,3207,JALPAIGURI,0,0,0,0,0,0,80,31776,0,0,236076,0,81886,213.06389,213.06389,0,0,300581,600216,0,404317,775925,31776,0,0,16,0,0,0,NA
2024-2025,Sep,32,WEST BENGAL,3209,MALDAH,0,0,0,0,0,0,146,73561,0,0,116007,0,37378,241.83716,241.83716,0,0,334524,570376,0,722732,1170386,73561,0,0,72,0,0,0,NA
2024-2025,Sep,32,WEST BENGAL,3210,PASCHIM MEDINIPUR,0,0,0,0,0,0,211,87860,0,0,276183,0,138492,554.49621,554.49621,0,0,589515,1253780,0,888478,1773832,87860,0,0,50,0,0,0,NA
2024-2025,Sep,32,WEST BENGAL,3211,PURBA MEDINIPUR,0,0,0,0,0,7,223,80947,0,0,94244,0,3074,563.28182,563.28182,0,0,386183,871125,0,918143,1960030,80954,0,0,63,0,0,0,NA
2024-2025,Sep,32,WEST BENGAL,3222,JHARGRAM,0,0,0,0,0,0,79,23787,0,0,64093,0,91431,0,0,0,0,143161,309806,0,231017,470529,23787,0,0,44,0,0,0,NA
2024-2025,Aug,32,WEST BENGAL,3206,HOOGHLY,0,0,0,0,0,0,207,32921,0,0,518205,0,101729,409.13556,409.13556,0,0,669811,1271375,0,839675,1531052,32921,0,0,10,0,0,0,NA
2024-2025,Aug,32,WEST BENGAL,3208,COOCHBEHAR,0,0,0,0,0,0,128,73782,0,0,466236,0,5915,295.11291,295.11291,0,0,468295,910003,0,660750,1253967,73782,0,0,39,0,0,0,NA
2024-2025,Aug,32,WEST BENGAL,3213,BANKURA,0,0,0,0,0,0,190,29967,0,0,429049,0,122514,373.13838,373.13838,0,0,428798,1038567,0,686127,1538488,29967,0,0,56,0,0,0,NA
2024-2025,Aug,32,WEST BENGAL,3218,DINAJPUR UTTAR,0,0,0,0,0,0,98,84348,0,0,93593,0,9199,154.90788,154.90788,0,0,186006,367715,0,504680,934268,84348,0,0,85,0,0,0,NA
2024-2025,Aug,32,WEST BENGAL,3222,JHARGRAM,0,0,0,0,0,0,79,23787,0,0,64092,0,91431,0,0,0,0,143161,309805,0,231017,470526,23787,0,0,44,0,0,0,NA
2024-2025,Aug,32,WEST BENGAL,3225,PURBA BARDHAMAN,0,0,0,0,0,1,215,30168,0,0,504723,0,98176,0,0,0,0,669979,1377950,0,914298,1821298,30169,0,0,23,0,0,0,NA
2024-2025,Aug,32,WEST BENGAL,3203,BIRBHUM,0,0,0,0,0,0,167,26930,0,0,336457,0,65410,327.79805,327.79805,0,0,444189,940926,0,677449,1357152,26930,0,0,16,0,0,0,NA
2024-2025,Aug,32,WEST BENGAL,3212,MURSHIDABAD,0,0,0,0,0,0,250,106885,0,0,64990,0,7652,425.4237,425.4237,0,0,327900,595571,0,1232016,2083289,106885,0,0,85,0,0,0,NA
2024-2025,Aug,32,WEST BENGAL,3214,PURULIA,0,0,0,0,0,0,170,24060,0,0,105729,0,124774,274.41808,274.41808,0,0,251062,584122,0,525058,1133056,24060,0,0,67,0,0,0,NA
2024-2025,Aug,32,WEST BENGAL,3225,PURBA BARDHAMAN,0,0,0,0,0,1,215,30168,0,0,504721,0,98175,0,0,0,0,669977,1377945,0,914292,1821290,30169,0,0,23,0,0,0,NA
2024-2025,Sep,32,WEST BENGAL,3213,BANKURA,0,0,0,0,0,0,190,29967,0,0,429037,0,122506,464.96009,464.96009,0,0,428794,1038530,0,686077,1538390,29967,0,0,56,0,0,0,NA
2024-2025,Sep,32,WEST BENGAL,3214,PURULIA,0,0,0,0,0,0,170,24060,0,0,105730,0,124776,342.69811,342.69811,0,0,251062,584128,0,525064,1133085,24060,0,0,67,0,0,0,NA
2024-2025,Sep,32,WEST BENGAL,3216,24 PARGANAS SOUTH,0,0,0,0,0,0,310,191888,0,0,255824,0,9543,604.33213,604.33213,0,0,767936,1379447,0,1403566,2362092,191888,0,0,68,0,0,0,NA
2024-2025,Sep,32,WEST BENGAL,3225,PURBA BARDHAMAN,0,0,0,0,0,1,215,30168,0,0,504722,0,98175,0,0,0,0,669977,1377949,0,914292,1821295,30169,0,0,23,0,0,0,NA
2024-2025,Dec,32,WEST BENGAL,3212,MURSHIDABAD,0,0,0,0,0,0,250,88974,0,0,64990,0,7652,848.28711,848.28711,0,0,327900,595583,0,1232074,2083424,88974,0,0,82,0,0,0,NA
2024-2025,Dec,32,WEST BENGAL,3219,Darjeeling Gorkha Hill Council (DGHC),0,0,0,0,0,0,70,9799,0,0,14319,0,63311,0,0,0,0,116126,192316,0,127895,208802,9799,0,0,14,0,0,0,NA
2024-2025,Dec,32,WEST BENGAL,3207,JALPAIGURI,0,0,0,0,0,0,80,29988,0,0,236093,0,81889,351.7363,351.7363,0,0,300581,600245,0,404318,775975,29988,0,0,11,0,0,0,NA
2024-2025,Dec,32,WEST BENGAL,3201,NADIA,0,0,0,0,0,0,185,22419,0,0,121059,0,13075,712.97747,712.97747,0,0,260685,553857,0,764479,1486266,22419,0,0,52,5.02,0,0,NA
2024-2025,Dec,32,WEST BENGAL,3203,BIRBHUM,0,0,0,0,0,0,167,24978,0,0,336480,0,65420,668.02174,668.02174,0,0,444187,941010,0,677431,1357257,24978,0,0,9,0,0,0,NA
2024-2025,Dec,32,WEST BENGAL,3207,JALPAIGURI,0,0,0,0,0,0,80,29988,0,0,236093,0,81889,351.7363,351.7363,0,0,300581,600245,0,404317,775971,29988,0,0,11,0,0,0,NA
2024-2025,Dec,32,WEST BENGAL,3211,PURBA MEDINIPUR,0,0,0,0,0,31,223,76340,0,0,94249,0,3074,938.58968,938.58968,0,0,386183,871147,0,918234,1960244,76371,0,0,61,0,0,0,NA
2024-2025,Dec,32,WEST BENGAL,3212,MURSHIDABAD,0,0,0,0,0,0,250,88974,0,0,64990,0,7652,848.28711,848.28711,0,0,327900,595583,0,1232074,2083423,88974,0,0,82,0,0,0,NA
2024-2025,Dec,32,WEST BENGAL,3204,SILIGURI MAHAKUMA PARISAD,0,0,0,0,0,0,22,2282,0,0,43490,0,28995,89.66323,89.66323,0,0,50500,99826,0,116289,216207,2282,0,0,53,0,0,0,NA
2024-2025,Dec,32,WEST BENGAL,3215,24 PARGANAS (NORTH),0,0,0,0,0,0,199,33730,0,0,173404,0,29397,632.649,632.649,0,0,313170,581722,0,873397,1521130,33730,0,0,35,0,0,0,NA
2024-2025,Dec,32,WEST BENGAL,3216,24 PARGANAS SOUTH,0,0,0,0,0,0,310,166625,0,0,255771,0,9543,876.76469,876.76469,0,0,767868,1378722,0,1403391,2360850,166625,0,0,63,0,0,0,NA
2024-2025,Dec,32,WEST BENGAL,3217,DINAJPUR DAKSHIN,0,0,0,0,0,0,64,13349,0,0,71275,0,42797,233.48626,233.48626,0,0,130822,262902,0,277900,521654,13349,0,0,35,0,0,0,NA
2024-2025,Nov,32,WEST BENGAL,3204,SILIGURI MAHAKUMA PARISAD,0,0,0,0,0,0,22,2282,0,0,43516,0,29031,89.66323,89.66323,0,0,50505,99898,0,116316,216375,2282,0,0,53,0,0,0,NA
2024-2025,Nov,32,WEST BENGAL,3212,MURSHIDABAD,0,0,0,0,0,0,250,88974,0,0,64990,0,7652,749.08925,749.08925,0,0,327900,595583,0,1232073,2083419,88974,0,0,82,0,0,0,NA
2024-2025,Nov,32,WEST BENGAL,3225,PURBA BARDHAMAN,0,0,0,0,0,3,215,24891,0,0,504699,0,98180,0,0,0,0,669971,1377917,0,914302,1821285,24894,0,0,7,9.13,0,0,NA
2024-2025,Dec,32,WEST BENGAL,3216,24 PARGANAS SOUTH,0,0,0,0,0,0,310,166625,0,0,255772,0,9543,876.76469,876.76469,0,0,767868,1378723,0,1403391,2360847,166625,0,0,63,0,0,0,NA
2024-2025,July,32,WEST BENGAL,3203,BIRBHUM,0,0,0,0,0,0,167,26930,0,0,336448,0,65410,248.02285,248.02285,0,0,444189,940901,0,677403,1357063,26930,0,0,16,0,0,0,NA
2024-2025,July,32,WEST BENGAL,3210,PASCHIM MEDINIPUR,0,0,0,0,0,0,211,87860,0,0,276201,0,138531,333.56709,333.56709,0,0,589516,1253864,0,888482,1773944,87860,0,0,50,0,0,0,NA
2024-2025,July,32,WEST BENGAL,3213,BANKURA,0,0,0,0,0,0,190,29967,0,0,429047,0,122513,281.31667,281.31667,0,0,428798,1038555,0,686124,1538459,29967,0,0,56,0,0,0,NA
2024-2025,July,32,WEST BENGAL,3219,Darjeeling Gorkha Hill Council (DGHC),0,0,0,0,0,0,70,10272,0,0,14319,0,63312,0,0,0,0,116127,192313,0,127896,208799,10272,0,0,18,0,0,0,NA
2024-2025,July,32,WEST BENGAL,3220,ALIPURDUAR,0,0,0,0,0,0,64,64330,0,0,146404,0,115843,0,0,0,0,272547,546679,0,326718,638812,64330,0,0,58,0,0,0,NA
2024-2025,Aug,32,WEST BENGAL,3205,HOWRAH,0,0,0,0,0,0,157,18268,0,0,54674,0,800,166.85182,166.85182,0,0,161738,261383,0,405566,577707,18268,0,0,20,0,0,0,NA
2024-2025,Aug,32,WEST BENGAL,3205,HOWRAH,0,0,0,0,0,0,157,18268,0,0,54674,0,800,166.85182,166.85182,0,0,161738,261385,0,405615,577761,18268,0,0,20,0,0,0,NA
2024-2025,Sep,32,WEST BENGAL,3206,HOOGHLY,0,0,0,0,0,0,207,32921,0,0,518207,0,101729,512.87183,512.87183,0,0,669811,1271399,0,839720,1531140,32921,0,0,10,0,0,0,NA
2024-2025,Sep,32,WEST BENGAL,3213,BANKURA,0,0,0,0,0,0,190,29967,0,0,429028,0,122505,464.96009,464.96009,0,0,428791,1038503,0,686042,1538297,29967,0,0,56,0,0,0,NA
2024-2025,Sep,32,WEST BENGAL,3218,DINAJPUR UTTAR,0,0,0,0,0,0,98,84348,0,0,93586,0,9199,192.01485,192.01485,0,0,185988,367640,0,504661,934186,84348,0,0,85,0,0,0,NA
2024-2025,Aug,32,WEST BENGAL,3212,MURSHIDABAD,0,0,0,0,0,0,250,106885,0,0,64991,0,7653,425.4237,425.4237,0,0,327900,595572,0,1232029,2083309,106885,0,0,85,0,0,0,NA
2024-2025,Aug,32,WEST BENGAL,3215,24 PARGANAS (NORTH),0,0,0,0,0,0,199,85386,0,0,173397,0,29397,353.23019,353.23019,0,0,313170,581706,0,873386,1521053,85386,0,0,74,0,0,0,NA
2024-2025,Aug,32,WEST BENGAL,3218,DINAJPUR UTTAR,0,0,0,0,0,0,98,84348,0,0,93592,0,9199,154.90788,154.90788,0,0,186006,367714,0,504679,934261,84348,0,0,85,0,0,0,NA
2024-2025,Aug,32,WEST BENGAL,3206,HOOGHLY,0,0,0,0,0,0,207,32921,0,0,518204,0,101729,409.13556,409.13556,0,0,669811,1271372,0,839660,1531031,32921,0,0,10,0,0,0,NA
2024-2025,Aug,32,WEST BENGAL,3213,BANKURA,0,0,0,0,0,0,190,29967,0,0,429048,0,122513,373.13838,373.13838,0,0,428798,1038565,0,686126,1538483,29967,0,0,56,0,0,0,NA
2024-2025,Aug,32,WEST BENGAL,3202,PASCHIM BARDHAMAN,0,0,0,0,0,0,62,2608,0,0,78436,0,21982,130.28235,130.28235,0,0,69781,152667,0,140166,286661,2608,0,0,29,0,0,0,NA
2024-2025,Aug,32,WEST BENGAL,3204,SILIGURI MAHAKUMA PARISAD,0,0,0,0,0,0,22,2336,0,0,43511,0,29024,49.29895,49.29895,0,0,50505,99882,0,116299,216314,2336,0,0,54,0,0,0,NA
2024-2025,Aug,32,WEST BENGAL,3212,MURSHIDABAD,0,0,0,0,0,0,250,106885,0,0,64991,0,7653,425.4237,425.4237,0,0,327902,595573,0,1232042,2083325,106885,0,0,85,0,0,0,NA
2024-2025,Aug,32,WEST BENGAL,3216,24 PARGANAS SOUTH,0,0,0,0,0,0,310,191888,0,0,255824,0,9543,485.83181,485.83181,0,0,767937,1379439,0,1403545,2362039,191888,0,0,68,0,0,0,NA
2024-2025,Aug,32,WEST BENGAL,3203,BIRBHUM,0,0,0,0,0,0,167,26930,0,0,336452,0,65410,327.79805,327.79805,0,0,444189,940906,0,677414,1357084,26930,0,0,16,0,0,0,NA
2024-2025,Aug,32,WEST BENGAL,3205,HOWRAH,0,0,0,0,0,0,157,18268,0,0,54659,0,799,165.74495,165.74495,0,0,161738,261293,0,404901,576818,18268,0,0,20,0,0,0,NA
2024-2025,Aug,32,WEST BENGAL,3201,NADIA,0,0,0,0,0,0,185,23808,0,0,121051,0,13075,352.50267,352.50267,0,0,260685,553840,0,764468,1486205,23808,0,0,55,0,0,0,NA
2024-2025,Aug,32,WEST BENGAL,3207,JALPAIGURI,0,0,0,0,0,0,80,31776,0,0,236076,0,81885,169.95036,169.95036,0,0,300581,600212,0,404317,775918,31776,0,0,16,0,0,0,NA
2024-2025,Aug,32,WEST BENGAL,3208,COOCHBEHAR,0,0,0,0,0,0,128,73782,0,0,466229,0,5915,295.11291,295.11291,0,0,468295,909986,0,660712,1253883,73782,0,0,39,0,0,0,NA
2024-2025,July,32,WEST BENGAL,3206,HOOGHLY,0,0,0,0,0,0,207,32921,0,0,518155,0,101720,307.8739,307.8739,0,0,669811,1271215,0,839494,1530627,32921,0,0,10,0,0,0,NA
2024-2025,July,32,WEST BENGAL,3208,COOCHBEHAR,0,0,0,0,0,0,128,73782,0,0,466263,0,5918,223.8445,223.8445,0,0,468290,910046,0,660616,1253824,73782,0,0,39,0,0,0,NA
2024-2025,July,32,WEST BENGAL,3213,BANKURA,0,0,0,0,0,0,190,29967,0,0,429067,0,122518,281.31667,281.31667,0,0,428805,1038604,0,686189,1538581,29967,0,0,56,0,0,0,NA
2024-2025,July,32,WEST BENGAL,3214,PURULIA,0,0,0,0,0,0,170,24060,0,0,105727,0,124772,206.14113,206.14113,0,0,251062,584101,0,524969,1132827,24060,0,0,67,0,0,0,NA
2024-2025,July,32,WEST BENGAL,3218,DINAJPUR UTTAR,0,0,0,0,0,0,98,84348,0,0,95214,0,9388,117.80091,117.80091,0,0,187051,374786,0,509631,951934,84348,0,0,85,0,0,0,NA
2024-2025,July,32,WEST BENGAL,3222,JHARGRAM,0,0,0,0,0,0,79,23787,0,0,64090,0,91431,0,0,0,0,143162,309794,0,231017,470505,23787,0,0,44,0,0,0,NA
2024-2025,July,32,WEST BENGAL,3208,COOCHBEHAR,0,0,0,0,0,0,128,73782,0,0,466263,0,5918,225.8445,225.8445,0,0,468290,910049,0,660618,1253830,73782,0,0,39,0,0,0,NA
2024-2025,July,32,WEST BENGAL,3210,PASCHIM MEDINIPUR,0,0,0,0,0,0,211,87860,0,0,276199,0,138531,333.56709,333.56709,0,0,589516,1253851,0,888476,1773917,87860,0,0,50,0,0,0,NA
2024-2025,July,32,WEST BENGAL,3213,BANKURA,0,0,0,0,0,0,190,29967,0,0,429067,0,122518,281.31667,281.31667,0,0,428805,1038604,0,686189,1538585,29967,0,0,56,0,0,0,NA
2024-2025,April,32,WEST BENGAL,3201,NADIA,0,0,0,0,0,0,185,23808,0,0,121042,0,13075,11.34538,11.34538,0,0,260685,553790,0,764452,1486033,23808,0,0,55,0,0,0,NA
2024-2025,April,32,WEST BENGAL,3202,PASCHIM BARDHAMAN,0,0,0,0,0,0,62,2608,0,0,78434,0,21981,0.84,0.84,0,0,69781,152662,0,140106,286585,2608,0,0,29,0,0,0,NA
2024-2025,April,32,WEST BENGAL,3204,SILIGURI MAHAKUMA PARISAD,0,0,0,0,0,0,22,2336,0,0,43505,0,29024,0.12,0.12,0,0,50505,99875,0,116298,216293,2336,0,0,54,0,0,0,NA
2024-2025,April,32,WEST BENGAL,3206,HOOGHLY,0,0,0,0,0,0,207,32921,0,0,518147,0,101719,3.12,3.12,0,0,669811,1271187,0,839472,1530565,32921,0,0,10,0,0,0,NA
2024-2025,April,32,WEST BENGAL,3208,COOCHBEHAR,0,0,0,0,0,0,128,73782,0,0,466272,0,5918,8.01,8.01,0,0,468290,910043,0,660592,1253779,73782,0,0,39,0,0,0,NA
2024-2025,April,32,WEST BENGAL,3211,PURBA MEDINIPUR,0,0,0,0,0,0,223,80949,0,0,94238,0,3074,1.815,1.815,0,0,386183,871071,0,918126,1959817,80949,0,0,63,0,0,0,NA
2024-2025,April,32,WEST BENGAL,3212,MURSHIDABAD,0,0,0,0,0,0,250,106885,0,0,64995,0,7656,19.58,19.58,0,0,328032,595647,0,1232671,2083654,106885,0,0,85,0,0,0,NA
2024-2025,April,32,WEST BENGAL,3213,BANKURA,0,0,0,0,0,0,190,29966,0,0,429103,0,122536,4.5862,4.5862,0,0,428826,1038672,0,686327,1538828,29966,0,0,56,0,0,0,NA
2024-2025,April,32,WEST BENGAL,3214,PURULIA,0,0,0,0,0,0,170,24060,0,0,105725,0,124769,0.54,0.54,0,0,251062,584078,0,524954,1132736,24060,0,0,67,0,0,0,NA
2024-2025,April,32,WEST BENGAL,3217,DINAJPUR DAKSHIN,0,0,0,0,0,0,64,13890,0,0,71272,0,42797,2.28,2.28,0,0,130822,262897,0,277898,521641,13890,0,0,37,0,0,0,NA
2024-2025,April,32,WEST BENGAL,3218,DINAJPUR UTTAR,0,0,0,0,0,0,98,84348,0,0,95214,0,9388,6.48,6.48,0,0,187051,374783,0,509610,951877,84348,0,0,85,0,0,0,NA
2024-2025,April,32,WEST BENGAL,3222,JHARGRAM,0,0,0,0,0,0,79,23787,0,0,64089,0,91430,0,0,0,0,143162,309792,0,231017,470492,23787,0,0,44,0,0,0,NA
2024-2025,May,32,WEST BENGAL,3212,MURSHIDABAD,0,0,0,0,0,0,250,106885,0,0,64995,0,7656,119.3807,119.3807,0,0,328032,595647,0,1232671,2083657,106885,0,0,85,0,0,0,NA
2024-2025,Sep,32,WEST BENGAL,3205,HOWRAH,0,0,0,0,0,0,157,18268,0,0,54678,0,800,206.5233,206.5233,0,0,161738,261407,0,406103,578330,18268,0,0,20,0,0,0,NA
2024-2025,Sep,32,WEST BENGAL,3209,MALDAH,0,0,0,0,0,0,146,73561,0,0,116007,0,37378,295.9764,295.9764,0,0,334524,570376,0,722734,1170390,73561,0,0,72,0,0,0,NA
2024-2025,Sep,32,WEST BENGAL,3211,PURBA MEDINIPUR,0,0,0,0,0,7,223,80947,0,0,94248,0,3074,563.28182,563.28182,0,0,386183,871130,0,918147,1960048,80954,0,0,63,0,0,0,NA
2024-2025,Sep,32,WEST BENGAL,3218,DINAJPUR UTTAR,0,0,0,0,0,0,98,84348,0,0,93586,0,9199,192.01485,192.01485,0,0,185988,367640,0,504669,934205,84348,0,0,85,0,0,0,NA
2024-2025,Sep,32,WEST BENGAL,3221,KALIMPONG,0,0,0,0,0,0,42,4520,0,0,5477,0,28225,23.80116,23.80116,0,0,53594,86552,0,55740,89426,4520,0,0,23,0,0,0,NA
2024-2025,Sep,32,WEST BENGAL,3225,PURBA BARDHAMAN,0,0,0,0,0,1,215,30168,0,0,504722,0,98175,0,0,0,0,669977,1377955,0,914295,1821306,30169,0,0,23,0,0,0,NA
2024-2025,Sep,32,WEST BENGAL,3216,24 PARGANAS SOUTH,0,0,0,0,0,0,310,191888,0,0,255824,0,9543,604.33213,604.33213,0,0,767936,1379449,0,1403572,2362105,191888,0,0,68,0,0,0,NA
2024-2025,July,32,WEST BENGAL,3202,PASCHIM BARDHAMAN,0,0,0,0,0,0,62,2608,0,0,78434,0,21981,98.14128,98.14128,0,0,69781,152663,0,140120,286603,2608,0,0,29,0,0,0,NA
2024-2025,July,32,WEST BENGAL,3206,HOOGHLY,0,0,0,0,0,0,207,32921,0,0,518182,0,101729,307.8739,307.8739,0,0,669811,1271312,0,839553,1530835,32921,0,0,10,0,0,0,NA
2024-2025,July,32,WEST BENGAL,3213,BANKURA,0,0,0,0,0,0,190,29967,0,0,429052,0,122508,281.31667,281.31667,0,0,428799,1038544,0,686127,1538433,29967,0,0,56,0,0,0,NA
2024-2025,July,32,WEST BENGAL,3222,JHARGRAM,0,0,0,0,0,0,79,23787,0,0,64090,0,91431,0,0,0,0,143162,309795,0,231017,470510,23787,0,0,44,0,0,0,NA
2024-2025,July,32,WEST BENGAL,3225,PURBA BARDHAMAN,0,0,0,0,0,1,215,30168,0,0,504721,0,98176,0,0,0,0,669981,1377928,0,914290,1821249,30169,0,0,23,0,0,0,NA
2024-2025,July,32,WEST BENGAL,3212,MURSHIDABAD,0,0,0,0,0,0,250,106885,0,0,64997,0,7656,319.99371,319.99371,0,0,328027,595706,0,1232607,2083889,106885,0,0,85,0,0,0,NA
2024-2025,July,32,WEST BENGAL,3218,DINAJPUR UTTAR,0,0,0,0,0,0,98,84348,0,0,95219,0,9388,117.80091,117.80091,0,0,187051,374792,0,509751,952072,84348,0,0,85,0,0,0,NA
2024-2025,July,32,WEST BENGAL,3201,NADIA,0,0,0,0,0,0,185,23808,0,0,121045,0,13075,268.44379,268.44379,0,0,260685,553812,0,764455,1486088,23808,0,0,55,0,0,0,NA
2024-2025,July,32,WEST BENGAL,3207,JALPAIGURI,0,0,0,0,0,0,80,31776,0,0,236069,0,81878,128.11554,128.11554,0,0,300581,600193,0,404316,775879,31776,0,0,16,0,0,0,NA
2024-2025,July,32,WEST BENGAL,3212,MURSHIDABAD,0,0,0,0,0,0,250,106885,0,0,64997,0,7656,319.99371,319.99371,0,0,328027,595704,0,1232604,2083875,106885,0,0,85,0,0,0,NA
2024-2025,July,32,WEST BENGAL,3218,DINAJPUR UTTAR,0,0,0,0,0,0,98,84348,0,0,95219,0,9388,117.80091,117.80091,0,0,187051,374792,0,509731,952051,84348,0,0,85,0,0,0,NA
2024-2025,Aug,32,WEST BENGAL,3214,PURULIA,0,0,0,0,0,0,170,24060,0,0,105729,0,124772,274.41808,274.41808,0,0,251062,584119,0,525050,1133033,24060,0,0,67,0,0,0,NA
2024-2025,Aug,32,WEST BENGAL,3204,SILIGURI MAHAKUMA PARISAD,0,0,0,0,0,0,22,2336,0,0,43510,0,29024,49.29895,49.29895,0,0,50505,99881,0,116299,216310,2336,0,0,54,0,0,0,NA
2024-2025,Aug,32,WEST BENGAL,3212,MURSHIDABAD,0,0,0,0,0,0,250,106885,0,0,64995,0,7656,425.4237,425.4237,0,0,327922,595620,0,1232351,2083761,106885,0,0,85,0,0,0,NA
2024-2025,May,32,WEST BENGAL,3211,PURBA MEDINIPUR,0,0,0,0,0,0,223,80949,0,0,94238,0,3074,114.0048,114.0048,0,0,386183,871071,0,918126,1959817,80949,0,0,63,0,0,0,NA
2024-2025,May,32,WEST BENGAL,3207,JALPAIGURI,0,0,0,0,0,0,80,31776,0,0,236058,0,81868,43.02465,43.02465,0,0,300581,600166,0,404316,775826,31776,0,0,16,0,0,0,NA
2024-2025,May,32,WEST BENGAL,3201,NADIA,0,0,0,0,0,0,185,23808,0,0,121042,0,13075,96.40099,96.40099,0,0,260685,553790,0,764454,1486035,23808,0,0,55,0,0,0,NA
2024-2025,May,32,WEST BENGAL,3212,MURSHIDABAD,0,0,0,0,0,0,250,106885,0,0,64995,0,7656,119.3807,119.3807,0,0,328032,595647,0,1232672,2083658,106885,0,0,85,0,0,0,NA
2024-2025,Sep,32,WEST BENGAL,3204,SILIGURI MAHAKUMA PARISAD,0,0,0,0,0,0,22,2336,0,0,43515,0,29028,61.88369,61.88369,0,0,50505,99894,0,116310,216359,2336,0,0,54,0,0,0,NA
2024-2025,Sep,32,WEST BENGAL,3207,JALPAIGURI,0,0,0,0,0,0,80,31776,0,0,236076,0,81887,213.06389,213.06389,0,0,300581,600221,0,404317,775933,31776,0,0,16,0,0,0,NA
2024-2025,Sep,32,WEST BENGAL,3212,MURSHIDABAD,0,0,0,0,0,0,250,106885,0,0,64990,0,7652,526.5289,526.5289,0,0,327900,595576,0,1232020,2083306,106885,0,0,85,0,0,0,NA
2024-2025,Sep,32,WEST BENGAL,3219,Darjeeling Gorkha Hill Council (DGHC),0,0,0,0,0,0,70,10272,0,0,14319,0,63310,0,0,0,0,116126,192312,0,127895,208798,10272,0,0,18,0,0,0,NA
2024-2025,July,32,WEST BENGAL,3208,COOCHBEHAR,0,0,0,0,0,0,128,73782,0,0,466272,0,5920,225.8445,225.8445,0,0,468295,910067,0,660661,1253927,73782,0,0,39,0,0,0,NA
2024-2025,July,32,WEST BENGAL,3215,24 PARGANAS (NORTH),0,0,0,0,0,0,199,85386,0,0,173393,0,29397,267.61744,267.61744,0,0,313170,581694,0,873379,1520994,85386,0,0,74,0,0,0,NA
2024-2025,July,32,WEST BENGAL,3222,JHARGRAM,0,0,0,0,0,0,79,23787,0,0,64091,0,91431,0,0,0,0,143162,309800,0,231017,470516,23787,0,0,44,0,0,0,NA
2024-2025,Aug,32,WEST BENGAL,3203,BIRBHUM,0,0,0,0,0,0,167,26930,0,0,336446,0,65413,407.57325,407.57325,0,0,444187,940912,0,677330,1357023,26930,0,0,16,0,0,0,NA
2024-2025,Aug,32,WEST BENGAL,3220,ALIPURDUAR,0,0,0,0,0,0,64,64330,0,0,146406,0,115848,0,0,0,0,272547,546686,0,326721,638823,64330,0,0,58,41.11,0,0,NA
2024-2025,Aug,32,WEST BENGAL,3225,PURBA BARDHAMAN,0,0,0,0,0,1,215,30168,0,0,504722,0,98175,0,0,0,0,669977,1377949,0,914292,1821295,30169,0,0,23,0,0,0,NA
2024-2025,Aug,32,WEST BENGAL,3203,BIRBHUM,0,0,0,0,0,0,167,26930,0,0,336446,0,65413,327.79805,327.79805,0,0,444187,940912,0,677330,1357023,26930,0,0,16,0,0,0,NA
2024-2025,Aug,32,WEST BENGAL,3210,PASCHIM MEDINIPUR,0,0,0,0,0,0,211,87860,0,0,276183,0,138492,444.03165,444.03165,0,0,589515,1253779,0,888478,1773832,87860,0,0,50,0,0,0,NA
2024-2025,Aug,32,WEST BENGAL,3214,PURULIA,0,0,0,0,0,0,170,24060,0,0,105730,0,124775,274.41808,274.41808,0,0,251062,584127,0,525064,1133082,24060,0,0,67,0,0,0,NA
2024-2025,Aug,32,WEST BENGAL,3205,HOWRAH,0,0,0,0,0,0,157,18268,0,0,54677,0,800,166.85182,166.85182,0,0,161738,261397,0,405770,577953,18268,0,0,20,0,0,0,NA
2024-2025,Aug,32,WEST BENGAL,3209,MALDAH,0,0,0,0,0,0,146,73561,0,0,116007,0,37378,241.83716,241.83716,0,0,334524,570375,0,722709,1170361,73561,0,0,72,0,0,0,NA
2024-2025,Aug,32,WEST BENGAL,3218,DINAJPUR UTTAR,0,0,0,0,0,0,98,84348,0,0,93585,0,9199,154.90788,154.90788,0,0,185988,367638,0,504655,934155,84348,0,0,85,0,0,0,NA
2024-2025,Sep,32,WEST BENGAL,3213,BANKURA,0,0,0,0,0,0,190,29967,0,0,429018,0,122500,465.46884,465.46884,0,0,428788,1038483,0,686010,1538198,29967,0,0,56,0,0,0,NA
2024-2025,Sep,32,WEST BENGAL,3222,JHARGRAM,0,0,0,0,0,0,79,23787,0,0,64093,0,91431,0,0,0,0,143161,309806,0,231017,470530,23787,0,0,44,0,0,0,NA
2024-2025,April,32,WEST BENGAL,3222,JHARGRAM,0,0,0,0,0,0,79,23787,0,0,64087,0,91430,0,0,0,0,143162,309790,0,231017,470490,23787,0,0,44,0,0,0,NA
2024-2025,April,32,WEST BENGAL,3225,PURBA BARDHAMAN,0,0,0,0,0,0,215,30168,0,0,504716,0,98174,0,0,0,0,669981,1377879,0,914285,1821161,30168,0,0,23,0,0,0,NA
2024-2025,April,32,WEST BENGAL,3214,PURULIA,0,0,0,0,0,0,170,24060,0,0,105725,0,124769,0.54,0.54,0,0,251062,584077,0,524954,1132730,24060,0,0,67,0,0,0,NA
2024-2025,April,32,WEST BENGAL,3220,ALIPURDUAR,0,0,0,0,0,0,64,64330,0,0,146403,0,115839,0,0,0,0,272547,546672,0,326712,638793,64330,0,0,58,0,0,0,NA
2024-2025,Sep,32,WEST BENGAL,3225,PURBA BARDHAMAN,0,0,0,0,0,1,215,30168,0,0,504722,0,98175,0,0,0,0,669977,1377952,0,914293,1821300,30169,0,0,23,0,0,0,NA
2024-2025,July,32,WEST BENGAL,3205,HOWRAH,0,0,0,0,0,0,157,18268,0,0,54659,0,799,125.87163,125.87163,0,0,161738,261293,0,404899,576816,18268,0,0,20,0,0,0,NA
2024-2025,July,32,WEST BENGAL,3206,HOOGHLY,0,0,0,0,0,0,207,32921,0,0,518194,0,101729,307.8739,307.8739,0,0,669811,1271348,0,839610,1530943,32921,0,0,10,0,0,0,NA
2024-2025,July,32,WEST BENGAL,3211,PURBA MEDINIPUR,0,0,0,0,0,7,223,80947,0,0,94244,0,3074,338.3844,338.3844,0,0,386183,871105,0,918137,1959973,80954,0,0,63,0,0,0,NA
2024-2025,July,32,WEST BENGAL,3218,DINAJPUR UTTAR,0,0,0,0,0,0,98,84348,0,0,95231,0,9390,117.80091,117.80091,0,0,187051,374810,0,509966,952334,84348,0,0,85,0,0,0,NA
2024-2025,July,32,WEST BENGAL,3201,NADIA,0,0,0,0,0,0,185,23808,0,0,121048,0,13075,268.44379,268.44379,0,0,260685,553832,0,764464,1486167,23808,0,0,55,0,0,0,NA
2024-2025,July,32,WEST BENGAL,3203,BIRBHUM,0,0,0,0,0,0,167,26930,0,0,336447,0,65410,248.02285,248.02285,0,0,444189,940896,0,677391,1357045,26930,0,0,16,0,0,0,NA
2024-2025,July,32,WEST BENGAL,3204,SILIGURI MAHAKUMA PARISAD,0,0,0,0,0,0,22,2336,0,0,43510,0,29024,37.00421,37.00421,0,0,50505,99881,0,116298,216304,2336,0,0,54,0,0,0,NA
2024-2025,July,32,WEST BENGAL,3212,MURSHIDABAD,0,0,0,0,0,0,250,106885,0,0,64998,0,7656,325.68375,325.68375,0,0,327943,595647,0,1232388,2083784,106885,0,0,85,0,0,0,NA
2024-2025,July,32,WEST BENGAL,3201,NADIA,0,0,0,0,0,0,185,23808,0,0,121048,0,13075,268.44379,268.44379,0,0,260685,553829,0,764463,1486152,23808,0,0,55,0,0,0,NA
2024-2025,July,32,WEST BENGAL,3203,BIRBHUM,0,0,0,0,0,0,167,26930,0,0,336446,0,65410,248.02285,248.02285,0,0,444189,940894,0,677364,1357007,26930,0,0,16,0,0,0,NA
2024-2025,July,32,WEST BENGAL,3211,PURBA MEDINIPUR,0,0,0,0,0,7,223,80947,0,0,94243,0,3074,338.3844,338.3844,0,0,386183,871099,0,918135,1959949,80954,0,0,63,0,0,0,NA
2024-2025,May,32,WEST BENGAL,3212,MURSHIDABAD,0,0,0,0,0,0,250,106885,0,0,64995,0,7656,119.3807,119.3807,0,0,328032,595647,0,1232671,2083654,106885,0,0,85,0,0,0,NA
2024-2025,July,32,WEST BENGAL,3202,PASCHIM BARDHAMAN,0,0,0,0,0,0,62,2608,0,0,78434,0,21981,98.14128,98.14128,0,0,69781,152664,0,140135,286619,2608,0,0,29,0,0,0,NA
2024-2025,July,32,WEST BENGAL,3203,BIRBHUM,0,0,0,0,0,0,167,26930,0,0,336437,0,65410,248.02285,248.02285,0,0,444189,940885,0,677342,1356970,26930,0,0,16,0,0,0,NA
2024-2025,July,32,WEST BENGAL,3208,COOCHBEHAR,0,0,0,0,0,0,128,73782,0,0,466272,0,5920,225.8445,225.8445,0,0,468295,910066,0,660648,1253897,73782,0,0,39,0,0,0,NA
2024-2025,July,32,WEST BENGAL,3211,PURBA MEDINIPUR,0,0,0,0,0,7,223,80947,0,0,94243,0,3074,338.3844,338.3844,0,0,386183,871098,0,918134,1959941,80954,0,0,63,0,0,0,NA
2024-2025,July,32,WEST BENGAL,3218,DINAJPUR UTTAR,0,0,0,0,0,0,98,84348,0,0,95219,0,9388,117.80091,117.80091,0,0,187051,374792,0,509899,952221,84348,0,0,85,0,0,0,NA
2024-2025,July,32,WEST BENGAL,3202,PASCHIM BARDHAMAN,0,0,0,0,0,0,62,2608,0,0,78434,0,21981,98.14128,98.14128,0,0,69781,152664,0,140145,286629,2608,0,0,29,0,0,0,NA
2024-2025,July,32,WEST BENGAL,3203,BIRBHUM,0,0,0,0,0,0,167,26930,0,0,336446,0,65410,248.02285,248.02285,0,0,444189,940894,0,677343,1356983,26930,0,0,16,0,0,0,NA
2024-2025,July,32,WEST BENGAL,3205,HOWRAH,0,0,0,0,0,0,157,18268,0,0,54658,0,799,124.51422,124.51422,0,0,161738,261291,0,404884,576791,18268,0,0,20,0,0,0,NA
2024-2025,July,32,WEST BENGAL,3215,24 PARGANAS (NORTH),0,0,0,0,0,0,199,85386,0,0,173393,0,29397,267.61744,267.61744,0,0,313170,581694,0,873379,1520985,85386,0,0,74,0,0,0,NA
2024-2025,July,32,WEST BENGAL,3218,DINAJPUR UTTAR,0,0,0,0,0,0,98,84348,0,0,95219,0,9388,117.80091,117.80091,0,0,187051,374792,0,509957,952279,84348,0,0,85,0,0,0,NA
2024-2025,July,32,WEST BENGAL,3225,PURBA BARDHAMAN,0,0,0,0,0,1,215,30168,0,0,504721,0,98176,0,0,0,0,669981,1377940,0,914292,1821266,30169,0,0,23,0,0,0,NA
2024-2025,July,32,WEST BENGAL,3208,COOCHBEHAR,0,0,0,0,0,0,128,73782,0,0,466271,0,5920,225.8445,225.8445,0,0,468295,910064,0,660645,1253885,73782,0,0,39,0,0,0,NA
2024-2025,July,32,WEST BENGAL,3214,PURULIA,0,0,0,0,0,0,170,24060,0,0,105728,0,124772,206.14113,206.14113,0,0,251062,584102,0,524984,1132870,24060,0,0,67,0,0,0,NA
2024-2025,July,32,WEST BENGAL,3216,24 PARGANAS SOUTH,0,0,0,0,0,0,310,191888,0,0,255824,0,9543,367.1743,367.1743,0,0,767944,1379436,0,1403522,2361973,191888,0,0,68,0,0,0,NA
2024-2025,July,32,WEST BENGAL,3225,PURBA BARDHAMAN,0,0,0,0,0,1,215,30168,0,0,504721,0,98176,0,0,0,0,669981,1377928,0,914290,1821248,30169,0,0,23,0,0,0,NA
2024-2025,July,32,WEST BENGAL,3202,PASCHIM BARDHAMAN,0,0,0,0,0,0,62,2608,0,0,78434,0,21981,98.14128,98.14128,0,0,69781,152662,0,140106,286587,2608,0,0,29,0,0,0,NA
2024-2025,July,32,WEST BENGAL,3208,COOCHBEHAR,0,0,0,0,0,0,128,73782,0,0,466266,0,5918,225.8445,225.8445,0,0,468295,910056,0,660644,1253872,73782,0,0,39,0,0,0,NA
2024-2025,July,32,WEST BENGAL,3212,MURSHIDABAD,0,0,0,0,0,0,250,106885,0,0,64998,0,7656,322.96418,322.96418,0,0,328027,595718,0,1232609,2083921,106885,0,0,85,0,0,0,NA
2024-2025,July,32,WEST BENGAL,3213,BANKURA,0,0,0,0,0,0,190,29967,0,0,429058,0,122517,281.31667,281.31667,0,0,428805,1038593,0,686165,1538541,29967,0,0,56,0,0,0,NA
2024-2025,July,32,WEST BENGAL,3225,PURBA BARDHAMAN,0,0,0,0,0,1,215,30168,0,0,504721,0,98176,0,0,0,0,669981,1377927,0,914290,1821247,30169,0,0,23,0,0,0,NA
2024-2025,Nov,32,WEST BENGAL,3206,HOOGHLY,0,0,0,0,0,0,207,32921,0,0,518214,0,101732,746.47731,746.47731,0,0,669811,1271425,0,839734,1531193,32921,0,0,10,0,0,0,NA
2024-2025,Nov,32,WEST BENGAL,3211,PURBA MEDINIPUR,0,0,0,0,0,10,223,76357,0,0,94249,0,3074,826.55706,826.55706,0,0,386183,871146,0,918233,1960236,76367,0,0,61,0,0,0,NA
2024-2025,Nov,32,WEST BENGAL,3212,MURSHIDABAD,0,0,0,0,0,0,250,88974,0,0,64990,0,7652,749.08925,749.08925,0,0,327900,595582,0,1232070,2083411,88974,0,0,82,0,0,0,NA
2024-2025,Nov,32,WEST BENGAL,3214,PURULIA,0,0,0,0,0,1,170,21223,0,0,105732,0,124780,512.85609,512.85609,0,0,251062,584158,0,525107,1133243,21224,0,0,63,0,0,0,NA
2024-2025,Nov,32,WEST BENGAL,3207,JALPAIGURI,0,0,0,0,0,0,80,29988,0,0,236085,0,81888,310.4042,310.4042,0,0,300581,600232,0,404317,775950,29988,0,0,11,0,0,0,NA
2024-2025,Nov,32,WEST BENGAL,3225,PURBA BARDHAMAN,0,0,0,0,0,2,215,24892,0,0,504699,0,98178,0,0,0,0,669971,1377911,0,914302,1821276,24894,0,0,7,9.13,0,0,NA
2024-2025,Oct,32,WEST BENGAL,3208,COOCHBEHAR,0,0,0,0,0,0,128,73782,0,0,466240,0,5915,454.76973,454.76973,0,0,468295,910021,0,660848,1254178,73782,0,0,39,0,0,0,NA
2024-2025,Oct,32,WEST BENGAL,3222,JHARGRAM,0,0,0,0,0,0,79,23787,0,0,64094,0,91421,0,0,0,0,143160,309796,0,231014,470503,23787,0,0,44,0,0,0,NA
2024-2025,Oct,32,WEST BENGAL,3203,BIRBHUM,0,0,0,0,0,0,167,26930,0,0,336458,0,65414,509.18741,509.18741,0,0,444187,940939,0,677360,1357087,26930,0,0,16,0,0,0,NA
2024-2025,Oct,32,WEST BENGAL,3214,PURULIA,0,0,0,0,0,1,170,24059,0,0,105731,0,124778,444.439,444.439,0,0,251062,584145,0,525086,1133174,24060,0,0,67,0,0,0,NA
2024-2025,Oct,32,WEST BENGAL,3222,JHARGRAM,0,0,0,0,0,0,79,23787,0,0,64094,0,91412,0,0,0,0,143160,309784,0,231014,470483,23787,0,0,44,0,0,0,NA
2024-2025,Oct,32,WEST BENGAL,3203,BIRBHUM,0,0,0,0,0,0,167,26930,0,0,336457,0,65414,509.18741,509.18741,0,0,444187,940937,0,677360,1357085,26930,0,0,16,0,0,0,NA
2024-2025,Oct,32,WEST BENGAL,3213,BANKURA,0,0,0,0,0,0,190,29967,0,0,429012,0,122500,588.34055,588.34055,0,0,428788,1038482,0,686009,1538190,29967,0,0,56,100,0,0,NA
2024-2025,Sep,32,WEST BENGAL,3201,NADIA,0,0,0,0,0,0,185,23808,0,0,121053,0,13075,436.28773,436.28773,0,0,260685,553846,0,764476,1486238,23808,0,0,55,0,0,0,NA
2024-2025,Sep,32,WEST BENGAL,3218,DINAJPUR UTTAR,0,0,0,0,0,0,98,84348,0,0,93584,0,9199,192.01485,192.01485,0,0,185984,367631,0,504648,934178,84348,0,0,85,0,0,0,NA
2024-2025,Nov,32,WEST BENGAL,3201,NADIA,0,0,0,0,0,0,185,23808,0,0,121054,0,13075,629.74317,629.74317,0,0,260685,553848,0,764478,1486248,23808,0,0,55,0,0,0,NA
2024-2025,Nov,32,WEST BENGAL,3211,PURBA MEDINIPUR,0,0,0,0,0,7,223,80947,0,0,94249,0,3074,826.55706,826.55706,0,0,386183,871145,0,918204,1960178,80954,0,0,63,0,0,0,NA
2024-2025,Nov,32,WEST BENGAL,3201,NADIA,0,0,0,0,0,0,185,22419,0,0,121058,0,13075,629.74317,629.74317,0,0,260685,553856,0,764479,1486265,22419,0,0,52,5.02,0,0,NA
2024-2025,Nov,32,WEST BENGAL,3204,SILIGURI MAHAKUMA PARISAD,0,0,0,0,0,0,22,2282,0,0,43493,0,28996,89.66323,89.66323,0,0,50500,99833,0,116290,216216,2282,0,0,53,0,0,0,NA
2024-2025,Nov,32,WEST BENGAL,3209,MALDAH,0,0,0,0,0,0,146,39691,0,0,116008,0,37379,432.78016,432.78016,0,0,334524,570380,0,722757,1170436,39691,0,0,48,0,0,0,NA
2024-2025,Nov,32,WEST BENGAL,3214,PURULIA,0,0,0,0,0,1,170,21223,0,0,105732,0,124780,512.85609,512.85609,0,0,251062,584160,0,525107,1133245,21224,0,0,63,0,0,0,NA
2024-2025,Nov,32,WEST BENGAL,3218,DINAJPUR UTTAR,0,0,0,0,0,0,98,78462,0,0,93584,0,9199,273.26787,273.26787,0,0,185983,367632,0,504672,934247,78462,0,0,84,0,0,0,NA
2024-2025,Dec,32,WEST BENGAL,3214,PURULIA,0,0,0,0,0,1,170,21223,0,0,105732,0,124780,580.8695,580.8695,0,0,251062,584160,0,525107,1133249,21224,0,0,63,0,0,0,NA
2024-2025,Dec,32,WEST BENGAL,3218,DINAJPUR UTTAR,0,0,0,0,0,0,98,78462,0,0,93584,0,9199,310.47549,310.47549,0,0,185983,367633,0,504673,934250,78462,0,0,84,0,0,0,NA
2024-2025,Oct,32,WEST BENGAL,3205,HOWRAH,0,0,0,0,0,0,157,18268,0,0,54679,0,800,260.14093,260.14093,0,0,161738,261415,0,406315,578571,18268,0,0,20,0,0,0,NA
2024-2025,Oct,32,WEST BENGAL,3213,BANKURA,0,0,0,0,0,0,190,29967,0,0,429012,0,122500,588.34055,588.34055,0,0,428788,1038482,0,686009,1538191,29967,0,0,56,100,0,0,NA
2024-2025,Oct,32,WEST BENGAL,3216,24 PARGANAS SOUTH,0,0,0,0,0,0,310,191888,0,0,255812,0,9543,758.00626,758.00626,0,0,767918,1379370,0,1403505,2361916,191888,0,0,68,0,0,0,NA
2024-2025,Oct,32,WEST BENGAL,3225,PURBA BARDHAMAN,0,0,0,0,0,2,215,30167,0,0,504694,0,98175,0,0,0,0,669971,1377885,0,914297,1821234,30169,0,0,23,9.13,0,0,NA
2024-2025,Oct,32,WEST BENGAL,3218,DINAJPUR UTTAR,0,0,0,0,0,0,98,84348,0,0,93583,0,9199,236.26182,236.26182,0,0,185983,367627,0,504663,934208,84348,0,0,85,0,0,0,NA
2024-2025,Nov,32,WEST BENGAL,3206,HOOGHLY,0,0,0,0,0,0,207,32921,0,0,518214,0,101732,746.47731,746.47731,0,0,669811,1271425,0,839736,1531199,32921,0,0,10,0,0,0,NA
2024-2025,Nov,32,WEST BENGAL,3207,JALPAIGURI,0,0,0,0,0,0,80,31776,0,0,236080,0,81888,310.4042,310.4042,0,0,300581,600227,0,404317,775945,31776,0,0,16,0,0,0,NA
2024-2025,Nov,32,WEST BENGAL,3213,BANKURA,0,0,0,0,0,0,190,29967,0,0,429012,0,122500,679.99609,679.99609,0,0,428788,1038484,0,686009,1538193,29967,0,0,56,100,0,0,NA
2024-2025,Nov,32,WEST BENGAL,3214,PURULIA,0,0,0,0,0,1,170,24059,0,0,105732,0,124780,512.85609,512.85609,0,0,251062,584157,0,525102,1133230,24060,0,0,67,0,0,0,NA
2024-2025,Nov,32,WEST BENGAL,3216,24 PARGANAS SOUTH,0,0,0,0,0,0,310,191888,0,0,255789,0,9543,876.76469,876.76469,0,0,767878,1378923,0,1403407,2361181,191888,0,0,68,0,0,0,NA
2024-2025,Nov,32,WEST BENGAL,3211,PURBA MEDINIPUR,0,0,0,0,0,7,223,80947,0,0,94249,0,3074,826.55706,826.55706,0,0,386183,871145,0,918207,1960181,80954,0,0,63,0,0,0,NA
2024-2025,Nov,32,WEST BENGAL,3225,PURBA BARDHAMAN,0,0,0,0,0,2,215,30167,0,0,504697,0,98177,0,0,0,0,669971,1377898,0,914300,1821256,30169,0,0,23,9.13,0,0,NA
2024-2025,Nov,32,WEST BENGAL,3202,PASCHIM BARDHAMAN,0,0,0,0,0,0,62,2608,0,0,78437,0,21985,236.66556,236.66556,0,0,69781,152671,0,140168,286670,2608,0,0,29,0,0,0,NA
2024-2025,Nov,32,WEST BENGAL,3203,BIRBHUM,0,0,0,0,0,0,167,26930,0,0,336476,0,65414,588.67441,588.67441,0,0,444187,940985,0,677399,1357190,26930,0,0,16,0,0,0,NA
2024-2025,Nov,32,WEST BENGAL,3205,HOWRAH,0,0,0,0,0,0,157,18268,0,0,54679,0,800,300.89201,300.89201,0,0,161738,261415,0,406337,578600,18268,0,0,20,0,0,0,NA
2024-2025,Nov,32,WEST BENGAL,3207,JALPAIGURI,0,0,0,0,0,0,80,31776,0,0,236083,0,81888,310.4042,310.4042,0,0,300581,600230,0,404317,775948,31776,0,0,16,0,0,0,NA
2024-2025,Nov,32,WEST BENGAL,3214,PURULIA,0,0,0,0,0,1,170,24059,0,0,105732,0,124780,512.85609,512.85609,0,0,251062,584157,0,525103,1133232,24060,0,0,67,0,0,0,NA
2024-2025,Nov,32,WEST BENGAL,3217,DINAJPUR DAKSHIN,0,0,0,0,0,0,64,13890,0,0,71275,0,42797,233.48626,233.48626,0,0,130822,262902,0,277900,521654,13890,0,0,37,0,0,0,NA
2024-2025,Nov,32,WEST BENGAL,3218,DINAJPUR UTTAR,0,0,0,0,0,0,98,84348,0,0,93584,0,9199,273.26787,273.26787,0,0,185983,367632,0,504672,934245,84348,0,0,85,0,0,0,NA
2024-2025,Nov,32,WEST BENGAL,3225,PURBA BARDHAMAN,0,0,0,0,0,2,215,30167,0,0,504695,0,98177,0,0,0,0,669971,1377896,0,914300,1821252,30169,0,0,23,9.13,0,0,NA
2024-2025,Oct,32,WEST BENGAL,3211,PURBA MEDINIPUR,0,0,0,0,0,7,223,80947,0,0,94249,0,3074,714.07444,714.07444,0,0,386183,871141,0,918193,1960141,80954,0,0,63,0,0,0,NA
2024-2025,Oct,32,WEST BENGAL,3225,PURBA BARDHAMAN,0,0,0,0,0,2,215,30167,0,0,504692,0,98175,0,0,0,0,669971,1377883,0,914297,1821231,30169,0,0,23,9.13,0,0,NA
2024-2025,Oct,32,WEST BENGAL,3204,SILIGURI MAHAKUMA PARISAD,0,0,0,0,0,0,22,2336,0,0,43516,0,29030,77.57346,77.57346,0,0,50505,99897,0,116315,216371,2336,0,0,54,0,0,0,NA
2024-2025,Sep,32,WEST BENGAL,3208,COOCHBEHAR,0,0,0,0,0,0,128,73782,0,0,466233,0,5915,364.38132,364.38132,0,0,468295,910003,0,660818,1254098,73782,0,0,39,0,0,0,NA
2024-2025,Sep,32,WEST BENGAL,3216,24 PARGANAS SOUTH,0,0,0,0,0,0,310,191888,0,0,255813,0,9543,604.33213,604.33213,0,0,767925,1379375,0,1403555,2362001,191888,0,0,68,0,0,0,NA
2024-2025,Sep,32,WEST BENGAL,3205,HOWRAH,0,0,0,0,0,0,157,18268,0,0,54678,0,800,206.5233,206.5233,0,0,161738,261411,0,406229,578467,18268,0,0,20,0,0,0,NA
2024-2025,Sep,32,WEST BENGAL,3208,COOCHBEHAR,0,0,0,0,0,0,128,73782,0,0,466234,0,5915,364.38132,364.38132,0,0,468295,910007,0,660802,1254070,73782,0,0,39,0,0,0,NA
2024-2025,Sep,32,WEST BENGAL,3218,DINAJPUR UTTAR,0,0,0,0,0,0,98,84348,0,0,93586,0,9199,192.01485,192.01485,0,0,185988,367640,0,504670,934210,84348,0,0,85,0,0,0,NA
2024-2025,Sep,32,WEST BENGAL,3203,BIRBHUM,0,0,0,0,0,0,167,26930,0,0,336450,0,65414,407.57325,407.57325,0,0,444187,940927,0,677353,1357066,26930,0,0,16,0,0,0,NA
2024-2025,Sep,32,WEST BENGAL,3205,HOWRAH,0,0,0,0,0,0,157,18268,0,0,54678,0,800,206.72514,206.72514,0,0,161738,261413,0,406288,578536,18268,0,0,20,0,0,0,NA
2024-2025,Sep,32,WEST BENGAL,3211,PURBA MEDINIPUR,0,0,0,0,0,7,223,80947,0,0,94249,0,3074,563.28182,563.28182,0,0,386183,871139,0,918189,1960129,80954,0,0,63,0,0,0,NA
2024-2025,Sep,32,WEST BENGAL,3215,24 PARGANAS (NORTH),0,0,0,0,0,0,199,85386,0,0,173403,0,29397,438.98131,438.98131,0,0,313170,581720,0,873396,1521115,85386,0,0,74,0,0,0,NA
2024-2025,Nov,32,WEST BENGAL,3214,PURULIA,0,0,0,0,0,1,170,24059,0,0,105732,0,124780,512.85609,512.85609,0,0,251062,584154,0,525098,1133218,24060,0,0,67,0,0,0,NA
2024-2025,Nov,32,WEST BENGAL,3218,DINAJPUR UTTAR,0,0,0,0,0,0,98,84348,0,0,93584,0,9199,273.26787,273.26787,0,0,185983,367629,0,504666,934224,84348,0,0,85,0,0,0,NA
2024-2025,Feb,32,WEST BENGAL,3208,COOCHBEHAR,0,0,0,0,0,0,128,73729,0,0,466253,0,5915,730.77149,730.77149,0,0,468290,910048,0,660898,1254324,73729,0,0,39,0,0,0,NA
2024-2025,Feb,32,WEST BENGAL,3210,PASCHIM MEDINIPUR,0,0,0,0,0,0,211,71625,0,0,276101,0,138450,1140.80964,1140.80964,0,0,589503,1253553,0,888409,1773402,71625,0,0,39,26.91,13.55,0,NA
2024-2025,Feb,32,WEST BENGAL,3201,NADIA,0,0,0,0,0,0,185,22419,0,0,121061,0,13075,877.71248,877.71248,0,0,260685,553877,0,764485,1486323,22419,0,0,52,0,0,0,NA
2024-2025,Feb,32,WEST BENGAL,3210,PASCHIM MEDINIPUR,0,0,0,0,0,0,211,71625,0,0,276101,0,138450,1140.80964,1140.80964,0,0,589503,1253553,0,888410,1773403,71625,0,0,39,26.91,13.55,0,NA
2024-2025,Feb,32,WEST BENGAL,3205,HOWRAH,0,0,0,0,0,0,157,16594,0,0,54681,0,800,419.95861,419.95861,0,0,161738,261428,0,406459,578753,16594,0,0,12,0,0,0,NA
2024-2025,Feb,32,WEST BENGAL,3208,COOCHBEHAR,0,0,0,0,0,0,128,73729,0,0,466253,0,5915,730.77149,730.77149,0,0,468290,910048,0,660896,1254320,73729,0,0,39,0,0,0,NA
2024-2025,Feb,32,WEST BENGAL,3212,MURSHIDABAD,0,0,0,0,0,0,250,88969,0,0,64990,0,7652,1045.2574,1045.2574,0,0,327900,595586,0,1232094,2083474,88969,0,0,82,0,0,0,NA
2024-2025,Feb,32,WEST BENGAL,3209,MALDAH,0,0,0,0,0,0,146,39691,0,0,116008,0,37379,607.28776,607.28776,0,0,334524,570380,0,722765,1170452,39691,0,0,48,0,0,0,NA
2024-2025,Feb,32,WEST BENGAL,3211,PURBA MEDINIPUR,0,0,0,0,0,2766,223,77893,0,0,94251,0,3074,1162.0444,1162.0444,0,0,386183,871155,0,918267,1960319,80659,0,0,60,0,0,0,NA
2024-2025,Feb,32,WEST BENGAL,3216,24 PARGANAS SOUTH,0,0,0,0,0,0,310,166618,0,0,255667,0,9543,1230.31847,1230.31847,0,0,767593,1377402,0,1402164,2357118,166618,0,0,63,96.76,0,0,NA
2024-2025,Feb,32,WEST BENGAL,3201,NADIA,0,0,0,0,0,0,185,22419,0,0,121061,0,13075,877.71248,877.71248,0,0,260685,553883,0,764485,1486331,22419,0,0,52,0,0,0,NA
2024-2025,Feb,32,WEST BENGAL,3212,MURSHIDABAD,0,0,0,0,0,0,250,88969,0,0,64990,0,7652,1047.2574,1047.2574,0,0,327900,595588,0,1232098,2083487,88969,0,0,82,0,0,0,NA
2024-2025,Dec,32,WEST BENGAL,3203,BIRBHUM,0,0,0,0,0,0,167,24977,0,0,336485,0,65420,668.02174,668.02174,0,0,444187,941013,0,677458,1357295,24977,0,0,9,0,0,0,NA
2024-2025,Dec,32,WEST BENGAL,3225,PURBA BARDHAMAN,0,0,0,0,0,3,215,24891,0,0,504699,0,98180,0,0,0,0,669971,1377929,0,914303,1821301,24894,0,0,7,9.13,0,0,NA
2024-2025,Jan,32,WEST BENGAL,3203,BIRBHUM,0,0,0,0,0,0,167,24977,0,0,336496,0,65421,746.70873,746.70873,0,0,444187,941034,0,677502,1357376,24977,0,0,9,0,0,0,NA
2024-2025,Jan,32,WEST BENGAL,3204,SILIGURI MAHAKUMA PARISAD,0,0,0,0,0,0,22,2282,0,0,43439,0,28957,114.60277,114.60277,0,0,50490,99698,0,116251,215944,2282,0,0,53,0,0,0,NA
2024-2025,Jan,32,WEST BENGAL,3214,PURULIA,0,0,0,0,0,1,170,21223,0,0,105094,0,124097,650.22454,650.22454,0,0,250832,581753,0,523891,1126820,21224,0,0,63,0,0,0,NA
2024-2025,Jan,32,WEST BENGAL,3218,DINAJPUR UTTAR,0,0,0,0,0,0,98,78462,0,0,93587,0,9199,347.54772,347.54772,0,0,185983,367637,0,504674,934263,78462,0,0,84,0,0,0,NA
2024-2025,Feb,32,WEST BENGAL,3203,BIRBHUM,0,0,0,0,0,0,167,24977,0,0,336501,0,65421,824.93778,824.93778,0,0,444187,941051,0,677520,1357417,24977,0,0,9,0,0,0,NA
2024-2025,Feb,32,WEST BENGAL,3208,COOCHBEHAR,0,0,0,0,0,0,128,73729,0,0,466253,0,5915,730.77149,730.77149,0,0,468290,910047,0,660893,1254313,73729,0,0,39,0,0,0,NA
2024-2025,Feb,32,WEST BENGAL,3214,PURULIA,0,0,0,0,0,1,170,21223,0,0,105094,0,124097,718.65273,718.65273,0,0,250832,581753,0,523905,1126847,21224,0,0,63,0,0,0,NA
2024-2025,Feb,32,WEST BENGAL,3214,PURULIA,0,0,0,0,0,1,170,21223,0,0,105097,0,124097,718.65273,718.65273,0,0,250832,581757,0,523921,1126886,21224,0,0,63,0,0,0,NA
2024-2025,Jan,32,WEST BENGAL,3205,HOWRAH,0,0,0,0,0,0,157,16594,0,0,54679,0,800,380.26916,380.26916,0,0,161738,261420,0,406418,578687,16594,0,0,12,0,0,0,NA
2024-2025,Jan,32,WEST BENGAL,3208,COOCHBEHAR,0,0,0,0,0,0,128,73729,0,0,466255,0,5915,662.30716,662.30716,0,0,468295,910055,0,660853,1254241,73729,0,0,39,0,0,0,NA
2024-2025,Jan,32,WEST BENGAL,3213,BANKURA,0,0,0,0,0,0,190,28592,0,0,429011,0,122500,862.93522,862.93522,0,0,428788,1038484,0,686012,1538198,28592,0,0,54,100,0,0,NA
2024-2025,Jan,32,WEST BENGAL,3216,24 PARGANAS SOUTH,0,0,0,0,0,0,310,166623,0,0,255762,0,9543,1113.00164,1113.00164,0,0,767860,1378555,0,1403391,2360564,166623,0,0,63,47.47,0,0,NA
2024-2025,Jan,32,WEST BENGAL,3210,PASCHIM MEDINIPUR,0,0,0,0,0,0,211,71632,0,0,276099,0,138449,1031.08613,1031.08613,0,0,589503,1253541,0,888409,1773387,71632,0,0,39,26.91,13.55,0,NA
2024-2025,Jan,32,WEST BENGAL,3212,MURSHIDABAD,0,0,0,0,0,0,250,88974,0,0,64990,0,7652,947.1264,947.1264,0,0,327900,595584,0,1232089,2083455,88974,0,0,82,0,0,0,NA
2024-2025,Jan,32,WEST BENGAL,3201,NADIA,0,0,0,0,0,0,185,22419,0,0,121059,0,13075,795.56601,795.56601,0,0,260685,553862,0,764484,1486289,22419,0,0,52,5.02,0,0,NA
2024-2025,Jan,32,WEST BENGAL,3207,JALPAIGURI,0,0,0,0,0,0,80,29988,0,0,236093,0,81889,392.92929,392.92929,0,0,300581,600251,0,404319,775991,29988,0,0,11,0,0,0,NA
2024-2025,Jan,32,WEST BENGAL,3213,BANKURA,0,0,0,0,0,0,190,28592,0,0,429011,0,122500,863.56552,863.56552,0,0,428788,1038484,0,686012,1538198,28592,0,0,54,100,0,0,NA
2024-2025,Jan,32,WEST BENGAL,3212,MURSHIDABAD,0,0,0,0,0,0,250,88974,0,0,64990,0,7652,947.1264,947.1264,0,0,327900,595583,0,1232077,2083432,88974,0,0,82,0,0,0,NA
2024-2025,Jan,32,WEST BENGAL,3225,PURBA BARDHAMAN,0,0,0,0,0,3,215,24891,0,0,504699,0,98180,0,0,0,0,669971,1377930,0,914302,1821302,24894,0,0,7,9.13,0,0,NA
2024-2025,Dec,32,WEST BENGAL,3201,NADIA,0,0,0,0,0,0,185,22419,0,0,121059,0,13075,712.97747,712.97747,0,0,260685,553860,0,764482,1486279,22419,0,0,52,5.02,0,0,NA
2024-2025,Dec,32,WEST BENGAL,3211,PURBA MEDINIPUR,0,0,0,0,0,463,223,76292,0,0,94249,0,3074,938.58968,938.58968,0,0,386183,871147,0,918234,1960247,76755,0,0,61,0,0,0,NA
2024-2025,Dec,32,WEST BENGAL,3225,PURBA BARDHAMAN,0,0,0,0,0,3,215,24891,0,0,504699,0,98180,0,0,0,0,669971,1377929,0,914302,1821300,24894,0,0,7,9.13,0,0,NA
2024-2025,Jan,32,WEST BENGAL,3211,PURBA MEDINIPUR,0,0,0,0,0,1464,223,76171,0,0,94249,0,3074,1050.0829,1050.0829,0,0,386183,871147,0,918236,1960251,77635,0,0,61,0,0,0,NA
2024-2025,Dec,32,WEST BENGAL,3215,24 PARGANAS (NORTH),0,0,0,0,0,0,199,33730,0,0,173404,0,29397,803.25509,803.25509,0,0,313170,581723,0,873397,1521135,33730,0,0,35,0,0,0,NA
2024-2025,Dec,32,WEST BENGAL,3221,KALIMPONG,0,0,0,0,0,0,42,4113,0,0,5474,0,28225,37.38174,37.38174,0,0,53592,86549,0,55738,89423,4113,0,0,16,0,0,0,NA
2024-2025,Dec,32,WEST BENGAL,3206,HOOGHLY,0,0,0,0,0,0,207,30872,0,0,518187,0,101732,846.89455,846.89455,0,0,669805,1271326,0,839721,1531077,30872,0,0,5,0,0,0,NA
2024-2025,Dec,32,WEST BENGAL,3213,BANKURA,0,0,0,0,0,0,190,28592,0,0,429014,0,122500,771.87481,771.87481,0,0,428788,1038487,0,686014,1538202,28592,0,0,54,100,0,0,NA
2024-2025,Feb,32,WEST BENGAL,3212,MURSHIDABAD,0,0,0,0,0,0,250,88969,0,0,64990,0,7652,1047.2574,1047.2574,0,0,327900,595589,0,1232098,2083495,88969,0,0,82,0,0,0,NA
2024-2025,Feb,32,WEST BENGAL,3215,24 PARGANAS (NORTH),0,0,0,0,0,0,199,33730,0,0,173407,0,29399,888.11497,888.11497,0,0,313170,581743,0,873409,1521213,33730,0,0,35,0,0,0,NA
2024-2025,Feb,32,WEST BENGAL,3225,PURBA BARDHAMAN,0,0,0,0,0,3,215,24891,0,0,504710,0,98182,0,0,0,0,669971,1377968,0,914305,1821353,24894,0,0,7,9.13,0,0,NA
2024-2025,Dec,32,WEST BENGAL,3201,NADIA,0,0,0,0,0,0,185,22419,0,0,121059,0,13075,712.97747,712.97747,0,0,260685,553857,0,764479,1486267,22419,0,0,52,5.02,0,0,NA
2024-2025,Dec,32,WEST BENGAL,3203,BIRBHUM,0,0,0,0,0,0,167,24977,0,0,336481,0,65420,668.02174,668.02174,0,0,444187,941008,0,677456,1357284,24977,0,0,9,0,0,0,NA
2024-2025,Dec,32,WEST BENGAL,3214,PURULIA,0,0,0,0,0,1,170,21223,0,0,105732,0,124780,580.8695,580.8695,0,0,251062,584160,0,525108,1133251,21224,0,0,63,0,0,0,NA
2024-2025,Dec,32,WEST BENGAL,3201,NADIA,0,0,0,0,0,0,185,22419,0,0,121059,0,13075,712.97747,712.97747,0,0,260685,553857,0,764479,1486270,22419,0,0,52,5.02,0,0,NA
2024-2025,Dec,32,WEST BENGAL,3214,PURULIA,0,0,0,0,0,1,170,21223,0,0,105619,0,124517,581.40275,581.40275,0,0,251031,583434,0,524885,1131799,21224,0,0,63,0,0,0,NA
2024-2025,Dec,32,WEST BENGAL,3216,24 PARGANAS SOUTH,0,0,0,0,0,0,310,166625,0,0,255762,0,9543,995.29121,995.29121,0,0,767860,1378554,0,1403381,2360553,166625,0,0,63,47.47,0,0,NA
2024-2025,Dec,32,WEST BENGAL,3201,NADIA,0,0,0,0,0,0,185,22419,0,0,121059,0,13075,712.97747,712.97747,0,0,260685,553857,0,764479,1486268,22419,0,0,52,5.02,0,0,NA
2024-2025,Dec,32,WEST BENGAL,3208,COOCHBEHAR,0,0,0,0,0,0,128,73728,0,0,466253,0,5915,593.30655,593.30655,0,0,468297,910058,0,660853,1254237,73728,0,0,39,0,0,0,NA
2024-2025,Dec,32,WEST BENGAL,3225,PURBA BARDHAMAN,0,0,0,0,0,3,215,24891,0,0,504699,0,98180,0,0,0,0,669971,1377924,0,914303,1821296,24894,0,0,7,9.13,0,0,NA
2024-2025,Sep,32,WEST BENGAL,3208,COOCHBEHAR,0,0,0,0,0,0,128,73782,0,0,466233,0,5915,364.38132,364.38132,0,0,468295,910003,0,660835,1254132,73782,0,0,39,0,0,0,NA
2024-2025,Sep,32,WEST BENGAL,3205,HOWRAH,0,0,0,0,0,0,157,18268,0,0,54678,0,800,206.5233,206.5233,0,0,161738,261412,0,406258,578505,18268,0,0,20,0,0,0,NA
2024-2025,Sep,32,WEST BENGAL,3207,JALPAIGURI,0,0,0,0,0,0,80,31776,0,0,236076,0,81887,213.06389,213.06389,0,0,300581,600220,0,404317,775935,31776,0,0,16,0,0,0,NA
2024-2025,Sep,32,WEST BENGAL,3208,COOCHBEHAR,0,0,0,0,0,0,128,73782,0,0,466233,0,5915,364.38132,364.38132,0,0,468295,910003,0,660836,1254134,73782,0,0,39,0,0,0,NA
2024-2025,Sep,32,WEST BENGAL,3211,PURBA MEDINIPUR,0,0,0,0,0,7,223,80947,0,0,94249,0,3074,563.28182,563.28182,0,0,386183,871138,0,918181,1960113,80954,0,0,63,0,0,0,NA
2024-2025,Sep,32,WEST BENGAL,3203,BIRBHUM,0,0,0,0,0,0,167,26930,0,0,336450,0,65414,407.57325,407.57325,0,0,444187,940927,0,677348,1357060,26930,0,0,16,0,0,0,NA
2024-2025,Sep,32,WEST BENGAL,3215,24 PARGANAS (NORTH),0,0,0,0,0,0,199,85386,0,0,173403,0,29397,438.98131,438.98131,0,0,313170,581720,0,873396,1521113,85386,0,0,74,0,0,0,NA
2024-2025,Sep,32,WEST BENGAL,3222,JHARGRAM,0,0,0,0,0,0,79,23787,0,0,64095,0,91431,0,0,0,0,143161,309808,0,231016,470530,23787,0,0,44,0,0,0,NA
2024-2025,Sep,32,WEST BENGAL,3205,HOWRAH,0,0,0,0,0,0,157,18268,0,0,54678,0,800,206.5233,206.5233,0,0,161738,261412,0,406256,578500,18268,0,0,20,0,0,0,NA
2024-2025,Sep,32,WEST BENGAL,3214,PURULIA,0,0,0,0,0,0,170,24060,0,0,105731,0,124777,342.69811,342.69811,0,0,251062,584132,0,525071,1133107,24060,0,0,67,0,0,0,NA
2024-2025,Sep,32,WEST BENGAL,3209,MALDAH,0,0,0,0,0,0,146,73561,0,0,116007,0,37378,298.82928,298.82928,0,0,334524,570376,0,722748,1170416,73561,0,0,72,0,0,0,NA
2024-2025,Sep,32,WEST BENGAL,3210,PASCHIM MEDINIPUR,0,0,0,0,0,0,211,87860,0,0,276120,0,138476,554.49621,554.49621,0,0,589509,1253634,0,888446,1773563,87860,0,0,50,0,0,0,NA
2024-2025,Sep,32,WEST BENGAL,3201,NADIA,0,0,0,0,0,0,185,23808,0,0,121053,0,13075,436.28773,436.28773,0,0,260685,553844,0,764476,1486231,23808,0,0,55,0,0,0,NA
2024-2025,Sep,32,WEST BENGAL,3205,HOWRAH,0,0,0,0,0,0,157,18268,0,0,54678,0,800,206.5233,206.5233,0,0,161738,261412,0,406246,578487,18268,0,0,20,0,0,0,NA
2024-2025,Jan,32,WEST BENGAL,3212,MURSHIDABAD,0,0,0,0,0,0,250,88974,0,0,64990,0,7652,1045.2574,1045.2574,0,0,327900,595584,0,1232089,2083460,88974,0,0,82,0,0,0,NA
2024-2025,Jan,32,WEST BENGAL,3214,PURULIA,0,0,0,0,0,1,170,21223,0,0,105094,0,124097,718.65273,718.65273,0,0,250832,581753,0,523899,1126837,21224,0,0,63,0,0,0,NA
2024-2025,Jan,32,WEST BENGAL,3219,Darjeeling Gorkha Hill Council (DGHC),0,0,0,0,0,0,70,9799,0,0,14319,0,63312,0,0,0,0,116126,192317,0,127895,208804,9799,0,0,14,0,0,0,NA
2024-2025,Jan,32,WEST BENGAL,3203,BIRBHUM,0,0,0,0,0,0,167,24977,0,0,336501,0,65421,746.70873,746.70873,0,0,444187,941051,0,677520,1357417,24977,0,0,9,0,0,0,NA
2024-2025,Jan,32,WEST BENGAL,3207,JALPAIGURI,0,0,0,0,0,0,80,29988,0,0,236094,0,81889,392.92929,392.92929,0,0,300581,600252,0,404319,775994,29988,0,0,11,0,0,0,NA
2024-2025,Jan,32,WEST BENGAL,3209,MALDAH,0,0,0,0,0,0,146,39691,0,0,116008,0,37379,549.26429,549.26429,0,0,334524,570380,0,722765,1170452,39691,0,0,48,0,0,0,NA
2024-2025,Jan,32,WEST BENGAL,3211,PURBA MEDINIPUR,0,0,0,0,0,2641,223,76078,0,0,94250,0,3074,1050.7579,1050.7579,0,0,386183,871151,0,918251,1960283,78719,0,0,61,0,0,0,NA
2024-2025,Jan,32,WEST BENGAL,3213,BANKURA,0,0,0,0,0,0,190,28592,0,0,429011,0,122500,863.56552,863.56552,0,0,428788,1038484,0,686013,1538201,28592,0,0,54,100,0,0,NA
2024-2025,Jan,32,WEST BENGAL,3207,JALPAIGURI,0,0,0,0,0,0,80,29988,0,0,236093,0,81889,392.92929,392.92929,0,0,300581,600246,0,404318,775981,29988,0,0,11,0,0,0,NA
2024-2025,Feb,32,WEST BENGAL,3225,PURBA BARDHAMAN,0,0,0,0,0,3,215,24891,0,0,504710,0,98182,0,0,0,0,669971,1377967,0,914303,1821349,24894,0,0,7,9.13,0,0,NA
2024-2025,Oct,32,WEST BENGAL,3203,BIRBHUM,0,0,0,0,0,0,167,26930,0,0,336455,0,65414,509.18741,509.18741,0,0,444187,940934,0,677356,1357078,26930,0,0,16,0,0,0,NA
2024-2025,Oct,32,WEST BENGAL,3208,COOCHBEHAR,0,0,0,0,0,0,128,73782,0,0,466239,0,5915,454.76973,454.76973,0,0,468295,910015,0,660846,1254167,73782,0,0,39,0,0,0,NA
2024-2025,Sep,32,WEST BENGAL,3202,PASCHIM BARDHAMAN,0,0,0,0,0,0,62,2608,0,0,78437,0,21985,162.42342,162.42342,0,0,69781,152671,0,140168,286670,2608,0,0,29,0,0,0,NA
2024-2025,Sep,32,WEST BENGAL,3207,JALPAIGURI,0,0,0,0,0,0,80,31776,0,0,236077,0,81887,213.06389,213.06389,0,0,300581,600222,0,404317,775939,31776,0,0,16,0,0,0,NA
2024-2025,Sep,32,WEST BENGAL,3211,PURBA MEDINIPUR,0,0,0,0,0,7,223,80947,0,0,94249,0,3074,563.28182,563.28182,0,0,386183,871139,0,918191,1960134,80954,0,0,63,0,0,0,NA
2024-2025,Oct,32,WEST BENGAL,3208,COOCHBEHAR,0,0,0,0,0,0,128,73782,0,0,466240,0,5915,454.76973,454.76973,0,0,468295,910019,0,660848,1254176,73782,0,0,39,0,0,0,NA
2024-2025,Oct,32,WEST BENGAL,3222,JHARGRAM,0,0,0,0,0,0,79,23787,0,0,64094,0,91422,0,0,0,0,143160,309798,0,231014,470506,23787,0,0,44,0,0,0,NA
2024-2025,Sep,32,WEST BENGAL,3208,COOCHBEHAR,0,0,0,0,0,0,128,73782,0,0,466234,0,5915,364.38132,364.38132,0,0,468295,910005,0,660837,1254138,73782,0,0,39,0,0,0,NA
2024-2025,Jan,32,WEST BENGAL,3201,NADIA,0,0,0,0,0,0,185,22419,0,0,121061,0,13075,795.56601,795.56601,0,0,260685,553876,0,764484,1486315,22419,0,0,52,5.02,0,0,NA
2024-2025,Jan,32,WEST BENGAL,3205,HOWRAH,0,0,0,0,0,0,157,16594,0,0,54681,0,800,380.26916,380.26916,0,0,161738,261428,0,406452,578744,16594,0,0,12,0,0,0,NA
2024-2025,Jan,32,WEST BENGAL,3212,MURSHIDABAD,0,0,0,0,0,0,250,88974,0,0,64990,0,7652,947.1264,947.1264,0,0,327900,595584,0,1232089,2083459,88974,0,0,82,0,0,0,NA
2024-2025,Jan,32,WEST BENGAL,3216,24 PARGANAS SOUTH,0,0,0,0,0,0,310,166623,0,0,255667,0,9543,1113.00164,1113.00164,0,0,767593,1377399,0,1402163,2357110,166623,0,0,63,96.76,0,0,NA
2024-2025,Jan,32,WEST BENGAL,3205,HOWRAH,0,0,0,0,0,0,157,16594,0,0,54681,0,800,380.26916,380.26916,0,0,161738,261428,0,406452,578743,16594,0,0,12,0,0,0,NA
2024-2025,Feb,32,WEST BENGAL,3215,24 PARGANAS (NORTH),0,0,0,0,0,0,199,33730,0,0,173407,0,29399,888.11497,888.11497,0,0,313170,581737,0,873402,1521185,33730,0,0,35,0,0,0,NA
2024-2025,Jan,32,WEST BENGAL,3201,NADIA,0,0,0,0,0,0,185,22419,0,0,121061,0,13075,877.71248,877.71248,0,0,260685,553876,0,764484,1486316,22419,0,0,52,5.02,0,0,NA
2024-2025,Jan,32,WEST BENGAL,3202,PASCHIM BARDHAMAN,0,0,0,0,0,0,62,2054,0,0,78437,0,21985,332.7896,332.7896,0,0,69781,152673,0,140168,286676,2054,0,0,10,0,0,0,NA
2024-2025,Jan,32,WEST BENGAL,3203,BIRBHUM,0,0,0,0,0,0,167,24977,0,0,336501,0,65421,824.93778,824.93778,0,0,444187,941051,0,677520,1357417,24977,0,0,9,0,0,0,NA
2024-2025,Jan,32,WEST BENGAL,3205,HOWRAH,0,0,0,0,0,0,157,16594,0,0,54681,0,800,419.95861,419.95861,0,0,161738,261428,0,406455,578748,16594,0,0,12,0,0,0,NA
2024-2025,Jan,32,WEST BENGAL,3206,HOOGHLY,0,0,0,0,0,0,207,30872,0,0,518189,0,101732,1047.36049,1047.36049,0,0,669805,1271332,0,839726,1531092,30872,0,0,5,0,0,0,NA
2024-2025,Jan,32,WEST BENGAL,3214,PURULIA,0,0,0,0,0,1,170,21223,0,0,105094,0,124097,718.65273,718.65273,0,0,250832,581753,0,523903,1126842,21224,0,0,63,0,0,0,NA
2024-2025,Jan,32,WEST BENGAL,3219,Darjeeling Gorkha Hill Council (DGHC),0,0,0,0,0,0,70,9799,0,0,14319,0,63315,0,0,0,0,116126,192321,0,127895,208808,9799,0,0,14,0,0,0,NA
2024-2025,Jan,32,WEST BENGAL,3222,JHARGRAM,0,0,0,0,0,0,79,18777,0,0,64097,0,91412,0,0,0,0,143160,309791,0,231016,470496,18777,0,0,29,0,0,0,NA
2024-2025,Jan,32,WEST BENGAL,3225,PURBA BARDHAMAN,0,0,0,0,0,3,215,24891,0,0,504706,0,98181,0,0,0,0,669971,1377952,0,914303,1821328,24894,0,0,7,9.13,0,0,NA
2024-2025,March,32,WEST BENGAL,3206,HOOGHLY,0,0,0,0,0,0,207,30872,0,0,518195,0,101732,1147.32622,1147.32622,0,0,669805,1271344,0,839736,1531116,30872,0,0,5,0,0,0,NA
2024-2025,March,32,WEST BENGAL,3225,PURBA BARDHAMAN,0,0,0,0,0,3,215,24891,0,0,504717,0,98185,0,0,0,0,669971,1377990,0,914311,1821389,24894,0,0,7,9.13,0,0,NA
2024-2025,March,32,WEST BENGAL,3205,HOWRAH,0,0,0,0,0,0,157,16594,0,0,54682,0,800,459.48107,459.48107,0,0,161738,261432,0,406510,578821,16594,0,0,12,0,0,0,NA
2024-2025,March,32,WEST BENGAL,3201,NADIA,0,0,0,0,0,0,185,22419,0,0,121061,0,13075,959.60035,959.60035,0,0,260685,553913,0,764487,1486377,22419,0,0,52,0,0,0,NA
2024-2025,March,32,WEST BENGAL,3212,MURSHIDABAD,0,0,0,0,0,0,250,88969,0,0,64990,0,7652,1144.91722,1144.91722,0,0,327900,595597,0,1232099,2083511,88969,0,0,82,0,0,0,NA
2024-2025,March,32,WEST BENGAL,3214,PURULIA,0,0,0,0,0,1,170,21223,0,0,105097,0,124098,787.09028,787.09028,0,0,250832,581759,0,523983,1126982,21224,0,0,63,0,0,0,NA
2024-2025,March,32,WEST BENGAL,3204,SILIGURI MAHAKUMA PARISAD,0,0,0,0,0,0,22,2282,0,0,43440,0,28960,138.78231,138.78231,0,0,50488,99700,0,116247,215954,2282,0,0,53,0,0,0,NA
2024-2025,March,32,WEST BENGAL,3206,HOOGHLY,0,0,0,0,0,0,207,30872,0,0,518194,0,101732,1147.32622,1147.32622,0,0,669805,1271342,0,839735,1531113,30872,0,0,5,0,0,0,NA
2024-2025,March,32,WEST BENGAL,3212,MURSHIDABAD,0,0,0,0,0,0,250,88969,0,0,64990,0,7652,1144.91722,1144.91722,0,0,327900,595597,0,1232099,2083510,88969,0,0,82,0,0,0,NA
2024-2025,March,32,WEST BENGAL,3205,HOWRAH,0,0,0,0,0,0,157,16594,0,0,54682,0,800,459.48107,459.48107,0,0,161738,261432,0,406509,578819,16594,0,0,12,0,0,0,NA
2024-2025,March,32,WEST BENGAL,3208,COOCHBEHAR,0,0,0,0,0,0,128,73729,0,0,466272,0,5915,799.23582,799.23582,0,0,468290,910076,0,660934,1254439,73729,0,0,39,0,0,0,NA
2024-2025,March,32,WEST BENGAL,3211,PURBA MEDINIPUR,0,0,0,0,0,2772,223,77891,0,0,94251,0,3074,1273.3309,1273.3309,0,0,386183,871157,0,918271,1960334,80663,0,0,60,0,0,0,NA
2024-2025,March,32,WEST BENGAL,3215,24 PARGANAS (NORTH),0,0,0,0,0,0,199,33730,0,0,173408,0,29399,972.75073,972.75073,0,0,313170,581751,0,873410,1521250,33730,0,0,35,0,0,0,NA
2024-2025,March,32,WEST BENGAL,3216,24 PARGANAS SOUTH,0,0,0,0,0,0,310,166614,0,0,255669,0,9543,1347.72181,1347.72181,0,0,767593,1377409,0,1402164,2357125,166614,0,0,63,99.02,0,0,NA
2024-2025,March,32,WEST BENGAL,3214,PURULIA,0,0,0,0,0,1,170,21223,0,0,105097,0,124098,787.09028,787.09028,0,0,250832,581758,0,523982,1126975,21224,0,0,63,0,0,0,NA
2024-2025,March,32,WEST BENGAL,3215,24 PARGANAS (NORTH),0,0,0,0,0,0,199,33730,0,0,173408,0,29400,973.02675,973.02675,0,0,313170,581755,0,873411,1521256,33730,0,0,35,0,0,0,NA
2024-2025,March,32,WEST BENGAL,3225,PURBA BARDHAMAN,0,0,0,0,0,3,215,24891,0,0,504715,0,98185,0,0,0,0,669971,1377982,0,914310,1821375,24894,0,0,7,9.13,0,0,NA
2024-2025,March,32,WEST BENGAL,3209,MALDAH,0,0,0,0,0,0,146,39691,0,0,116008,0,37379,666.01361,666.01361,0,0,334524,570380,0,722771,1170465,39691,0,0,48,0,0,0,NA
2024-2025,March,32,WEST BENGAL,3203,BIRBHUM,0,0,0,0,0,0,167,24977,0,0,336505,0,65421,903.03583,903.03583,0,0,444187,941073,0,677528,1357456,24977,0,0,9,0,0,0,NA
2024-2025,March,32,WEST BENGAL,3209,MALDAH,0,0,0,0,0,0,146,39691,0,0,116008,0,37379,666.01361,666.01361,0,0,334524,570381,0,722771,1170466,39691,0,0,48,0,0,0,NA
2024-2025,March,32,WEST BENGAL,3214,PURULIA,0,0,0,0,0,1,170,21223,0,0,105097,0,124098,787.09028,787.09028,0,0,250832,581758,0,523980,1126970,21224,0,0,63,0,0,0,NA
2024-2025,March,32,WEST BENGAL,3201,NADIA,0,0,0,0,0,0,185,22419,0,0,121061,0,13075,959.60035,959.60035,0,0,260685,553902,0,764487,1486360,22419,0,0,52,0,0,0,NA
2024-2025,March,32,WEST BENGAL,3204,SILIGURI MAHAKUMA PARISAD,0,0,0,0,0,0,22,2282,0,0,43440,0,28959,138.78231,138.78231,0,0,50489,99700,0,116248,215950,2282,0,0,53,0,0,0,NA
2024-2025,March,32,WEST BENGAL,3205,HOWRAH,0,0,0,0,0,0,157,16594,0,0,54682,0,800,459.48107,459.48107,0,0,161738,261432,0,406508,578817,16594,0,0,12,0,0,0,NA
2024-2025,March,32,WEST BENGAL,3213,BANKURA,0,0,0,0,0,0,190,28592,0,0,429013,0,122500,1055.35356,1055.35356,0,0,428788,1038489,0,686013,1538207,28592,0,0,54,100,0,0,NA
2024-2025,March,32,WEST BENGAL,3214,PURULIA,0,0,0,0,0,1,170,21223,0,0,105097,0,124098,787.09028,787.09028,0,0,250832,581758,0,523966,1126951,21224,0,0,63,0,0,0,NA
2024-2025,March,32,WEST BENGAL,3222,JHARGRAM,0,0,0,0,0,0,79,18777,0,0,64099,0,91414,0,0,0,0,143160,309801,0,231016,470522,18777,0,0,29,0,0,0,NA
2024-2025,March,32,WEST BENGAL,3204,SILIGURI MAHAKUMA PARISAD,0,0,0,0,0,0,22,2282,0,0,43440,0,28959,138.78231,138.78231,0,0,50489,99700,0,116248,215951,2282,0,0,53,0,0,0,NA
2024-2025,March,32,WEST BENGAL,3218,DINAJPUR UTTAR,0,0,0,0,0,0,98,78462,0,0,93592,0,9199,421.37726,421.37726,0,0,185983,367643,0,504688,934307,78462,0,0,84,100,0,0,NA
2024-2025,Feb,32,WEST BENGAL,3202,PASCHIM BARDHAMAN,0,0,0,0,0,0,62,2054,0,0,78437,0,21986,332.7896,332.7896,0,0,69781,152674,0,140168,286678,2054,0,0,10,0,0,0,NA
2024-2025,Feb,32,WEST BENGAL,3203,BIRBHUM,0,0,0,0,0,0,167,24977,0,0,336505,0,65421,824.93778,824.93778,0,0,444187,941067,0,677523,1357445,24977,0,0,9,0,0,0,NA
2024-2025,Feb,32,WEST BENGAL,3205,HOWRAH,0,0,0,0,0,0,157,16594,0,0,54682,0,800,419.95861,419.95861,0,0,161738,261432,0,406495,578802,16594,0,0,12,0,0,0,NA
2024-2025,Feb,32,WEST BENGAL,3209,MALDAH,0,0,0,0,0,0,146,39691,0,0,116008,0,37379,607.28776,607.28776,0,0,334524,570380,0,722770,1170463,39691,0,0,48,0,0,0,NA
2024-2025,Feb,32,WEST BENGAL,3213,BANKURA,0,0,0,0,0,0,190,28592,0,0,429013,0,122500,964.43392,964.43392,0,0,428788,1038489,0,686013,1538207,28592,0,0,54,100,0,0,NA
2024-2025,Feb,32,WEST BENGAL,3225,PURBA BARDHAMAN,0,0,0,0,0,3,215,24891,0,0,504710,0,98182,0,0,0,0,669971,1377969,0,914305,1821355,24894,0,0,7,9.13,0,0,NA
2024-2025,March,32,WEST BENGAL,3212,MURSHIDABAD,0,0,0,0,0,0,250,88969,0,0,64990,0,7652,1144.91722,1144.91722,0,0,327900,595596,0,1232098,2083504,88969,0,0,82,0,0,0,NA
2024-2025,March,32,WEST BENGAL,3216,24 PARGANAS SOUTH,0,0,0,0,0,0,310,166614,0,0,255668,0,9543,1347.72181,1347.72181,0,0,767593,1377408,0,1402164,2357124,166614,0,0,63,99.02,0,0,NA
2024-2025,March,32,WEST BENGAL,3225,PURBA BARDHAMAN,0,0,0,0,0,3,215,24891,0,0,504711,0,98184,0,0,0,0,669971,1377973,0,914308,1821362,24894,0,0,7,9.13,0,0,NA
2024-2025,March,32,WEST BENGAL,3208,COOCHBEHAR,0,0,0,0,0,0,128,73729,0,0,466273,0,5915,799.23582,799.23582,0,0,468290,910077,0,660942,1254456,73729,0,0,39,0,0,0,NA
2024-2025,March,32,WEST BENGAL,3212,MURSHIDABAD,0,0,0,0,0,0,250,88968,0,0,64990,0,7652,1261.81441,1261.81441,0,0,327900,595597,0,1232099,2083513,88968,0,0,82,0,0,0,NA
2024-2025,March,32,WEST BENGAL,3204,SILIGURI MAHAKUMA PARISAD,0,0,0,0,0,0,22,2282,0,0,43440,0,28961,138.78231,138.78231,0,0,50488,99701,0,116247,215955,2282,0,0,53,0,0,0,NA
2024-2025,March,32,WEST BENGAL,3208,COOCHBEHAR,0,0,0,0,0,0,128,73729,0,0,466274,0,5915,799.23582,799.23582,0,0,468290,910079,0,660947,1254472,73729,0,0,39,0,0,0,NA
2024-2025,March,32,WEST BENGAL,3213,BANKURA,0,0,0,0,0,0,190,28590,0,0,429014,0,122501,1055.35356,1055.35356,0,0,428788,1038491,0,686013,1538212,28590,0,0,54,100,0,0,NA
2024-2025,March,32,WEST BENGAL,3217,DINAJPUR DAKSHIN,0,0,0,0,0,0,64,13349,0,0,71275,0,42797,359.09483,359.09483,0,0,130822,262902,0,277900,521654,13349,0,0,35,0,0,0,NA
2024-2025,March,32,WEST BENGAL,3220,ALIPURDUAR,0,0,0,0,0,0,64,61730,0,0,146407,0,115849,0,0,0,0,272547,546692,0,326724,638834,61730,0,0,56,21.14,24.8,0,NA
2024-2025,March,32,WEST BENGAL,3201,NADIA,0,0,0,0,0,0,185,22419,0,0,121061,0,13075,1030.99596,1030.99596,0,0,260685,553918,0,764488,1486395,22419,0,0,52,0,0,0,NA
2024-2025,March,32,WEST BENGAL,3215,24 PARGANAS (NORTH),0,0,0,0,0,0,199,33730,0,0,173408,0,29400,973.02675,973.02675,0,0,313170,581757,0,873413,1521261,33730,0,0,35,0,0,0,NA
2024-2025,March,32,WEST BENGAL,3208,COOCHBEHAR,0,0,0,0,0,0,128,73729,0,0,466274,0,5915,872.94529,872.94529,0,0,468290,910079,0,660949,1254476,73729,0,0,39,0,0,0,NA
2024-2025,March,32,WEST BENGAL,3216,24 PARGANAS SOUTH,0,0,0,0,0,0,310,166610,0,0,255670,0,9543,1482.46125,1482.46125,0,0,767592,1377411,0,1402170,2357142,166610,0,0,63,99.02,0,0,NA
2024-2025,March,32,WEST BENGAL,3217,DINAJPUR DAKSHIN,0,0,0,0,0,0,64,13349,0,0,71275,0,42797,393.70245,393.70245,0,0,130822,262902,0,277900,521654,13349,0,0,35,0,0,0,NA
2024-2025,March,32,WEST BENGAL,3218,DINAJPUR UTTAR,0,0,0,0,0,0,98,78462,0,0,93592,0,9199,466.56283,466.56283,0,0,185983,367643,0,504710,934351,78462,0,0,84,100,0,0,NA
2024-2025,March,32,WEST BENGAL,3221,KALIMPONG,0,0,0,0,0,0,42,4113,0,0,5474,0,28225,59.52215,59.52215,0,0,53592,86549,0,55738,89423,4113,0,0,16,0,0,0,NA
2024-2025,March,32,WEST BENGAL,3222,JHARGRAM,0,0,0,0,0,0,79,18777,0,0,64099,0,91414,0,0,0,0,143160,309801,0,231017,470525,18777,0,0,29,0,0,0,NA
2024-2025,Feb,32,WEST BENGAL,3201,NADIA,0,0,0,0,0,0,185,22419,0,0,121061,0,13075,877.71248,877.71248,0,0,260685,553898,0,764486,1486352,22419,0,0,52,0,0,0,NA
2024-2025,Feb,32,WEST BENGAL,3205,HOWRAH,0,0,0,0,0,0,157,16594,0,0,54682,0,800,419.95861,419.95861,0,0,161738,261429,0,406475,578778,16594,0,0,12,0,0,0,NA
2024-2025,Feb,32,WEST BENGAL,3216,24 PARGANAS SOUTH,0,0,0,0,0,0,310,166614,0,0,255668,0,9543,1230.31847,1230.31847,0,0,767593,1377407,0,1402164,2357123,166614,0,0,63,96.76,0,0,NA
2024-2025,Feb,32,WEST BENGAL,3202,PASCHIM BARDHAMAN,0,0,0,0,0,0,62,2054,0,0,78437,0,21985,332.7896,332.7896,0,0,69781,152673,0,140168,286677,2054,0,0,10,0,0,0,NA
2024-2025,Feb,32,WEST BENGAL,3203,BIRBHUM,0,0,0,0,0,0,167,24977,0,0,336505,0,65421,824.93778,824.93778,0,0,444187,941066,0,677523,1357441,24977,0,0,9,0,0,0,NA
2024-2025,Feb,32,WEST BENGAL,3215,24 PARGANAS (NORTH),0,0,0,0,0,0,199,33730,0,0,173407,0,29399,888.11497,888.11497,0,0,313170,581744,0,873410,1521220,33730,0,0,35,0,0,0,NA
2024-2025,Feb,32,WEST BENGAL,3222,JHARGRAM,0,0,0,0,0,0,79,18777,0,0,64099,0,91414,0,0,0,0,143160,309799,0,231016,470520,18777,0,0,29,0,0,0,NA
2024-2025,Feb,32,WEST BENGAL,3220,ALIPURDUAR,0,0,0,0,0,0,64,61730,0,0,146407,0,115848,0,0,0,0,272547,546691,0,326723,638831,61730,0,0,56,21.14,24.8,0,NA
2024-2025,June,32,WEST BENGAL,3201,NADIA,0,0,0,0,0,0,185,23808,0,0,121043,0,13075,184.32998,184.32998,0,0,260685,553792,0,764455,1486040,23808,0,0,55,0,0,0,NA
2024-2025,June,32,WEST BENGAL,3203,BIRBHUM,0,0,0,0,0,0,167,26930,0,0,336429,0,65401,166.24766,166.24766,0,0,444189,940819,0,677281,1356786,26930,0,0,16,0,0,0,NA
2024-2025,June,32,WEST BENGAL,3211,PURBA MEDINIPUR,0,0,0,0,0,0,223,80949,0,0,94238,0,3074,226.1946,226.1946,0,0,386183,871075,0,918127,1959828,80949,0,0,63,0,0,0,NA
2024-2025,May,32,WEST BENGAL,3201,NADIA,0,0,0,0,0,0,185,23808,0,0,121043,0,13075,180.5148,180.5148,0,0,260685,553791,0,764454,1486037,23808,0,0,55,0,0,0,NA
2024-2025,May,32,WEST BENGAL,3203,BIRBHUM,0,0,0,0,0,0,167,26930,0,0,336429,0,65401,166.24766,166.24766,0,0,444190,940819,0,677409,1356914,26930,0,0,16,0,0,0,NA
2024-2025,May,32,WEST BENGAL,3210,PASCHIM MEDINIPUR,0,0,0,0,0,0,211,87860,0,0,276199,0,138531,223.10253,223.10253,0,0,589516,1253840,0,888472,1773896,87860,0,0,50,0,0,0,NA
2024-2025,May,32,WEST BENGAL,3215,24 PARGANAS (NORTH),0,0,0,0,0,0,199,85386,0,0,173393,0,29397,181.82002,181.82002,0,0,313170,581681,0,873367,1520930,85386,0,0,74,0,0,0,NA
2024-2025,May,32,WEST BENGAL,3216,24 PARGANAS SOUTH,0,0,0,0,0,0,310,191888,0,0,255822,0,9543,248.51679,248.51679,0,0,767945,1379428,0,1403495,2361921,191888,0,0,68,0,0,0,NA
2024-2025,June,32,WEST BENGAL,3201,NADIA,0,0,0,0,0,0,185,23808,0,0,121045,0,13075,184.32998,184.32998,0,0,260685,553805,0,764455,1486063,23808,0,0,55,0,0,0,NA
2024-2025,June,32,WEST BENGAL,3206,HOOGHLY,0,0,0,0,0,0,207,32921,0,0,518150,0,101719,206.79322,206.79322,0,0,669811,1271194,0,839482,1530585,32921,0,0,10,0,0,0,NA
2024-2025,June,32,WEST BENGAL,3211,PURBA MEDINIPUR,0,0,0,0,0,7,223,80947,0,0,94239,0,3074,226.1946,226.1946,0,0,386183,871083,0,918132,1959874,80954,0,0,63,0,0,0,NA
2024-2025,June,32,WEST BENGAL,3220,ALIPURDUAR,0,0,0,0,0,0,64,64330,0,0,146404,0,115843,0,0,0,0,272547,546677,0,326715,638803,64330,0,0,58,0,0,0,NA
2024-2025,June,32,WEST BENGAL,3221,KALIMPONG,0,0,0,0,0,0,42,4520,0,0,5482,0,28234,11.90058,11.90058,0,0,53634,86600,0,55784,89477,4520,0,0,23,0,0,0,NA
2024-2025,July,32,WEST BENGAL,3206,HOOGHLY,0,0,0,0,0,0,207,32921,0,0,518151,0,101719,307.8739,307.8739,0,0,669811,1271201,0,839491,1530602,32921,0,0,10,0,0,0,NA
2024-2025,July,32,WEST BENGAL,3208,COOCHBEHAR,0,0,0,0,0,0,128,73782,0,0,466275,0,5918,223.8445,223.8445,0,0,468290,910064,0,660608,1253832,73782,0,0,39,0,0,0,NA
2024-2025,July,32,WEST BENGAL,3210,PASCHIM MEDINIPUR,0,0,0,0,0,0,211,87860,0,0,276199,0,138531,333.56709,333.56709,0,0,589516,1253848,0,888476,1773914,87860,0,0,50,0,0,0,NA
2024-2025,July,32,WEST BENGAL,3225,PURBA BARDHAMAN,0,0,0,0,0,0,215,30168,0,0,504719,0,98176,0,0,0,0,669981,1377914,0,914288,1821221,30168,0,0,23,0,0,0,NA
2024-2025,July,32,WEST BENGAL,3203,BIRBHUM,0,0,0,0,0,0,167,26930,0,0,336434,0,65408,248.02285,248.02285,0,0,444189,940858,0,677298,1356872,26930,0,0,16,0,0,0,NA
2024-2025,July,32,WEST BENGAL,3217,DINAJPUR DAKSHIN,0,0,0,0,0,0,64,13890,0,0,71272,0,42797,97.45017,97.45017,0,0,130822,262899,0,277899,521646,13890,0,0,37,0,0,0,NA
2024-2025,July,32,WEST BENGAL,3201,NADIA,0,0,0,0,0,0,185,23808,0,0,121045,0,13075,268.44379,268.44379,0,0,260685,553811,0,764455,1486072,23808,0,0,55,0,0,0,NA
2024-2025,July,32,WEST BENGAL,3203,BIRBHUM,0,0,0,0,0,0,167,26930,0,0,336434,0,65408,246.02285,246.02285,0,0,444189,940855,0,677298,1356859,26930,0,0,16,0,0,0,NA
2024-2025,July,32,WEST BENGAL,3205,HOWRAH,0,0,0,0,0,0,157,18268,0,0,54658,0,799,124.51422,124.51422,0,0,161738,261290,0,404858,576761,18268,0,0,20,0,0,0,NA
2024-2025,July,32,WEST BENGAL,3206,HOOGHLY,0,0,0,0,0,0,207,32921,0,0,518150,0,101719,307.8739,307.8739,0,0,669811,1271196,0,839485,1530590,32921,0,0,10,0,0,0,NA
2024-2025,July,32,WEST BENGAL,3213,BANKURA,0,0,0,0,0,0,190,29967,0,0,429066,0,122518,280.54912,280.54912,0,0,428805,1038594,0,686187,1538554,29967,0,0,56,0,0,0,NA
2024-2025,July,32,WEST BENGAL,3215,24 PARGANAS (NORTH),0,0,0,0,0,0,199,85386,0,0,173393,0,29397,267.61744,267.61744,0,0,313170,581690,0,873375,1520968,85386,0,0,74,0,0,0,NA
2024-2025,June,32,WEST BENGAL,3201,NADIA,0,0,0,0,0,0,185,23808,0,0,121043,0,13075,180.5148,180.5148,0,0,260685,553791,0,764454,1486037,23808,0,0,55,0,0,0,NA
2024-2025,June,32,WEST BENGAL,3208,COOCHBEHAR,0,0,0,0,0,0,128,73782,0,0,466272,0,5918,150.3554,150.3554,0,0,468290,910045,0,660593,1253783,73782,0,0,39,0,0,0,NA
2024-2025,June,32,WEST BENGAL,3221,KALIMPONG,0,0,0,0,0,0,42,4520,0,0,5504,0,28319,11.90058,11.90058,0,0,53777,86823,0,55953,89732,4520,0,0,23,0,0,0,NA
2024-2025,June,32,WEST BENGAL,3225,PURBA BARDHAMAN,0,0,0,0,0,0,215,30168,0,0,504716,0,98174,0,0,0,0,669981,1377889,0,914285,1821178,30168,0,0,23,0,0,0,NA
2024-2025,June,32,WEST BENGAL,3201,NADIA,0,0,0,0,0,0,185,23808,0,0,121043,0,13075,184.32998,184.32998,0,0,260685,553792,0,764455,1486039,23808,0,0,55,0,0,0,NA
2024-2025,June,32,WEST BENGAL,3222,JHARGRAM,0,0,0,0,0,0,79,23787,0,0,64089,0,91431,0,0,0,0,143162,309793,0,231017,470494,23787,0,0,44,0,0,0,NA
2024-2025,June,32,WEST BENGAL,3211,PURBA MEDINIPUR,0,0,0,0,0,7,223,80947,0,0,94238,0,3074,226.1946,226.1946,0,0,386183,871078,0,918130,1959844,80954,0,0,63,0,0,0,NA
2024-2025,June,32,WEST BENGAL,3212,MURSHIDABAD,0,0,0,0,0,0,250,106885,0,0,64996,0,7656,219.04229,219.04229,0,0,328032,595651,0,1232690,2083691,106885,0,0,85,0,0,0,NA
2024-2025,June,32,WEST BENGAL,3215,24 PARGANAS (NORTH),0,0,0,0,0,0,199,85386,0,0,173393,0,29397,181.82002,181.82002,0,0,313170,581685,0,873369,1520946,85386,0,0,74,0,0,0,NA
2024-2025,June,32,WEST BENGAL,3206,HOOGHLY,0,0,0,0,0,0,207,32921,0,0,518148,0,101719,206.79322,206.79322,0,0,669811,1271189,0,839482,1530578,32921,0,0,10,0,0,0,NA
2024-2025,July,32,WEST BENGAL,3213,BANKURA,0,0,0,0,0,0,190,29967,0,0,429065,0,122518,280.54912,280.54912,0,0,428805,1038589,0,686187,1538537,29967,0,0,56,0,0,0,NA
2024-2025,July,32,WEST BENGAL,3220,ALIPURDUAR,0,0,0,0,0,0,64,64330,0,0,146404,0,115843,0,0,0,0,272547,546677,0,326715,638803,64330,0,0,58,0,0,0,NA
2024-2025,July,32,WEST BENGAL,3222,JHARGRAM,0,0,0,0,0,0,79,23787,0,0,64090,0,91431,0,0,0,0,143162,309794,0,231017,470503,23787,0,0,44,0,0,0,NA
2024-2025,June,32,WEST BENGAL,3206,HOOGHLY,0,0,0,0,0,0,207,32921,0,0,518148,0,101719,206.79322,206.79322,0,0,669811,1271191,0,839482,1530580,32921,0,0,10,0,0,0,NA
2024-2025,June,32,WEST BENGAL,3208,COOCHBEHAR,0,0,0,0,0,0,128,73782,0,0,466274,0,5918,154.232,154.232,0,0,468290,910058,0,660604,1253818,73782,0,0,39,100,0,0,NA
2024-2025,June,32,WEST BENGAL,3210,PASCHIM MEDINIPUR,0,0,0,0,0,0,211,87860,0,0,276199,0,138531,223.10253,223.10253,0,0,589516,1253844,0,888475,1773907,87860,0,0,50,0,0,0,NA
2024-2025,June,32,WEST BENGAL,3211,PURBA MEDINIPUR,0,0,0,0,0,7,223,80947,0,0,94238,0,3074,226.1946,226.1946,0,0,386183,871081,0,918132,1959854,80954,0,0,63,0,0,0,NA
2024-2025,June,32,WEST BENGAL,3216,24 PARGANAS SOUTH,0,0,0,0,0,0,310,191888,0,0,255822,0,9543,248.51679,248.51679,0,0,767945,1379432,0,1403507,2361948,191888,0,0,68,0,0,0,NA
2024-2025,June,32,WEST BENGAL,3215,24 PARGANAS (NORTH),0,0,0,0,0,0,199,85386,0,0,173393,0,29397,181.82002,181.82002,0,0,313170,581686,0,873370,1520954,85386,0,0,74,0,0,0,NA
2024-2025,June,32,WEST BENGAL,3217,DINAJPUR DAKSHIN,0,0,0,0,0,0,64,13890,0,0,71272,0,42797,65.83756,65.83756,0,0,130822,262899,0,277899,521645,13890,0,0,37,0,0,0,NA
2024-2025,June,32,WEST BENGAL,3220,ALIPURDUAR,0,0,0,0,0,0,64,64330,0,0,146404,0,115843,0,0,0,0,272547,546677,0,326714,638801,64330,0,0,58,0,0,0,NA
2024-2025,June,32,WEST BENGAL,3222,JHARGRAM,0,0,0,0,0,0,79,23787,0,0,64089,0,91431,0,0,0,0,143162,309793,0,231017,470498,23787,0,0,44,0,0,0,NA
2024-2025,June,32,WEST BENGAL,3203,BIRBHUM,0,0,0,0,0,0,167,26930,0,0,336429,0,65401,166.24766,166.24766,0,0,444189,940821,0,677282,1356790,26930,0,0,16,0,0,0,NA
2024-2025,June,32,WEST BENGAL,3211,PURBA MEDINIPUR,0,0,0,0,0,7,223,80947,0,0,94238,0,3074,226.1946,226.1946,0,0,386183,871078,0,918130,1959843,80954,0,0,63,0,0,0,NA
2024-2025,June,32,WEST BENGAL,3225,PURBA BARDHAMAN,0,0,0,0,0,0,215,30168,0,0,504717,0,98174,0,0,0,0,669981,1377900,0,914286,1821193,30168,0,0,23,0,0,0,NA
2024-2025,June,32,WEST BENGAL,3211,PURBA MEDINIPUR,0,0,0,0,0,7,223,80947,0,0,94238,0,3074,226.1946,226.1946,0,0,386183,871078,0,918129,1959838,80954,0,0,63,0,0,0,NA
2024-2025,June,32,WEST BENGAL,3218,DINAJPUR UTTAR,0,0,0,0,0,0,98,84348,0,0,95214,0,9388,80.69394,80.69394,0,0,187051,374783,0,509613,951890,84348,0,0,85,0,0,0,NA
2024-2025,June,32,WEST BENGAL,3213,BANKURA,0,0,0,0,0,0,190,29967,0,0,429096,0,122529,188.72741,188.72741,0,0,428812,1038639,0,686241,1538686,29967,0,0,56,0,0,0,NA
2024-2025,July,32,WEST BENGAL,3202,PASCHIM BARDHAMAN,0,0,0,0,0,0,62,2608,0,0,78434,0,21981,98.14128,98.14128,0,0,69781,152662,0,140106,286586,2608,0,0,29,0,0,0,NA
2024-2025,July,32,WEST BENGAL,3210,PASCHIM MEDINIPUR,0,0,0,0,0,0,211,87860,0,0,276199,0,138531,333.56709,333.56709,0,0,589516,1253845,0,888476,1773910,87860,0,0,50,0,0,0,NA
2024-2025,July,32,WEST BENGAL,3212,MURSHIDABAD,0,0,0,0,0,0,250,106885,0,0,64996,0,7656,318.99371,318.99371,0,0,328032,595662,0,1232703,2083758,106885,0,0,85,0,0,0,NA
2024-2025,June,32,WEST BENGAL,3211,PURBA MEDINIPUR,0,0,0,0,0,0,223,80949,0,0,94238,0,3074,226.1946,226.1946,0,0,386183,871074,0,918126,1959822,80949,0,0,63,0,0,0,NA
2024-2025,June,32,WEST BENGAL,3213,BANKURA,0,0,0,0,0,0,190,29967,0,0,429105,0,122536,188.72741,188.72741,0,0,428826,1038676,0,686327,1538832,29967,0,0,56,0,0,0,NA
2024-2025,June,32,WEST BENGAL,3220,ALIPURDUAR,0,0,0,0,0,0,64,64330,0,0,146404,0,115841,0,0,0,0,272547,546675,0,326714,638799,64330,0,0,58,0,0,0,NA
2024-2025,June,32,WEST BENGAL,3205,HOWRAH,0,0,0,0,0,0,157,18268,0,0,54658,0,799,84.65002,84.65002,0,0,161738,261290,0,404804,576707,18268,0,0,20,0,0,0,NA
2024-2025,June,32,WEST BENGAL,3213,BANKURA,0,0,0,0,0,0,190,29967,0,0,429106,0,122536,188.72741,188.72741,0,0,428826,1038677,0,686327,1538833,29967,0,0,56,0,0,0,NA
2024-2025,May,32,WEST BENGAL,3206,HOOGHLY,0,0,0,0,0,0,207,32921,0,0,518148,0,101719,105.71254,105.71254,0,0,669811,1271188,0,839472,1530566,32921,0,0,10,0,0,0,NA
2024-2025,May,32,WEST BENGAL,3215,24 PARGANAS (NORTH),0,0,0,0,0,0,199,85386,0,0,173393,0,29397,95.92423,95.92423,0,0,313170,581681,0,873367,1520930,85386,0,0,74,0,0,0,NA
2024-2025,April,32,WEST BENGAL,3201,NADIA,0,0,0,0,0,0,185,23808,0,0,121042,0,13075,4.08,4.08,0,0,260685,553790,0,764452,1486033,23808,0,0,55,0,0,0,NA
2024-2025,Feb,32,WEST BENGAL,3201,NADIA,0,0,0,0,0,0,185,22419,0,0,121061,0,13075,877.71248,877.71248,0,0,260685,553876,0,764485,1486320,22419,0,0,52,0,0,0,NA
2024-2025,Feb,32,WEST BENGAL,3204,SILIGURI MAHAKUMA PARISAD,0,0,0,0,0,0,22,2282,0,0,43439,0,28959,126.69254,126.69254,0,0,50489,99699,0,116248,215943,2282,0,0,53,0,0,0,NA
2024-2025,Feb,32,WEST BENGAL,3211,PURBA MEDINIPUR,0,0,0,0,0,2750,223,77893,0,0,94251,0,3074,1162.0444,1162.0444,0,0,386183,871153,0,918257,1960300,80643,0,0,60,0,0,0,NA
2024-2025,Feb,32,WEST BENGAL,3216,24 PARGANAS SOUTH,0,0,0,0,0,0,310,166620,0,0,255667,0,9543,1230.31847,1230.31847,0,0,767593,1377402,0,1402163,2357114,166620,0,0,63,96.76,0,0,NA
2024-2025,Feb,32,WEST BENGAL,3211,PURBA MEDINIPUR,0,0,0,0,0,2653,223,76076,0,0,94250,0,3074,1162.0444,1162.0444,0,0,386183,871151,0,918251,1960283,78729,0,0,61,0,0,0,NA
2024-2025,Feb,32,WEST BENGAL,3215,24 PARGANAS (NORTH),0,0,0,0,0,0,199,33730,0,0,173406,0,29399,888.11497,888.11497,0,0,313170,581736,0,873402,1521184,33730,0,0,35,0,0,0,NA
2024-2025,Feb,32,WEST BENGAL,3218,DINAJPUR UTTAR,0,0,0,0,0,0,98,78462,0,0,93588,0,9199,384.46249,384.46249,0,0,185983,367639,0,504686,934294,78462,0,0,84,0,0,0,NA
2024-2025,Sep,32,WEST BENGAL,3213,BANKURA,0,0,0,0,0,0,190,29967,0,0,429018,0,122500,465.46884,465.46884,0,0,428788,1038490,0,686010,1538208,29967,0,0,56,100,0,0,NA
2024-2025,Sep,32,WEST BENGAL,3216,24 PARGANAS SOUTH,0,0,0,0,0,0,310,191888,0,0,255814,0,9543,604.33213,604.33213,0,0,767925,1379382,0,1403567,2362025,191888,0,0,68,0,0,0,NA
2024-2025,Aug,32,WEST BENGAL,3201,NADIA,0,0,0,0,0,0,185,23808,0,0,121051,0,13075,352.50267,352.50267,0,0,260685,553841,0,764471,1486214,23808,0,0,55,0,0,0,NA
2024-2025,Aug,32,WEST BENGAL,3205,HOWRAH,0,0,0,0,0,0,157,18268,0,0,54674,0,800,166.85182,166.85182,0,0,161738,261390,0,405639,577795,18268,0,0,20,0,0,0,NA
2024-2025,Aug,32,WEST BENGAL,3215,24 PARGANAS (NORTH),0,0,0,0,0,0,199,85386,0,0,173397,0,29397,353.23019,353.23019,0,0,313170,581706,0,873389,1521064,85386,0,0,74,0,0,0,NA
2024-2025,Aug,32,WEST BENGAL,3216,24 PARGANAS SOUTH,0,0,0,0,0,0,310,191888,0,0,255824,0,9543,485.83181,485.83181,0,0,767937,1379444,0,1403556,2362062,191888,0,0,68,0,0,0,NA
2024-2025,Aug,32,WEST BENGAL,3220,ALIPURDUAR,0,0,0,0,0,0,64,64330,0,0,146406,0,115848,0,0,0,0,272547,546686,0,326720,638822,64330,0,0,58,0,0,0,NA
2024-2025,Aug,32,WEST BENGAL,3202,PASCHIM BARDHAMAN,0,0,0,0,0,0,62,2608,0,0,78436,0,21982,130.28235,130.28235,0,0,69781,152667,0,140168,286665,2608,0,0,29,0,0,0,NA
2024-2025,Aug,32,WEST BENGAL,3206,HOOGHLY,0,0,0,0,0,0,207,32921,0,0,518205,0,101729,409.13556,409.13556,0,0,669811,1271376,0,839678,1531058,32921,0,0,10,0,0,0,NA
2024-2025,Aug,32,WEST BENGAL,3209,MALDAH,0,0,0,0,0,0,146,73561,0,0,116007,0,37378,241.83716,241.83716,0,0,334524,570374,0,722693,1170328,73561,0,0,72,0,0,0,NA
2024-2025,Aug,32,WEST BENGAL,3210,PASCHIM MEDINIPUR,0,0,0,0,0,0,211,87860,0,0,276201,0,138531,444.03165,444.03165,0,0,589516,1253870,0,888485,1773958,87860,0,0,50,0,0,0,NA
2024-2025,Aug,32,WEST BENGAL,3216,24 PARGANAS SOUTH,0,0,0,0,0,0,310,191888,0,0,255824,0,9543,485.83181,485.83181,0,0,767937,1379443,0,1403556,2362061,191888,0,0,68,0,0,0,NA
2024-2025,Aug,32,WEST BENGAL,3205,HOWRAH,0,0,0,0,0,0,157,18268,0,0,54674,0,800,166.85182,166.85182,0,0,161738,261385,0,405587,577732,18268,0,0,20,0,0,0,NA
2024-2025,Feb,32,WEST BENGAL,3212,MURSHIDABAD,0,0,0,0,0,0,250,88970,0,0,64990,0,7652,1045.2574,1045.2574,0,0,327900,595584,0,1232089,2083461,88970,0,0,82,0,0,0,NA
2024-2025,Jan,32,WEST BENGAL,3215,24 PARGANAS (NORTH),0,0,0,0,0,0,199,33730,0,0,173404,0,29397,803.25509,803.25509,0,0,313170,581726,0,873402,1521161,33730,0,0,35,0,0,0,NA
2024-2025,Dec,32,WEST BENGAL,3215,24 PARGANAS (NORTH),0,0,0,0,0,0,199,33730,0,0,173404,0,29397,718.16798,718.16798,0,0,313170,581722,0,873397,1521131,33730,0,0,35,0,0,0,NA
2024-2025,Dec,32,WEST BENGAL,3211,PURBA MEDINIPUR,0,0,0,0,0,173,223,76255,0,0,94249,0,3074,938.58968,938.58968,0,0,386183,871147,0,918234,1960246,76428,0,0,61,0,0,0,NA
2024-2025,Dec,32,WEST BENGAL,3210,PASCHIM MEDINIPUR,0,0,0,0,0,0,211,71632,0,0,276098,0,138447,919.67944,919.67944,0,0,589503,1253536,0,888406,1773372,71632,0,0,39,26.91,13.55,0,NA
2024-2025,Dec,32,WEST BENGAL,3211,PURBA MEDINIPUR,0,0,0,0,0,167,223,76263,0,0,94249,0,3074,938.58968,938.58968,0,0,386183,871147,0,918234,1960245,76430,0,0,61,0,0,0,NA
2024-2025,Dec,32,WEST BENGAL,3206,HOOGHLY,0,0,0,0,0,0,207,30872,0,0,518217,0,101733,846.89455,846.89455,0,0,669811,1271435,0,839738,1531212,30872,0,0,5,0,0,0,NA
2024-2025,Dec,32,WEST BENGAL,3215,24 PARGANAS (NORTH),0,0,0,0,0,0,199,33730,0,0,173404,0,29397,718.16798,718.16798,0,0,313170,581723,0,873397,1521133,33730,0,0,35,0,0,0,NA
2024-2025,Jan,32,WEST BENGAL,3203,BIRBHUM,0,0,0,0,0,0,167,24977,0,0,336501,0,65421,746.70873,746.70873,0,0,444187,941050,0,677520,1357416,24977,0,0,9,0,0,0,NA
2024-2025,Dec,32,WEST BENGAL,3203,BIRBHUM,0,0,0,0,0,0,167,24977,0,0,336484,0,65420,668.02174,668.02174,0,0,444187,941011,0,677456,1357291,24977,0,0,9,0,0,0,NA
2024-2025,Dec,32,WEST BENGAL,3211,PURBA MEDINIPUR,0,0,0,0,0,199,223,76243,0,0,94249,0,3074,938.58968,938.58968,0,0,386183,871147,0,918234,1960247,76442,0,0,61,0,0,0,NA
2024-2025,Dec,32,WEST BENGAL,3214,PURULIA,0,0,0,0,0,1,170,21223,0,0,105724,0,124763,580.8695,580.8695,0,0,251043,584108,0,524951,1133025,21224,0,0,63,0,0,0,NA
2024-2025,Jan,32,WEST BENGAL,3211,PURBA MEDINIPUR,0,0,0,0,0,1901,223,76129,0,0,94249,0,3074,1050.0829,1050.0829,0,0,386183,871147,0,918236,1960251,78030,0,0,61,0,0,0,NA
2024-2025,Jan,32,WEST BENGAL,3214,PURULIA,0,0,0,0,0,1,170,21223,0,0,105121,0,124097,650.22454,650.22454,0,0,250854,581830,0,524016,1127167,21224,0,0,63,0,0,0,NA
2024-2025,Dec,32,WEST BENGAL,3206,HOOGHLY,0,0,0,0,0,0,207,30872,0,0,518187,0,101732,947.20906,947.20906,0,0,669805,1271326,0,839721,1531077,30872,0,0,5,0,0,0,NA
2024-2025,Dec,32,WEST BENGAL,3213,BANKURA,0,0,0,0,0,0,190,28592,0,0,429014,0,122500,845.0258,845.0258,0,0,428788,1038487,0,686014,1538202,28592,0,0,54,100,0,0,NA
2024-2025,Dec,32,WEST BENGAL,3214,PURULIA,0,0,0,0,0,1,170,21223,0,0,105564,0,124199,650.22454,650.22454,0,0,251011,582717,0,524700,1130033,21224,0,0,63,0,0,0,NA
2024-2025,Dec,32,WEST BENGAL,3219,Darjeeling Gorkha Hill Council (DGHC),0,0,0,0,0,0,70,9799,0,0,14319,0,63311,0,0,0,0,116126,192316,0,127895,208803,9799,0,0,14,0,0,0,NA
2024-2025,Feb,32,WEST BENGAL,3225,PURBA BARDHAMAN,0,0,0,0,0,3,215,24891,0,0,504706,0,98181,0,0,0,0,669971,1377954,0,914303,1821333,24894,0,0,7,9.13,0,0,NA
2024-2025,Feb,32,WEST BENGAL,3203,BIRBHUM,0,0,0,0,0,0,167,24977,0,0,336501,0,65421,824.93778,824.93778,0,0,444187,941054,0,677528,1357429,24977,0,0,9,0,0,0,NA
2024-2025,Feb,32,WEST BENGAL,3211,PURBA MEDINIPUR,0,0,0,0,0,2750,223,77893,0,0,94251,0,3074,1162.0444,1162.0444,0,0,386183,871154,0,918263,1960307,80643,0,0,60,0,0,0,NA
2024-2025,Feb,32,WEST BENGAL,3212,MURSHIDABAD,0,0,0,0,0,0,250,88969,0,0,64990,0,7652,1047.2574,1047.2574,0,0,327900,595586,0,1232098,2083485,88969,0,0,82,0,0,0,NA
2024-2025,Feb,32,WEST BENGAL,3218,DINAJPUR UTTAR,0,0,0,0,0,0,98,78462,0,0,93590,0,9199,384.46249,384.46249,0,0,185983,367641,0,504687,934299,78462,0,0,84,100,0,0,NA
2024-2025,Feb,32,WEST BENGAL,3211,PURBA MEDINIPUR,0,0,0,0,0,2750,223,77893,0,0,94251,0,3074,1162.0444,1162.0444,0,0,386183,871155,0,918263,1960308,80643,0,0,60,0,0,0,NA
2024-2025,Feb,32,WEST BENGAL,3203,BIRBHUM,0,0,0,0,0,0,167,24977,0,0,336505,0,65421,824.93778,824.93778,0,0,444187,941063,0,677544,1357459,24977,0,0,9,0,0,0,NA
2024-2025,Dec,32,WEST BENGAL,3203,BIRBHUM,0,0,0,0,0,0,167,24977,0,0,336484,0,65420,668.02174,668.02174,0,0,444187,941012,0,677456,1357292,24977,0,0,9,0,0,0,NA
2024-2025,Dec,32,WEST BENGAL,3206,HOOGHLY,0,0,0,0,0,0,207,30872,0,0,518207,0,101733,846.89455,846.89455,0,0,669810,1271390,0,839737,1531165,30872,0,0,5,0,0,0,NA
2024-2025,Feb,32,WEST BENGAL,3204,SILIGURI MAHAKUMA PARISAD,0,0,0,0,0,0,22,2282,0,0,43440,0,28959,126.69254,126.69254,0,0,50489,99700,0,116248,215945,2282,0,0,53,0,0,0,NA
2024-2025,Feb,32,WEST BENGAL,3213,BANKURA,0,0,0,0,0,0,190,28592,0,0,429012,0,122500,954.51012,954.51012,0,0,428788,1038487,0,686013,1538205,28592,0,0,54,100,0,0,NA
2024-2025,Feb,32,WEST BENGAL,3208,COOCHBEHAR,0,0,0,0,0,0,128,73729,0,0,466254,0,5915,730.77149,730.77149,0,0,468290,910051,0,660905,1254342,73729,0,0,39,0,0,0,NA
2024-2025,Dec,32,WEST BENGAL,3211,PURBA MEDINIPUR,0,0,0,0,0,634,223,76203,0,0,94249,0,3074,938.58968,938.58968,0,0,386183,871147,0,918234,1960247,76837,0,0,61,0,0,0,NA
2024-2025,Dec,32,WEST BENGAL,3211,PURBA MEDINIPUR,0,0,0,0,0,385,223,76227,0,0,94249,0,3074,938.58968,938.58968,0,0,386183,871147,0,918234,1960247,76612,0,0,61,0,0,0,NA
2024-2025,Dec,32,WEST BENGAL,3214,PURULIA,0,0,0,0,0,1,170,21223,0,0,105567,0,124204,581.80643,581.80643,0,0,251011,582728,0,524700,1130051,21224,0,0,63,0,0,0,NA
2024-2025,Dec,32,WEST BENGAL,3204,SILIGURI MAHAKUMA PARISAD,0,0,0,0,0,0,22,2282,0,0,43451,0,28963,102.513,102.513,0,0,50493,99721,0,116263,216001,2282,0,0,53,0,0,0,NA
2024-2025,Dec,32,WEST BENGAL,3214,PURULIA,0,0,0,0,0,1,170,21223,0,0,105569,0,124204,581.80643,581.80643,0,0,251011,582732,0,524700,1130055,21224,0,0,63,0,0,0,NA
2024-2025,Jan,32,WEST BENGAL,3206,HOOGHLY,0,0,0,0,0,0,207,30872,0,0,518189,0,101732,947.20906,947.20906,0,0,669805,1271332,0,839723,1531087,30872,0,0,5,0,0,0,NA
2024-2025,Jan,32,WEST BENGAL,3210,PASCHIM MEDINIPUR,0,0,0,0,0,0,211,71632,0,0,276099,0,138450,1031.08613,1031.08613,0,0,589503,1253542,0,888409,1773389,71632,0,0,39,26.91,13.55,0,NA
2024-2025,Jan,32,WEST BENGAL,3212,MURSHIDABAD,0,0,0,0,0,0,250,88974,0,0,64990,0,7652,947.1264,947.1264,0,0,327900,595584,0,1232089,2083460,88974,0,0,82,0,0,0,NA
2024-2025,Jan,32,WEST BENGAL,3218,DINAJPUR UTTAR,0,0,0,0,0,0,98,78462,0,0,93588,0,9199,347.54772,347.54772,0,0,185983,367638,0,504681,934283,78462,0,0,84,0,0,0,NA
2024-2025,Jan,32,WEST BENGAL,3208,COOCHBEHAR,0,0,0,0,0,0,128,73729,0,0,466253,0,5915,662.30716,662.30716,0,0,468294,910049,0,660861,1254252,73729,0,0,39,0,0,0,NA
2024-2025,Jan,32,WEST BENGAL,3210,PASCHIM MEDINIPUR,0,0,0,0,0,0,211,71632,0,0,276099,0,138449,1031.08613,1031.08613,0,0,589503,1253541,0,888409,1773388,71632,0,0,39,26.91,13.55,0,NA
2024-2025,Jan,32,WEST BENGAL,3215,24 PARGANAS (NORTH),0,0,0,0,0,0,199,33730,0,0,173405,0,29399,888.11497,888.11497,0,0,313170,581734,0,873402,1521180,33730,0,0,35,0,0,0,NA
2024-2025,Jan,32,WEST BENGAL,3216,24 PARGANAS SOUTH,0,0,0,0,0,0,310,166623,0,0,255667,0,9543,1230.31847,1230.31847,0,0,767593,1377399,0,1402163,2357111,166623,0,0,63,96.76,0,0,NA
2024-2025,Jan,32,WEST BENGAL,3218,DINAJPUR UTTAR,0,0,0,0,0,0,98,78462,0,0,93588,0,9199,384.46249,384.46249,0,0,185983,367638,0,504681,934283,78462,0,0,84,0,0,0,NA
2024-2025,Jan,32,WEST BENGAL,3222,JHARGRAM,0,0,0,0,0,0,79,18778,0,0,64097,0,91412,0,0,0,0,143160,309791,0,231016,470496,18778,0,0,29,0,0,0,NA
2024-2025,Jan,32,WEST BENGAL,3225,PURBA BARDHAMAN,0,0,0,0,0,3,215,24891,0,0,504706,0,98181,0,0,0,0,669971,1377951,0,914303,1821327,24894,0,0,7,9.13,0,0,NA
2024-2025,Feb,32,WEST BENGAL,3208,COOCHBEHAR,0,0,0,0,0,0,128,73729,0,0,466258,0,5915,730.77149,730.77149,0,0,468290,910055,0,660910,1254357,73729,0,0,39,0,0,0,NA
2024-2025,Feb,32,WEST BENGAL,3214,PURULIA,0,0,0,0,0,1,170,21223,0,0,105097,0,124098,718.65273,718.65273,0,0,250832,581758,0,523947,1126921,21224,0,0,63,0,0,0,NA
2024-2025,Jan,32,WEST BENGAL,3210,PASCHIM MEDINIPUR,0,0,0,0,0,0,211,71632,0,0,276098,0,138449,1031.08613,1031.08613,0,0,589503,1253538,0,888408,1773381,71632,0,0,39,26.91,13.55,0,NA
2024-2025,Jan,32,WEST BENGAL,3214,PURULIA,0,0,0,0,0,1,170,21223,0,0,105322,0,124129,650.22454,650.22454,0,0,250924,582222,0,524400,1128827,21224,0,0,63,0,0,0,NA
2024-2025,Jan,32,WEST BENGAL,3215,24 PARGANAS (NORTH),0,0,0,0,0,0,199,33730,0,0,173404,0,29397,803.25509,803.25509,0,0,313170,581724,0,873397,1521137,33730,0,0,35,0,0,0,NA
2024-2025,Feb,32,WEST BENGAL,3201,NADIA,0,0,0,0,0,0,185,22419,0,0,121061,0,13075,877.71248,877.71248,0,0,260685,553900,0,764486,1486354,22419,0,0,52,0,0,0,NA
2024-2025,Feb,32,WEST BENGAL,3212,MURSHIDABAD,0,0,0,0,0,0,250,88969,0,0,64990,0,7652,1047.2574,1047.2574,0,0,327900,595589,0,1232098,2083496,88969,0,0,82,0,0,0,NA
2024-2025,Feb,32,WEST BENGAL,3213,BANKURA,0,0,0,0,0,0,190,28592,0,0,429012,0,122500,964.43392,964.43392,0,0,428788,1038488,0,686013,1538206,28592,0,0,54,100,0,0,NA
2024-2025,Feb,32,WEST BENGAL,3204,SILIGURI MAHAKUMA PARISAD,0,0,0,0,0,0,22,2282,0,0,43440,0,28959,126.69254,126.69254,0,0,50489,99700,0,116248,215950,2282,0,0,53,0,0,0,NA
2024-2025,Feb,32,WEST BENGAL,3206,HOOGHLY,0,0,0,0,0,0,207,30872,0,0,518190,0,101732,1047.36049,1047.36049,0,0,669805,1271334,0,839729,1531099,30872,0,0,5,0,0,0,NA
2024-2025,Feb,32,WEST BENGAL,3208,COOCHBEHAR,0,0,0,0,0,0,128,73729,0,0,466271,0,5915,730.77149,730.77149,0,0,468290,910075,0,660932,1254432,73729,0,0,39,0,0,0,NA
2024-2025,Feb,32,WEST BENGAL,3210,PASCHIM MEDINIPUR,0,0,0,0,0,0,211,71624,0,0,276102,0,138450,1140.80964,1140.80964,0,0,589503,1253557,0,888410,1773407,71624,0,0,39,26.91,13.55,0,NA
2024-2025,Feb,32,WEST BENGAL,3207,JALPAIGURI,0,0,0,0,0,0,80,29988,0,0,236095,0,81889,434.12228,434.12228,0,0,300581,600254,0,404319,775998,29988,0,0,11,0,0,0,NA
2024-2025,Feb,32,WEST BENGAL,3209,MALDAH,0,0,0,0,0,0,146,39691,0,0,116008,0,37379,607.28776,607.28776,0,0,334524,570380,0,722769,1170460,39691,0,0,48,0,0,0,NA
2024-2025,Feb,32,WEST BENGAL,3215,24 PARGANAS (NORTH),0,0,0,0,0,0,199,33730,0,0,173407,0,29399,888.11497,888.11497,0,0,313170,581745,0,873410,1521231,33730,0,0,35,0,0,0,NA
2024-2025,Oct,32,WEST BENGAL,3222,JHARGRAM,0,0,0,0,0,0,79,23787,0,0,64094,0,91412,0,0,0,0,143160,309784,0,231014,470480,23787,0,0,44,0,0,0,NA
2024-2025,Oct,32,WEST BENGAL,3210,PASCHIM MEDINIPUR,0,0,0,0,0,0,211,87860,0,0,276115,0,138465,701.29694,701.29694,0,0,589506,1253620,0,888426,1773511,87860,0,0,50,0,0,0,NA
2024-2025,Oct,32,WEST BENGAL,3212,MURSHIDABAD,0,0,0,0,0,0,250,106885,0,0,64990,0,7652,649.28649,649.28649,0,0,327900,595579,0,1232052,2083367,106885,0,0,85,0,0,0,NA
2024-2025,Oct,32,WEST BENGAL,3201,NADIA,0,0,0,0,0,0,185,23808,0,0,121054,0,13075,546.23616,546.23616,0,0,260685,553847,0,764477,1486244,23808,0,0,55,0,0,0,NA
2024-2025,Oct,32,WEST BENGAL,3212,MURSHIDABAD,0,0,0,0,0,0,250,106885,0,0,64990,0,7652,649.28649,649.28649,0,0,327900,595579,0,1232054,2083372,106885,0,0,85,0,0,0,NA
2024-2025,Oct,32,WEST BENGAL,3213,BANKURA,0,0,0,0,0,0,190,29967,0,0,429012,0,122500,679.99609,679.99609,0,0,428788,1038482,0,686009,1538191,29967,0,0,56,100,0,0,NA
2024-2025,Oct,32,WEST BENGAL,3214,PURULIA,0,0,0,0,0,1,170,24059,0,0,105732,0,124779,444.439,444.439,0,0,251062,584149,0,525091,1133197,24060,0,0,67,0,0,0,NA
2024-2025,Oct,32,WEST BENGAL,3216,24 PARGANAS SOUTH,0,0,0,0,0,0,310,191888,0,0,255814,0,9543,876.56285,876.56285,0,0,767918,1379372,0,1403509,2361923,191888,0,0,68,0,0,0,NA
2024-2025,Sep,32,WEST BENGAL,3204,SILIGURI MAHAKUMA PARISAD,0,0,0,0,0,0,22,2336,0,0,43515,0,29029,61.88369,61.88369,0,0,50505,99895,0,116315,216367,2336,0,0,54,0,0,0,NA
2024-2025,Sep,32,WEST BENGAL,3207,JALPAIGURI,0,0,0,0,0,0,80,31776,0,0,236076,0,81887,213.06389,213.06389,0,0,300581,600221,0,404317,775938,31776,0,0,16,0,0,0,NA
2024-2025,Sep,32,WEST BENGAL,3225,PURBA BARDHAMAN,0,0,0,0,0,2,215,30167,0,0,504724,0,98175,0,0,0,0,669977,1377972,0,914301,1821329,30169,0,0,23,0,0,0,NA
2024-2025,Oct,32,WEST BENGAL,3212,MURSHIDABAD,0,0,0,0,0,0,250,106885,0,0,64990,0,7652,649.28649,649.28649,0,0,327900,595579,0,1232052,2083369,106885,0,0,85,0,0,0,NA
2024-2025,Jan,32,WEST BENGAL,3205,HOWRAH,0,0,0,0,0,0,157,16594,0,0,54681,0,800,380.26916,380.26916,0,0,161738,261426,0,406450,578739,16594,0,0,12,0,0,0,NA
2024-2025,Jan,32,WEST BENGAL,3208,COOCHBEHAR,0,0,0,0,0,0,128,73729,0,0,466249,0,5915,662.30716,662.30716,0,0,468294,910045,0,660860,1254246,73729,0,0,39,0,0,0,NA
2024-2025,Jan,32,WEST BENGAL,3214,PURULIA,0,0,0,0,0,1,170,21223,0,0,105094,0,124097,650.22454,650.22454,0,0,250832,581753,0,523892,1126822,21224,0,0,63,0,0,0,NA
2024-2025,Jan,32,WEST BENGAL,3208,COOCHBEHAR,0,0,0,0,0,0,128,73729,0,0,466256,0,5915,662.30716,662.30716,0,0,468295,910057,0,660855,1254249,73729,0,0,39,0,0,0,NA
2024-2025,Jan,32,WEST BENGAL,3210,PASCHIM MEDINIPUR,0,0,0,0,0,0,211,71632,0,0,276099,0,138449,1031.08613,1031.08613,0,0,589503,1253539,0,888409,1773385,71632,0,0,39,26.91,13.55,0,NA
2024-2025,Jan,32,WEST BENGAL,3219,Darjeeling Gorkha Hill Council (DGHC),0,0,0,0,0,0,70,9799,0,0,14319,0,63311,0,0,0,0,116126,192316,0,127895,208803,9799,0,0,14,0,0,0,NA
2024-2025,Jan,32,WEST BENGAL,3212,MURSHIDABAD,0,0,0,0,0,0,250,88970,0,0,64990,0,7652,1045.2574,1045.2574,0,0,327900,595584,0,1232089,2083460,88970,0,0,82,0,0,0,NA
2024-2025,Jan,32,WEST BENGAL,3216,24 PARGANAS SOUTH,0,0,0,0,0,0,310,166620,0,0,255667,0,9543,1230.31847,1230.31847,0,0,767593,1377402,0,1402163,2357114,166620,0,0,63,96.76,0,0,NA
2024-2025,Jan,32,WEST BENGAL,3201,NADIA,0,0,0,0,0,0,185,22419,0,0,121059,0,13075,795.56601,795.56601,0,0,260685,553862,0,764484,1486286,22419,0,0,52,5.02,0,0,NA
2024-2025,Jan,32,WEST BENGAL,3214,PURULIA,0,0,0,0,0,1,170,21223,0,0,105269,0,124105,650.22454,650.22454,0,0,250899,582115,0,524324,1128431,21224,0,0,63,0,0,0,NA
2024-2025,Jan,32,WEST BENGAL,3207,JALPAIGURI,0,0,0,0,0,0,80,29988,0,0,236093,0,81889,392.92929,392.92929,0,0,300581,600250,0,404318,775986,29988,0,0,11,0,0,0,NA
2024-2025,Jan,32,WEST BENGAL,3214,PURULIA,0,0,0,0,0,1,170,21223,0,0,105184,0,124101,650.22454,650.22454,0,0,250880,581938,0,524171,1127651,21224,0,0,63,0,0,0,NA
2024-2025,Jan,32,WEST BENGAL,3203,BIRBHUM,0,0,0,0,0,0,167,24977,0,0,336494,0,65420,746.70873,746.70873,0,0,444187,941026,0,677500,1357366,24977,0,0,9,0,0,0,NA
2024-2025,Jan,32,WEST BENGAL,3214,PURULIA,0,0,0,0,0,1,170,21223,0,0,105471,0,124153,650.22454,650.22454,0,0,250965,582444,0,524571,1129396,21224,0,0,63,0,0,0,NA
2024-2025,Jan,32,WEST BENGAL,3210,PASCHIM MEDINIPUR,0,0,0,0,0,0,211,71632,0,0,276099,0,138449,1031.08613,1031.08613,0,0,589503,1253540,0,888409,1773386,71632,0,0,39,26.91,13.55,0,NA
2024-2025,Jan,32,WEST BENGAL,3218,DINAJPUR UTTAR,0,0,0,0,0,0,98,78462,0,0,93588,0,9199,347.54772,347.54772,0,0,185983,367638,0,504675,934266,78462,0,0,84,0,0,0,NA
2024-2025,March,32,WEST BENGAL,3204,SILIGURI MAHAKUMA PARISAD,0,0,0,0,0,0,22,2282,0,0,43440,0,28960,138.78231,138.78231,0,0,50489,99701,0,116248,215953,2282,0,0,53,0,0,0,NA
2024-2025,March,32,WEST BENGAL,3211,PURBA MEDINIPUR,0,0,0,0,0,2772,223,77891,0,0,94251,0,3074,1273.3309,1273.3309,0,0,386183,871157,0,918271,1960335,80663,0,0,60,0,0,0,NA
2024-2025,March,32,WEST BENGAL,3220,ALIPURDUAR,0,0,0,0,0,0,64,61730,0,0,146407,0,115849,0,0,0,0,272547,546692,0,326723,638832,61730,0,0,56,21.14,24.8,0,NA
2024-2025,March,32,WEST BENGAL,3215,24 PARGANAS (NORTH),0,0,0,0,0,0,199,33730,0,0,173408,0,29400,973.02675,973.02675,0,0,313170,581753,0,873410,1521253,33730,0,0,35,0,0,0,NA
2024-2025,March,32,WEST BENGAL,3222,JHARGRAM,0,0,0,0,0,0,79,18777,0,0,64099,0,91414,0,0,0,0,143160,309801,0,231016,470523,18777,0,0,29,0,0,0,NA
2024-2025,March,32,WEST BENGAL,3201,NADIA,0,0,0,0,0,0,185,22419,0,0,121061,0,13075,959.60035,959.60035,0,0,260685,553904,0,764487,1486364,22419,0,0,52,0,0,0,NA
2024-2025,March,32,WEST BENGAL,3225,PURBA BARDHAMAN,0,0,0,0,0,3,215,24891,0,0,504715,0,98185,0,0,0,0,669971,1377982,0,914309,1821372,24894,0,0,7,9.13,0,0,NA
2024-2025,March,32,WEST BENGAL,3208,COOCHBEHAR,0,0,0,0,0,0,128,73729,0,0,466274,0,5915,799.23582,799.23582,0,0,468290,910079,0,660946,1254465,73729,0,0,39,0,0,0,NA
2024-2025,March,32,WEST BENGAL,3214,PURULIA,0,0,0,0,0,1,170,21223,0,0,105097,0,124098,787.09028,787.09028,0,0,250832,581758,0,523982,1126977,21224,0,0,63,0,0,0,NA
2024-2025,March,32,WEST BENGAL,3201,NADIA,0,0,0,0,0,0,185,22419,0,0,121061,0,13075,959.60035,959.60035,0,0,260685,553913,0,764488,1486380,22419,0,0,52,0,0,0,NA
2024-2025,March,32,WEST BENGAL,3225,PURBA BARDHAMAN,0,0,0,0,0,3,215,24891,0,0,504717,0,98185,0,0,0,0,669971,1377989,0,914311,1821387,24894,0,0,7,9.13,0,0,NA
2024-2025,March,32,WEST BENGAL,3214,PURULIA,0,0,0,0,0,1,170,21223,0,0,105098,0,124099,858.09932,858.09932,0,0,250832,581761,0,523988,1126996,21224,0,0,63,0,0,0,NA
2024-2025,March,32,WEST BENGAL,3201,NADIA,0,0,0,0,0,0,185,22419,0,0,121061,0,13075,1030.89198,1030.89198,0,0,260685,553918,0,764488,1486395,22419,0,0,52,0,0,0,NA
2024-2025,March,32,WEST BENGAL,3205,HOWRAH,0,0,0,0,0,0,157,16594,0,0,54682,0,800,501.55496,501.55496,0,0,161738,261432,0,406511,578822,16594,0,0,12,0,0,0,NA
2024-2025,March,32,WEST BENGAL,3212,MURSHIDABAD,0,0,0,0,0,0,250,88968,0,0,64990,0,7652,1261.81441,1261.81441,0,0,327900,595597,0,1232100,2083514,88968,0,0,82,0,0,0,NA
2024-2025,March,32,WEST BENGAL,3215,24 PARGANAS (NORTH),0,0,0,0,0,0,199,33730,0,0,173408,0,29400,1032.0175,1032.0175,0,0,313170,581758,0,873453,1521316,33730,0,0,35,0,0,0,NA
2024-2025,March,32,WEST BENGAL,3201,NADIA,0,0,0,0,0,0,185,22419,0,0,121061,0,13075,959.60035,959.60035,0,0,260685,553916,0,764488,1486383,22419,0,0,52,0,0,0,NA
2024-2025,March,32,WEST BENGAL,3202,PASCHIM BARDHAMAN,0,0,0,0,0,0,62,2054,0,0,78437,0,21986,364.77348,364.77348,0,0,69781,152674,0,140168,286678,2054,0,0,10,0,0,0,NA
2024-2025,March,32,WEST BENGAL,3203,BIRBHUM,0,0,0,0,0,0,167,24977,0,0,336511,0,65423,903.03583,903.03583,0,0,444187,941092,0,677551,1357507,24977,0,0,9,0,0,0,NA
2024-2025,March,32,WEST BENGAL,3212,MURSHIDABAD,0,0,0,0,0,0,250,88968,0,0,64990,0,7652,1144.91722,1144.91722,0,0,327900,595597,0,1232099,2083513,88968,0,0,82,0,0,0,NA
2024-2025,March,32,WEST BENGAL,3214,PURULIA,0,0,0,0,0,1,170,21223,0,0,105098,0,124098,787.09028,787.09028,0,0,250832,581760,0,523988,1126995,21224,0,0,63,0,0,0,NA
2024-2025,March,32,WEST BENGAL,3201,NADIA,0,0,0,0,0,0,185,22419,0,0,121061,0,13075,959.60035,959.60035,0,0,260685,553906,0,764487,1486370,22419,0,0,52,0,0,0,NA
2024-2025,March,32,WEST BENGAL,3212,MURSHIDABAD,0,0,0,0,0,0,250,88969,0,0,64990,0,7652,1144.91722,1144.91722,0,0,327900,595597,0,1232098,2083508,88969,0,0,82,0,0,0,NA
2024-2025,March,32,WEST BENGAL,3216,24 PARGANAS SOUTH,0,0,0,0,0,0,310,166614,0,0,255669,0,9543,1347.72181,1347.72181,0,0,767592,1377409,0,1402163,2357125,166614,0,0,63,99.02,0,0,NA
2024-2025,March,32,WEST BENGAL,3216,24 PARGANAS SOUTH,0,0,0,0,0,0,310,166614,0,0,255669,0,9543,1347.72181,1347.72181,0,0,767592,1377410,0,1402164,2357129,166614,0,0,63,99.02,0,0,NA
2024-2025,March,32,WEST BENGAL,3203,BIRBHUM,0,0,0,0,0,0,167,24977,0,0,336506,0,65423,903.03583,903.03583,0,0,444187,941078,0,677545,1357480,24977,0,0,9,0,0,0,NA
2024-2025,March,32,WEST BENGAL,3210,PASCHIM MEDINIPUR,0,0,0,0,0,0,211,71624,0,0,276103,0,138449,1250.32818,1250.32818,0,0,589503,1253557,0,888411,1773411,71624,0,0,39,26.91,13.55,0,NA
2024-2025,March,32,WEST BENGAL,3215,24 PARGANAS (NORTH),0,0,0,0,0,0,199,33730,0,0,173408,0,29400,973.02675,973.02675,0,0,313170,581755,0,873411,1521257,33730,0,0,35,0,0,0,NA
2024-2025,March,32,WEST BENGAL,3203,BIRBHUM,0,0,0,0,0,0,167,24977,0,0,336505,0,65421,903.03583,903.03583,0,0,444187,941068,0,677528,1357451,24977,0,0,9,0,0,0,NA
2024-2025,March,32,WEST BENGAL,3204,SILIGURI MAHAKUMA PARISAD,0,0,0,0,0,0,22,2282,0,0,43440,0,28960,138.78231,138.78231,0,0,50489,99701,0,116248,215952,2282,0,0,53,0,0,0,NA
2024-2025,March,32,WEST BENGAL,3206,HOOGHLY,0,0,0,0,0,0,207,30872,0,0,518190,0,101732,1147.32622,1147.32622,0,0,669805,1271336,0,839730,1531102,30872,0,0,5,0,0,0,NA
2024-2025,March,32,WEST BENGAL,3213,BANKURA,0,0,0,0,0,0,190,28590,0,0,429013,0,122500,1055.35356,1055.35356,0,0,428788,1038489,0,686013,1538207,28590,0,0,54,100,0,0,NA
2024-2025,March,32,WEST BENGAL,3207,JALPAIGURI,0,0,0,0,0,0,80,29988,0,0,236095,0,81889,475.31527,475.31527,0,0,300581,600256,0,404321,776004,29988,0,0,11,0,0,0,NA
2024-2025,March,32,WEST BENGAL,3203,BIRBHUM,0,0,0,0,0,0,167,24977,0,0,336505,0,65421,903.03583,903.03583,0,0,444187,941067,0,677525,1357447,24977,0,0,9,0,0,0,NA
2024-2025,April,32,WEST BENGAL,3211,PURBA MEDINIPUR,0,0,0,0,0,0,223,80949,0,0,94238,0,3074,1.14,1.14,0,0,386183,871071,0,918126,1959817,80949,0,0,63,0,0,0,NA
2024-2025,April,32,WEST BENGAL,3214,PURULIA,0,0,0,0,0,0,170,24060,0,0,105722,0,124769,0.54,0.54,0,0,251062,584073,0,524954,1132726,24060,0,0,67,0,0,0,NA
2024-2025,April,32,WEST BENGAL,3216,24 PARGANAS SOUTH,0,0,0,0,0,0,310,191888,0,0,255822,0,9543,9.06,9.06,0,0,767945,1379428,0,1403495,2361918,191888,0,0,68,0,0,0,NA
2024-2025,June,32,WEST BENGAL,3213,BANKURA,0,0,0,0,0,0,190,29967,0,0,429105,0,122536,188.72741,188.72741,0,0,428826,1038674,0,686327,1538830,29967,0,0,56,0,0,0,NA
2024-2025,June,32,WEST BENGAL,3205,HOWRAH,0,0,0,0,0,0,157,18268,0,0,54658,0,799,84.65002,84.65002,0,0,161738,261290,0,404811,576714,18268,0,0,20,0,0,0,NA
2024-2025,June,32,WEST BENGAL,3222,JHARGRAM,0,0,0,0,0,0,79,23787,0,0,64089,0,91431,0,0,0,0,143162,309793,0,231017,470493,23787,0,0,44,0,0,0,NA
2024-2025,June,32,WEST BENGAL,3225,PURBA BARDHAMAN,0,0,0,0,0,0,215,30168,0,0,504716,0,98174,0,0,0,0,669981,1377892,0,914286,1821183,30168,0,0,23,0,0,0,NA
2024-2025,June,32,WEST BENGAL,3207,JALPAIGURI,0,0,0,0,0,0,80,31776,0,0,236062,0,81877,85.99089,85.99089,0,0,300581,600182,0,404316,775853,31776,0,0,16,0,0,0,NA
2024-2025,June,32,WEST BENGAL,3213,BANKURA,0,0,0,0,0,0,190,29967,0,0,429095,0,122530,188.72741,188.72741,0,0,428814,1038641,0,686246,1538695,29967,0,0,56,0,0,0,NA
2024-2025,June,32,WEST BENGAL,3203,BIRBHUM,0,0,0,0,0,0,167,26930,0,0,336430,0,65402,166.24766,166.24766,0,0,444189,940832,0,677285,1356808,26930,0,0,16,0,0,0,NA
2024-2025,June,32,WEST BENGAL,3205,HOWRAH,0,0,0,0,0,0,157,18268,0,0,54658,0,799,84.65002,84.65002,0,0,161738,261290,0,404856,576759,18268,0,0,20,0,0,0,NA
2024-2025,June,32,WEST BENGAL,3207,JALPAIGURI,0,0,0,0,0,0,80,31776,0,0,236062,0,81878,85.99089,85.99089,0,0,300581,600183,0,404316,775855,31776,0,0,16,0,0,0,NA
2024-2025,June,32,WEST BENGAL,3212,MURSHIDABAD,0,0,0,0,0,0,250,106885,0,0,64996,0,7656,219.04229,219.04229,0,0,328032,595658,0,1232699,2083727,106885,0,0,85,0,0,0,NA
2024-2025,June,32,WEST BENGAL,3214,PURULIA,0,0,0,0,0,0,170,24060,0,0,105726,0,124770,137.6703,137.6703,0,0,251062,584084,0,524960,1132760,24060,0,0,67,0,0,0,NA
2024-2025,June,32,WEST BENGAL,3222,JHARGRAM,0,0,0,0,0,0,79,23787,0,0,64090,0,91431,0,0,0,0,143162,309794,0,231017,470501,23787,0,0,44,0,0,0,NA
2024-2025,June,32,WEST BENGAL,3225,PURBA BARDHAMAN,0,0,0,0,0,0,215,30168,0,0,504717,0,98174,0,0,0,0,669981,1377903,0,914286,1821198,30168,0,0,23,0,0,0,NA
2024-2025,May,32,WEST BENGAL,3214,PURULIA,0,0,0,0,0,0,170,24060,0,0,105725,0,124770,69.10515,69.10515,0,0,251062,584079,0,524956,1132741,24060,0,0,67,0,0,0,NA
2024-2025,May,32,WEST BENGAL,3218,DINAJPUR UTTAR,0,0,0,0,0,0,98,84348,0,0,95214,0,9388,43.58697,43.58697,0,0,187051,374783,0,509610,951880,84348,0,0,85,0,0,0,NA
2024-2025,May,32,WEST BENGAL,3202,PASCHIM BARDHAMAN,0,0,0,0,0,0,62,2608,0,0,78434,0,21981,65.70752,65.70752,0,0,69781,152662,0,140106,286585,2608,0,0,29,0,0,0,NA
2024-2025,May,32,WEST BENGAL,3205,HOWRAH,0,0,0,0,0,0,157,18268,0,0,54658,0,799,84.65002,84.65002,0,0,161738,261290,0,404798,576701,18268,0,0,20,0,0,0,NA
2024-2025,May,32,WEST BENGAL,3207,JALPAIGURI,0,0,0,0,0,0,80,31776,0,0,236058,0,81868,85.1493,85.1493,0,0,300581,600167,0,404316,775827,31776,0,0,16,0,0,0,NA
2024-2025,May,32,WEST BENGAL,3213,BANKURA,0,0,0,0,0,0,190,29967,0,0,429103,0,122536,188.72741,188.72741,0,0,428826,1038672,0,686327,1538828,29967,0,0,56,0,0,0,NA
2024-2025,May,32,WEST BENGAL,3218,DINAJPUR UTTAR,0,0,0,0,0,0,98,84348,0,0,95214,0,9388,80.69394,80.69394,0,0,187051,374783,0,509610,951880,84348,0,0,85,0,0,0,NA
2024-2025,May,32,WEST BENGAL,3220,ALIPURDUAR,0,0,0,0,0,0,64,64330,0,0,146404,0,115840,0,0,0,0,272547,546674,0,326714,638798,64330,0,0,58,0,0,0,NA
2024-2025,June,32,WEST BENGAL,3203,BIRBHUM,0,0,0,0,0,0,167,26930,0,0,336430,0,65402,166.24766,166.24766,0,0,444189,940832,0,677290,1356816,26930,0,0,16,0,0,0,NA
2024-2025,June,32,WEST BENGAL,3225,PURBA BARDHAMAN,0,0,0,0,0,0,215,30168,0,0,504717,0,98174,0,0,0,0,669981,1377905,0,914286,1821201,30168,0,0,23,0,0,0,NA
2024-2025,May,32,WEST BENGAL,3203,BIRBHUM,0,0,0,0,0,0,167,26930,0,0,336429,0,65401,86.16313,86.16313,0,0,444190,940818,0,677400,1356903,26930,0,0,16,0,0,0,NA
2024-2025,May,32,WEST BENGAL,3203,BIRBHUM,0,0,0,0,0,0,167,26930,0,0,336429,0,65401,86.16313,86.16313,0,0,444190,940819,0,677409,1356914,26930,0,0,16,0,0,0,NA
2024-2025,May,32,WEST BENGAL,3207,JALPAIGURI,0,0,0,0,0,0,80,31776,0,0,236058,0,81868,43.02465,43.02465,0,0,300581,600167,0,404316,775827,31776,0,0,16,0,0,0,NA
2024-2025,May,32,WEST BENGAL,3213,BANKURA,0,0,0,0,0,0,190,29967,0,0,429103,0,122536,96.9057,96.9057,0,0,428826,1038672,0,686327,1538828,29967,0,0,56,0,0,0,NA
2024-2025,May,32,WEST BENGAL,3203,BIRBHUM,0,0,0,0,0,0,167,26930,0,0,336429,0,65401,86.16313,86.16313,0,0,444190,940818,0,677409,1356913,26930,0,0,16,0,0,0,NA
2024-2025,May,32,WEST BENGAL,3212,MURSHIDABAD,0,0,0,0,0,0,250,106885,0,0,64995,0,7656,119.3807,119.3807,0,0,328032,595647,0,1232672,2083659,106885,0,0,85,0,0,0,NA
2024-2025,May,32,WEST BENGAL,3218,DINAJPUR UTTAR,0,0,0,0,0,0,98,84348,0,0,95214,0,9388,43.58697,43.58697,0,0,187051,374783,0,509610,951877,84348,0,0,85,0,0,0,NA
2024-2025,June,32,WEST BENGAL,3212,MURSHIDABAD,0,0,0,0,0,0,250,106885,0,0,64995,0,7656,219.04229,219.04229,0,0,328032,595648,0,1232672,2083660,106885,0,0,85,0,0,0,NA
2024-2025,June,32,WEST BENGAL,3207,JALPAIGURI,0,0,0,0,0,0,80,31776,0,0,236061,0,81874,85.99089,85.99089,0,0,300581,600178,0,404316,775846,31776,0,0,16,0,0,0,NA
2024-2025,June,32,WEST BENGAL,3214,PURULIA,0,0,0,0,0,0,170,24060,0,0,105725,0,124770,137.6703,137.6703,0,0,251062,584081,0,524957,1132745,24060,0,0,67,0,0,0,NA
2024-2025,June,32,WEST BENGAL,3216,24 PARGANAS SOUTH,0,0,0,0,0,0,310,191888,0,0,255822,0,9543,248.51679,248.51679,0,0,767945,1379430,0,1403503,2361933,191888,0,0,68,0,0,0,NA
2024-2025,June,32,WEST BENGAL,3225,PURBA BARDHAMAN,0,0,0,0,0,0,215,30168,0,0,504717,0,98174,0,0,0,0,669981,1377899,0,914286,1821192,30168,0,0,23,0,0,0,NA
2024-2025,June,32,WEST BENGAL,3203,BIRBHUM,0,0,0,0,0,0,167,26930,0,0,336430,0,65401,166.24766,166.24766,0,0,444189,940829,0,677284,1356803,26930,0,0,16,0,0,0,NA
2024-2025,June,32,WEST BENGAL,3205,HOWRAH,0,0,0,0,0,0,157,18268,0,0,54658,0,799,84.65002,84.65002,0,0,161738,261290,0,404851,576754,18268,0,0,20,0,0,0,NA
2024-2025,June,32,WEST BENGAL,3214,PURULIA,0,0,0,0,0,0,170,24060,0,0,105725,0,124770,137.6703,137.6703,0,0,251062,584082,0,524958,1132748,24060,0,0,67,0,0,0,NA
2024-2025,June,32,WEST BENGAL,3217,DINAJPUR DAKSHIN,0,0,0,0,0,0,64,13890,0,0,71272,0,42797,65.83756,65.83756,0,0,130822,262898,0,277899,521644,13890,0,0,37,0,0,0,NA
2024-2025,June,32,WEST BENGAL,3225,PURBA BARDHAMAN,0,0,0,0,0,0,215,30168,0,0,504717,0,98174,0,0,0,0,669981,1377901,0,914286,1821196,30168,0,0,23,0,0,0,NA
2024-2025,June,32,WEST BENGAL,3201,NADIA,0,0,0,0,0,0,185,23808,0,0,121044,0,13075,184.32998,184.32998,0,0,260685,553797,0,764455,1486049,23808,0,0,55,0,0,0,NA
2024-2025,June,32,WEST BENGAL,3205,HOWRAH,0,0,0,0,0,0,157,18268,0,0,54658,0,799,84.65002,84.65002,0,0,161738,261290,0,404855,576758,18268,0,0,20,0,0,0,NA
2024-2025,June,32,WEST BENGAL,3206,HOOGHLY,0,0,0,0,0,0,207,32921,0,0,518148,0,101719,206.79322,206.79322,0,0,669811,1271189,0,839481,1530577,32921,0,0,10,0,0,0,NA
2024-2025,June,32,WEST BENGAL,3208,COOCHBEHAR,0,0,0,0,0,0,128,73782,0,0,466274,0,5918,152.0582,152.0582,0,0,468290,910056,0,660604,1253816,73782,0,0,39,100,0,0,NA
2024-2025,June,32,WEST BENGAL,3213,BANKURA,0,0,0,0,0,0,190,29967,0,0,429066,0,122515,188.72741,188.72741,0,0,428809,1038573,0,686217,1538533,29967,0,0,56,0,0,0,NA
2024-2025,June,32,WEST BENGAL,3212,MURSHIDABAD,0,0,0,0,0,0,250,106885,0,0,64996,0,7656,219.04229,219.04229,0,0,328032,595650,0,1232674,2083666,106885,0,0,85,0,0,0,NA
2024-2025,June,32,WEST BENGAL,3211,PURBA MEDINIPUR,0,0,0,0,0,0,223,80949,0,0,94238,0,3074,226.1946,226.1946,0,0,386183,871075,0,918127,1959827,80949,0,0,63,0,0,0,NA
2024-2025,June,32,WEST BENGAL,3212,MURSHIDABAD,0,0,0,0,0,0,250,106885,0,0,64996,0,7656,219.04229,219.04229,0,0,328032,595649,0,1232672,2083662,106885,0,0,85,0,0,0,NA
2024-2025,June,32,WEST BENGAL,3207,JALPAIGURI,0,0,0,0,0,0,80,31776,0,0,236061,0,81871,85.1493,85.1493,0,0,300581,600175,0,404316,775838,31776,0,0,16,0,0,0,NA
2024-2025,June,32,WEST BENGAL,3210,PASCHIM MEDINIPUR,0,0,0,0,0,0,211,87860,0,0,276199,0,138531,223.10253,223.10253,0,0,589516,1253840,0,888472,1773896,87860,0,0,50,0,0,0,NA
2024-2025,June,32,WEST BENGAL,3213,BANKURA,0,0,0,0,0,0,190,29967,0,0,429099,0,122532,188.72741,188.72741,0,0,428823,1038654,0,686292,1538753,29967,0,0,56,0,0,0,NA
2024-2025,Aug,32,WEST BENGAL,3219,Darjeeling Gorkha Hill Council (DGHC),0,0,0,0,0,0,70,10272,0,0,14319,0,63310,0,0,0,0,116126,192310,0,127895,208796,10272,0,0,18,0,0,0,NA
2024-2025,Aug,32,WEST BENGAL,3208,COOCHBEHAR,0,0,0,0,0,0,128,73782,0,0,466239,0,5915,295.11291,295.11291,0,0,468295,910010,0,660788,1254046,73782,0,0,39,0,0,0,NA
2024-2025,Aug,32,WEST BENGAL,3210,PASCHIM MEDINIPUR,0,0,0,0,0,0,211,87860,0,0,276183,0,138492,444.03165,444.03165,0,0,589515,1253778,0,888478,1773831,87860,0,0,50,0,0,0,NA
2024-2025,Aug,32,WEST BENGAL,3211,PURBA MEDINIPUR,0,0,0,0,0,7,223,80947,0,0,94244,0,3074,451.2492,451.2492,0,0,386183,871112,0,918142,1960001,80954,0,0,63,0,0,0,NA
2024-2025,Aug,32,WEST BENGAL,3214,PURULIA,0,0,0,0,0,0,170,24060,0,0,105729,0,124774,274.41808,274.41808,0,0,251062,584124,0,525062,1133072,24060,0,0,67,0,0,0,NA
2024-2025,Aug,32,WEST BENGAL,3215,24 PARGANAS (NORTH),0,0,0,0,0,0,199,85386,0,0,173397,0,29397,353.23019,353.23019,0,0,313170,581710,0,873391,1521079,85386,0,0,74,0,0,0,NA
2024-2025,Aug,32,WEST BENGAL,3218,DINAJPUR UTTAR,0,0,0,0,0,0,98,84348,0,0,93585,0,9199,154.90788,154.90788,0,0,185988,367638,0,504657,934159,84348,0,0,85,0,0,0,NA
2024-2025,Aug,32,WEST BENGAL,3214,PURULIA,0,0,0,0,0,0,170,24060,0,0,105729,0,124772,274.41808,274.41808,0,0,251062,584119,0,525049,1133031,24060,0,0,67,0,0,0,NA
2024-2025,Aug,32,WEST BENGAL,3216,24 PARGANAS SOUTH,0,0,0,0,0,0,310,191888,0,0,255825,0,9543,485.83181,485.83181,0,0,767944,1379441,0,1403537,2362007,191888,0,0,68,0,0,0,NA
2024-2025,Aug,32,WEST BENGAL,3218,DINAJPUR UTTAR,0,0,0,0,0,0,98,84348,0,0,95231,0,9390,154.90788,154.90788,0,0,187051,374814,0,509974,952360,84348,0,0,85,0,0,0,NA
2024-2025,Aug,32,WEST BENGAL,3221,KALIMPONG,0,0,0,0,0,0,42,4520,0,0,5482,0,28234,15.86744,15.86744,0,0,53634,86600,0,55785,89479,4520,0,0,23,0,0,0,NA
2024-2025,Aug,32,WEST BENGAL,3222,JHARGRAM,0,0,0,0,0,0,79,23787,0,0,64091,0,91430,0,0,0,0,143161,309800,0,231016,470516,23787,0,0,44,0,0,0,NA
2024-2025,Aug,32,WEST BENGAL,3208,COOCHBEHAR,0,0,0,0,0,0,128,73782,0,0,466227,0,5915,295.11291,295.11291,0,0,468295,909982,0,660704,1253864,73782,0,0,39,0,0,0,NA
2024-2025,Aug,32,WEST BENGAL,3225,PURBA BARDHAMAN,0,0,0,0,0,1,215,30168,0,0,504724,0,98176,0,0,0,0,669981,1377948,0,914298,1821290,30169,0,0,23,0,0,0,NA
2024-2025,Dec,32,WEST BENGAL,3222,JHARGRAM,0,0,0,0,0,0,79,18778,0,0,64097,0,91412,0,0,0,0,143160,309789,0,231015,470491,18778,0,0,29,0,0,0,NA
2024-2025,Dec,32,WEST BENGAL,3211,PURBA MEDINIPUR,0,0,0,0,0,10,223,76357,0,0,94249,0,3074,938.58968,938.58968,0,0,386183,871147,0,918234,1960244,76367,0,0,61,0,0,0,NA
2024-2025,Dec,32,WEST BENGAL,3212,MURSHIDABAD,0,0,0,0,0,0,250,88974,0,0,64990,0,7652,848.28711,848.28711,0,0,327900,595583,0,1232074,2083422,88974,0,0,82,0,0,0,NA
2024-2025,Dec,32,WEST BENGAL,3208,COOCHBEHAR,0,0,0,0,0,0,128,73728,0,0,466253,0,5915,593.30655,593.30655,0,0,468297,910055,0,660852,1254233,73728,0,0,39,0,0,0,NA
2024-2025,Dec,32,WEST BENGAL,3211,PURBA MEDINIPUR,0,0,0,0,0,110,223,76296,0,0,94249,0,3074,938.58968,938.58968,0,0,386183,871147,0,918234,1960245,76406,0,0,61,0,0,0,NA
2024-2025,Nov,32,WEST BENGAL,3205,HOWRAH,0,0,0,0,0,0,157,16594,0,0,54679,0,800,300.89201,300.89201,0,0,161738,261415,0,406355,578618,16594,0,0,12,0,0,0,NA
2024-2025,Nov,32,WEST BENGAL,3207,JALPAIGURI,0,0,0,0,0,0,80,29988,0,0,236085,0,81888,310.4042,310.4042,0,0,300581,600232,0,404317,775952,29988,0,0,11,0,0,0,NA
2024-2025,Nov,32,WEST BENGAL,3216,24 PARGANAS SOUTH,0,0,0,0,0,0,310,166625,0,0,255781,0,9543,876.76469,876.76469,0,0,767876,1378789,0,1403406,2360960,166625,0,0,63,0,0,0,NA
2024-2025,Nov,32,WEST BENGAL,3220,ALIPURDUAR,0,0,0,0,0,0,64,61730,0,0,146406,0,115848,0,0,0,0,272547,546687,0,326722,638825,61730,0,0,56,21.14,24.8,0,NA
2024-2025,Nov,32,WEST BENGAL,3203,BIRBHUM,0,0,0,0,0,0,167,24978,0,0,336477,0,65415,588.67441,588.67441,0,0,444187,940985,0,677409,1357200,24978,0,0,9,0,0,0,NA
2024-2025,Nov,32,WEST BENGAL,3206,HOOGHLY,0,0,0,0,0,0,207,30872,0,0,518217,0,101733,746.47731,746.47731,0,0,669811,1271433,0,839737,1531209,30872,0,0,5,0,0,0,NA
2024-2025,Nov,32,WEST BENGAL,3201,NADIA,0,0,0,0,0,0,185,22419,0,0,121058,0,13075,629.74317,629.74317,0,0,260685,553856,0,764479,1486265,22419,0,0,52,0,0,0,NA
2024-2025,Nov,32,WEST BENGAL,3218,DINAJPUR UTTAR,0,0,0,0,0,0,98,78462,0,0,93584,0,9199,273.26787,273.26787,0,0,185983,367632,0,504672,934245,78462,0,0,84,0,0,0,NA
2024-2025,Nov,32,WEST BENGAL,3225,PURBA BARDHAMAN,0,0,0,0,0,2,215,24892,0,0,504699,0,98178,0,0,0,0,669971,1377908,0,914302,1821273,24894,0,0,7,9.13,0,0,NA
2024-2025,Dec,32,WEST BENGAL,3213,BANKURA,0,0,0,0,0,0,190,28592,0,0,429012,0,122500,771.87481,771.87481,0,0,428788,1038484,0,686014,1538201,28592,0,0,54,100,0,0,NA
2024-2025,Nov,32,WEST BENGAL,3216,24 PARGANAS SOUTH,0,0,0,0,0,0,310,191888,0,0,255789,0,9543,876.76469,876.76469,0,0,767878,1378923,0,1403400,2361175,191888,0,0,68,0,0,0,NA
2024-2025,Sep,32,WEST BENGAL,3213,BANKURA,0,0,0,0,0,0,190,29967,0,0,429018,0,122500,465.46884,465.46884,0,0,428788,1038487,0,686010,1538202,29967,0,0,56,0,0,0,NA
2024-2025,July,32,WEST BENGAL,3207,JALPAIGURI,0,0,0,0,0,0,80,31776,0,0,236067,0,81878,128.11554,128.11554,0,0,300581,600188,0,404316,775872,31776,0,0,16,0,0,0,NA
2024-2025,July,32,WEST BENGAL,3209,MALDAH,0,0,0,0,0,0,146,73561,0,0,116007,0,37378,183.23212,183.23212,0,0,334524,570373,0,722623,1170199,73561,0,0,72,0,0,0,NA
2024-2025,July,32,WEST BENGAL,3201,NADIA,0,0,0,0,0,0,185,23808,0,0,121045,0,13075,268.44379,268.44379,0,0,260685,553809,0,764455,1486067,23808,0,0,55,0,0,0,NA
2024-2025,July,32,WEST BENGAL,3211,PURBA MEDINIPUR,0,0,0,0,0,7,223,80947,0,0,94240,0,3074,226.1946,226.1946,0,0,386183,871086,0,918132,1959886,80954,0,0,63,0,0,0,NA
2024-2025,July,32,WEST BENGAL,3212,MURSHIDABAD,0,0,0,0,0,0,250,106885,0,0,64996,0,7656,318.99371,318.99371,0,0,328032,595660,0,1232703,2083750,106885,0,0,85,0,0,0,NA
2024-2025,July,32,WEST BENGAL,3214,PURULIA,0,0,0,0,0,0,170,24060,0,0,105726,0,124770,206.14113,206.14113,0,0,251062,584087,0,524961,1132773,24060,0,0,67,0,0,0,NA
2024-2025,July,32,WEST BENGAL,3208,COOCHBEHAR,0,0,0,0,0,0,128,73782,0,0,466275,0,5918,223.8445,223.8445,0,0,468290,910062,0,660608,1253830,73782,0,0,39,100,0,0,NA
2024-2025,July,32,WEST BENGAL,3211,PURBA MEDINIPUR,0,0,0,0,0,7,223,80947,0,0,94240,0,3074,226.1946,226.1946,0,0,386183,871090,0,918132,1959892,80954,0,0,63,0,0,0,NA
2024-2025,July,32,WEST BENGAL,3213,BANKURA,0,0,0,0,0,0,190,29967,0,0,429065,0,122518,280.54912,280.54912,0,0,428805,1038591,0,686187,1538545,29967,0,0,56,0,0,0,NA
2024-2025,Sep,32,WEST BENGAL,3210,PASCHIM MEDINIPUR,0,0,0,0,0,0,211,87860,0,0,276128,0,138482,554.49621,554.49621,0,0,589512,1253662,0,888460,1773631,87860,0,0,50,0,0,0,NA
2024-2025,Sep,32,WEST BENGAL,3211,PURBA MEDINIPUR,0,0,0,0,0,7,223,80947,0,0,94248,0,3074,563.28182,563.28182,0,0,386183,871135,0,918147,1960056,80954,0,0,63,0,0,0,NA
2024-2025,Sep,32,WEST BENGAL,3216,24 PARGANAS SOUTH,0,0,0,0,0,0,310,191888,0,0,255825,0,9543,604.33213,604.33213,0,0,767936,1379454,0,1403581,2362132,191888,0,0,68,0,0,0,NA
2024-2025,Sep,32,WEST BENGAL,3225,PURBA BARDHAMAN,0,0,0,0,0,2,215,30167,0,0,504723,0,98175,0,0,0,0,669977,1377965,0,914298,1821319,30169,0,0,23,0,0,0,NA
2024-2025,Sep,32,WEST BENGAL,3206,HOOGHLY,0,0,0,0,0,0,207,32921,0,0,518210,0,101730,512.87183,512.87183,0,0,669811,1271413,0,839723,1531164,32921,0,0,10,0,0,0,NA
2024-2025,Sep,32,WEST BENGAL,3211,PURBA MEDINIPUR,0,0,0,0,0,7,223,80947,0,0,94248,0,3074,563.28182,563.28182,0,0,386183,871135,0,918147,1960058,80954,0,0,63,0,0,0,NA
2024-2025,Sep,32,WEST BENGAL,3222,JHARGRAM,0,0,0,0,0,0,79,23787,0,0,64095,0,91431,0,0,0,0,143161,309808,0,231017,470532,23787,0,0,44,0,0,0,NA
2024-2025,Sep,32,WEST BENGAL,3204,SILIGURI MAHAKUMA PARISAD,0,0,0,0,0,0,22,2336,0,0,43515,0,29027,61.88369,61.88369,0,0,50505,99893,0,116310,216353,2336,0,0,54,0,0,0,NA
2024-2025,Sep,32,WEST BENGAL,3205,HOWRAH,0,0,0,0,0,0,157,18268,0,0,54678,0,800,206.5233,206.5233,0,0,161738,261407,0,406057,578274,18268,0,0,20,0,0,0,NA
2024-2025,July,32,WEST BENGAL,3201,NADIA,0,0,0,0,0,0,185,23808,0,0,121048,0,13075,268.44379,268.44379,0,0,260685,553837,0,764466,1486182,23808,0,0,55,0,0,0,NA
2024-2025,July,32,WEST BENGAL,3209,MALDAH,0,0,0,0,0,0,146,73561,0,0,116007,0,37378,183.63712,183.63712,0,0,334524,570373,0,722643,1170235,73561,0,0,72,0,0,0,NA
2024-2025,July,32,WEST BENGAL,3211,PURBA MEDINIPUR,0,0,0,0,0,7,223,80947,0,0,94244,0,3074,338.3844,338.3844,0,0,386183,871105,0,918137,1959970,80954,0,0,63,0,0,0,NA
2024-2025,July,32,WEST BENGAL,3202,PASCHIM BARDHAMAN,0,0,0,0,0,0,62,2608,0,0,78434,0,21981,98.14128,98.14128,0,0,69781,152664,0,140150,286635,2608,0,0,29,0,0,0,NA
2024-2025,July,32,WEST BENGAL,3205,HOWRAH,0,0,0,0,0,0,157,18268,0,0,54658,0,799,125.87163,125.87163,0,0,161738,261292,0,404898,576814,18268,0,0,20,0,0,0,NA
2024-2025,July,32,WEST BENGAL,3206,HOOGHLY,0,0,0,0,0,0,207,32921,0,0,518191,0,101729,307.8739,307.8739,0,0,669811,1271340,0,839603,1530922,32921,0,0,10,0,0,0,NA
2024-2025,July,32,WEST BENGAL,3209,MALDAH,0,0,0,0,0,0,146,73561,0,0,116007,0,37378,183.63712,183.63712,0,0,334524,570373,0,722635,1170221,73561,0,0,72,0,0,0,NA
2024-2025,Sep,32,WEST BENGAL,3204,SILIGURI MAHAKUMA PARISAD,0,0,0,0,0,0,22,2336,0,0,43515,0,29028,61.88369,61.88369,0,0,50505,99894,0,116310,216358,2336,0,0,54,0,0,0,NA
2024-2025,Sep,32,WEST BENGAL,3212,MURSHIDABAD,0,0,0,0,0,0,250,106885,0,0,64990,0,7652,526.5289,526.5289,0,0,327900,595576,0,1232020,2083305,106885,0,0,85,0,0,0,NA
2024-2025,Sep,32,WEST BENGAL,3201,NADIA,0,0,0,0,0,0,185,23808,0,0,121052,0,13075,436.28773,436.28773,0,0,260685,553843,0,764474,1486228,23808,0,0,55,0,0,0,NA
2024-2025,Sep,32,WEST BENGAL,3205,HOWRAH,0,0,0,0,0,0,157,18268,0,0,54678,0,800,206.5233,206.5233,0,0,161738,261409,0,406158,578390,18268,0,0,20,0,0,0,NA
2024-2025,Sep,32,WEST BENGAL,3208,COOCHBEHAR,0,0,0,0,0,0,128,73782,0,0,466234,0,5915,364.38132,364.38132,0,0,468295,910001,0,660801,1254060,73782,0,0,39,0,0,0,NA
2024-2025,Sep,32,WEST BENGAL,3209,MALDAH,0,0,0,0,0,0,146,73561,0,0,116007,0,37378,296.3139,296.3139,0,0,334524,570376,0,722734,1170390,73561,0,0,72,0,0,0,NA
2024-2025,Sep,32,WEST BENGAL,3218,DINAJPUR UTTAR,0,0,0,0,0,0,98,84348,0,0,93586,0,9199,192.01485,192.01485,0,0,185988,367640,0,504669,934207,84348,0,0,85,0,0,0,NA
2024-2025,July,32,WEST BENGAL,3203,BIRBHUM,0,0,0,0,0,0,167,26930,0,0,336437,0,65409,248.02285,248.02285,0,0,444189,940873,0,677308,1356904,26930,0,0,16,0,0,0,NA
2024-2025,July,32,WEST BENGAL,3207,JALPAIGURI,0,0,0,0,0,0,80,31776,0,0,236068,0,81878,128.11554,128.11554,0,0,300581,600192,0,404316,775878,31776,0,0,16,0,0,0,NA
2024-2025,July,32,WEST BENGAL,3212,MURSHIDABAD,0,0,0,0,0,0,250,106885,0,0,64996,0,7656,318.99371,318.99371,0,0,328032,595705,0,1232721,2083979,106885,0,0,85,0,0,0,NA
2024-2025,July,32,WEST BENGAL,3214,PURULIA,0,0,0,0,0,0,170,24060,0,0,105727,0,124772,206.14113,206.14113,0,0,251062,584101,0,524969,1132828,24060,0,0,67,0,0,0,NA
2024-2025,July,32,WEST BENGAL,3218,DINAJPUR UTTAR,0,0,0,0,0,0,98,84348,0,0,95214,0,9388,117.80091,117.80091,0,0,187051,374786,0,509677,951984,84348,0,0,85,0,0,0,NA
2024-2025,July,32,WEST BENGAL,3205,HOWRAH,0,0,0,0,0,0,157,18268,0,0,54658,0,799,124.51422,124.51422,0,0,161738,261290,0,404858,576762,18268,0,0,20,0,0,0,NA
2024-2025,July,32,WEST BENGAL,3207,JALPAIGURI,0,0,0,0,0,0,80,31776,0,0,236067,0,81878,128.11554,128.11554,0,0,300581,600189,0,404316,775873,31776,0,0,16,0,0,0,NA
2024-2025,July,32,WEST BENGAL,3210,PASCHIM MEDINIPUR,0,0,0,0,0,0,211,87860,0,0,276199,0,138531,333.56709,333.56709,0,0,589516,1253849,0,888476,1773915,87860,0,0,50,0,0,0,NA
2024-2025,July,32,WEST BENGAL,3212,MURSHIDABAD,0,0,0,0,0,0,250,106885,0,0,64996,0,7656,318.99371,318.99371,0,0,328032,595670,0,1232707,2083797,106885,0,0,85,0,0,0,NA
2024-2025,July,32,WEST BENGAL,3213,BANKURA,0,0,0,0,0,0,190,29967,0,0,429066,0,122518,281.31667,281.31667,0,0,428805,1038598,0,686189,1538573,29967,0,0,56,0,0,0,NA
2024-2025,Nov,32,WEST BENGAL,3212,MURSHIDABAD,0,0,0,0,0,0,250,106885,0,0,64990,0,7652,749.08925,749.08925,0,0,327900,595580,0,1232056,2083383,106885,0,0,85,0,0,0,NA
2024-2025,July,32,WEST BENGAL,3205,HOWRAH,0,0,0,0,0,0,157,18268,0,0,54658,0,799,124.51422,124.51422,0,0,161738,261291,0,404883,576790,18268,0,0,20,0,0,0,NA
2024-2025,July,32,WEST BENGAL,3201,NADIA,0,0,0,0,0,0,185,23808,0,0,121045,0,13075,268.44379,268.44379,0,0,260685,553816,0,764456,1486101,23808,0,0,55,0,0,0,NA
2024-2025,July,32,WEST BENGAL,3203,BIRBHUM,0,0,0,0,0,0,167,26930,0,0,336437,0,65410,248.02285,248.02285,0,0,444189,940878,0,677337,1356955,26930,0,0,16,0,0,0,NA
2024-2025,July,32,WEST BENGAL,3209,MALDAH,0,0,0,0,0,0,146,73561,0,0,116007,0,37378,183.63712,183.63712,0,0,334524,570373,0,722626,1170203,73561,0,0,72,0,0,0,NA
2024-2025,July,32,WEST BENGAL,3212,MURSHIDABAD,0,0,0,0,0,0,250,106885,0,0,64998,0,7656,322.96418,322.96418,0,0,328027,595725,0,1232615,2083955,106885,0,0,85,0,0,0,NA
2024-2025,July,32,WEST BENGAL,3205,HOWRAH,0,0,0,0,0,0,157,18268,0,0,54658,0,799,124.51422,124.51422,0,0,161738,261290,0,404879,576784,18268,0,0,20,0,0,0,NA
2024-2025,July,32,WEST BENGAL,3207,JALPAIGURI,0,0,0,0,0,0,80,31776,0,0,236065,0,81878,128.11554,128.11554,0,0,300581,600187,0,404316,775871,31776,0,0,16,0,0,0,NA
2024-2025,Sep,32,WEST BENGAL,3214,PURULIA,0,0,0,0,0,0,170,24060,0,0,105731,0,124777,342.69811,342.69811,0,0,251062,584132,0,525070,1133105,24060,0,0,67,0,0,0,NA
2024-2025,Sep,32,WEST BENGAL,3206,HOOGHLY,0,0,0,0,0,0,207,32921,0,0,518211,0,101731,512.87183,512.87183,0,0,669811,1271417,0,839726,1531171,32921,0,0,10,0,0,0,NA
2024-2025,Sep,32,WEST BENGAL,3212,MURSHIDABAD,0,0,0,0,0,0,250,106885,0,0,64990,0,7652,526.5289,526.5289,0,0,327900,595578,0,1232034,2083329,106885,0,0,85,0,0,0,NA
2024-2025,Sep,32,WEST BENGAL,3203,BIRBHUM,0,0,0,0,0,0,167,26930,0,0,336450,0,65414,407.57325,407.57325,0,0,444187,940924,0,677348,1357056,26930,0,0,16,0,0,0,NA
2024-2025,Sep,32,WEST BENGAL,3206,HOOGHLY,0,0,0,0,0,0,207,32921,0,0,518212,0,101731,512.87183,512.87183,0,0,669811,1271420,0,839728,1531178,32921,0,0,10,0,0,0,NA
2024-2025,Sep,32,WEST BENGAL,3207,JALPAIGURI,0,0,0,0,0,0,80,31776,0,0,236076,0,81887,213.06389,213.06389,0,0,300581,600221,0,404317,775936,31776,0,0,16,0,0,0,NA
2024-2025,Sep,32,WEST BENGAL,3212,MURSHIDABAD,0,0,0,0,0,0,250,106885,0,0,64990,0,7652,529.15657,529.15657,0,0,327900,595578,0,1232034,2083330,106885,0,0,85,0,0,0,NA
2024-2025,Sep,32,WEST BENGAL,3216,24 PARGANAS SOUTH,0,0,0,0,0,0,310,191888,0,0,255813,0,9543,604.33213,604.33213,0,0,767925,1379377,0,1403561,2362011,191888,0,0,68,0,0,0,NA
2024-2025,Sep,32,WEST BENGAL,3218,DINAJPUR UTTAR,0,0,0,0,0,0,98,84348,0,0,93586,0,9199,192.01485,192.01485,0,0,185988,367640,0,504677,934230,84348,0,0,85,0,0,0,NA
2024-2025,Sep,32,WEST BENGAL,3225,PURBA BARDHAMAN,0,0,0,0,0,2,215,30167,0,0,504724,0,98175,0,0,0,0,669977,1377970,0,914299,1821325,30169,0,0,23,0,0,0,NA
2024-2025,Oct,32,WEST BENGAL,3212,MURSHIDABAD,0,0,0,0,0,0,250,106885,0,0,64990,0,7652,649.28649,649.28649,0,0,327900,595578,0,1232041,2083342,106885,0,0,85,0,0,0,NA
2024-2025,July,32,WEST BENGAL,3218,DINAJPUR UTTAR,0,0,0,0,0,0,98,84348,0,0,95214,0,9388,117.80091,117.80091,0,0,187051,374786,0,509619,951910,84348,0,0,85,0,0,0,NA
2024-2025,July,32,WEST BENGAL,3205,HOWRAH,0,0,0,0,0,0,157,18268,0,0,54658,0,799,124.51422,124.51422,0,0,161738,261290,0,404881,576787,18268,0,0,20,0,0,0,NA
2024-2025,July,32,WEST BENGAL,3206,HOOGHLY,0,0,0,0,0,0,207,32921,0,0,518175,0,101724,307.8739,307.8739,0,0,669811,1271287,0,839527,1530766,32921,0,0,10,0,0,0,NA
2024-2025,July,32,WEST BENGAL,3218,DINAJPUR UTTAR,0,0,0,0,0,0,98,84348,0,0,95219,0,9388,117.80091,117.80091,0,0,187051,374792,0,509801,952122,84348,0,0,85,0,0,0,NA
2024-2025,July,32,WEST BENGAL,3203,BIRBHUM,0,0,0,0,0,0,167,26930,0,0,336437,0,65410,248.02285,248.02285,0,0,444189,940875,0,677337,1356945,26930,0,0,16,0,0,0,NA
2024-2025,July,32,WEST BENGAL,3213,BANKURA,0,0,0,0,0,0,190,29967,0,0,429058,0,122517,281.31667,281.31667,0,0,428805,1038593,0,686165,1538539,29967,0,0,56,0,0,0,NA
2024-2025,July,32,WEST BENGAL,3225,PURBA BARDHAMAN,0,0,0,0,0,1,215,30168,0,0,504721,0,98176,0,0,0,0,669981,1377926,0,914289,1821238,30169,0,0,23,0,0,0,NA
2024-2025,July,32,WEST BENGAL,3214,PURULIA,0,0,0,0,0,0,170,24060,0,0,105728,0,124772,206.14113,206.14113,0,0,251062,584102,0,524984,1132869,24060,0,0,67,0,0,0,NA
2024-2025,Aug,32,WEST BENGAL,3203,BIRBHUM,0,0,0,0,0,0,167,26930,0,0,336456,0,65410,327.79805,327.79805,0,0,444189,940918,0,677439,1357132,26930,0,0,16,0,0,0,NA
2024-2025,Aug,32,WEST BENGAL,3205,HOWRAH,0,0,0,0,0,0,157,18268,0,0,54672,0,800,165.74495,165.74495,0,0,161738,261371,0,405452,577556,18268,0,0,20,0,0,0,NA
2024-2025,Aug,32,WEST BENGAL,3210,PASCHIM MEDINIPUR,0,0,0,0,0,0,211,87860,0,0,276201,0,138531,444.03165,444.03165,0,0,589516,1253870,0,888484,1773956,87860,0,0,50,0,0,0,NA
2024-2025,Aug,32,WEST BENGAL,3217,DINAJPUR DAKSHIN,0,0,0,0,0,0,64,13890,0,0,71275,0,42797,129.56992,129.56992,0,0,130822,262902,0,277900,521653,13890,0,0,37,0,0,0,NA
2024-2025,Aug,32,WEST BENGAL,3218,DINAJPUR UTTAR,0,0,0,0,0,0,98,84348,0,0,93592,0,9199,154.90788,154.90788,0,0,186006,367714,0,504680,934267,84348,0,0,85,0,0,0,NA
2024-2025,Aug,32,WEST BENGAL,3215,24 PARGANAS (NORTH),0,0,0,0,0,0,199,85386,0,0,173396,0,29397,353.23019,353.23019,0,0,313170,581703,0,873386,1521047,85386,0,0,74,0,0,0,NA
2024-2025,Aug,32,WEST BENGAL,3225,PURBA BARDHAMAN,0,0,0,0,0,1,215,30168,0,0,504722,0,98176,0,0,0,0,669979,1377947,0,914298,1821293,30169,0,0,23,0,0,0,NA
2024-2025,Aug,32,WEST BENGAL,3203,BIRBHUM,0,0,0,0,0,0,167,26930,0,0,336456,0,65410,327.79805,327.79805,0,0,444189,940918,0,677434,1357126,26930,0,0,16,0,0,0,NA
2024-2025,Aug,32,WEST BENGAL,3204,SILIGURI MAHAKUMA PARISAD,0,0,0,0,0,0,22,2336,0,0,43511,0,29024,49.29895,49.29895,0,0,50505,99882,0,116299,216315,2336,0,0,54,0,0,0,NA
2024-2025,Aug,32,WEST BENGAL,3205,HOWRAH,0,0,0,0,0,0,157,18268,0,0,54672,0,800,165.74495,165.74495,0,0,161738,261366,0,405377,577468,18268,0,0,20,0,0,0,NA
2024-2025,Aug,32,WEST BENGAL,3208,COOCHBEHAR,0,0,0,0,0,0,128,73782,0,0,466239,0,5915,295.11291,295.11291,0,0,468295,910011,0,660790,1254053,73782,0,0,39,0,0,0,NA
2024-2025,Aug,32,WEST BENGAL,3216,24 PARGANAS SOUTH,0,0,0,0,0,0,310,191888,0,0,255824,0,9543,485.83181,485.83181,0,0,767936,1379444,0,1403562,2362082,191888,0,0,68,0,0,0,NA
2024-2025,Aug,32,WEST BENGAL,3218,DINAJPUR UTTAR,0,0,0,0,0,0,98,84348,0,0,93585,0,9199,154.90788,154.90788,0,0,185988,367638,0,504657,934162,84348,0,0,85,0,0,0,NA
2024-2025,Aug,32,WEST BENGAL,3220,ALIPURDUAR,0,0,0,0,0,0,64,64330,0,0,146406,0,115848,0,0,0,0,272547,546686,0,326721,638823,64330,0,0,58,100,0,0,NA
2024-2025,Aug,32,WEST BENGAL,3212,MURSHIDABAD,0,0,0,0,0,0,250,106885,0,0,64990,0,7652,426.78895,426.78895,0,0,327900,595573,0,1232021,2083305,106885,0,0,85,0,0,0,NA
2024-2025,Aug,32,WEST BENGAL,3215,24 PARGANAS (NORTH),0,0,0,0,0,0,199,85386,0,0,173401,0,29397,353.23019,353.23019,0,0,313170,581715,0,873391,1521086,85386,0,0,74,0,0,0,NA
2024-2025,Aug,32,WEST BENGAL,3217,DINAJPUR DAKSHIN,0,0,0,0,0,0,64,13890,0,0,71275,0,42797,129.56992,129.56992,0,0,130822,262902,0,277900,521654,13890,0,0,37,0,0,0,NA
2024-2025,Aug,32,WEST BENGAL,3218,DINAJPUR UTTAR,0,0,0,0,0,0,98,84348,0,0,93586,0,9199,154.90788,154.90788,0,0,185988,367639,0,504657,934166,84348,0,0,85,0,0,0,NA
2024-2025,June,32,WEST BENGAL,3212,MURSHIDABAD,0,0,0,0,0,0,250,106885,0,0,64996,0,7656,219.04229,219.04229,0,0,328032,595655,0,1232690,2083697,106885,0,0,85,0,0,0,NA
2024-2025,July,32,WEST BENGAL,3212,MURSHIDABAD,0,0,0,0,0,0,250,106885,0,0,64997,0,7656,325.68375,325.68375,0,0,327925,595629,0,1232376,2083766,106885,0,0,85,0,0,0,NA
2024-2025,July,32,WEST BENGAL,3215,24 PARGANAS (NORTH),0,0,0,0,0,0,199,85386,0,0,173394,0,29397,267.61744,267.61744,0,0,313170,581698,0,873380,1521005,85386,0,0,74,0,0,0,NA
2024-2025,July,32,WEST BENGAL,3216,24 PARGANAS SOUTH,0,0,0,0,0,0,310,191888,0,0,255825,0,9543,367.1743,367.1743,0,0,767944,1379441,0,1403537,2362008,191888,0,0,68,0,0,0,NA
2024-2025,April,32,WEST BENGAL,3207,JALPAIGURI,0,0,0,0,0,0,80,31776,0,0,236058,0,81867,0.9,0.9,0,0,300581,600165,0,404316,775822,31776,0,0,16,0,0,0,NA
2024-2025,April,32,WEST BENGAL,3209,MALDAH,0,0,0,0,0,0,146,73493,0,0,116007,0,37378,8.1,8.1,0,0,334524,570373,0,722609,1170176,73493,0,0,72,0,0,0,NA
2024-2025,April,32,WEST BENGAL,3203,BIRBHUM,0,0,0,0,0,0,167,26930,0,0,336423,0,65400,6,6,0,0,444190,940803,0,677395,1356872,26930,0,0,16,0,0,0,NA
2024-2025,April,32,WEST BENGAL,3213,BANKURA,0,0,0,0,0,0,190,29966,0,0,429100,0,122536,1.32,1.32,0,0,428826,1038669,0,686327,1538825,29966,0,0,56,0,0,0,NA
2024-2025,April,32,WEST BENGAL,3203,BIRBHUM,0,0,0,0,0,0,167,26930,0,0,336425,0,65400,6,6,0,0,444190,940808,0,677397,1356880,26930,0,0,16,0,0,0,NA
2024-2025,July,32,WEST BENGAL,3206,HOOGHLY,0,0,0,0,0,0,207,32921,0,0,518192,0,101729,307.8739,307.8739,0,0,669811,1271342,0,839604,1530925,32921,0,0,10,0,0,0,NA
2024-2025,Aug,32,WEST BENGAL,3204,SILIGURI MAHAKUMA PARISAD,0,0,0,0,0,0,22,2336,0,0,43515,0,29027,49.58895,49.58895,0,0,50505,99893,0,116304,216345,2336,0,0,54,0,0,0,NA
2024-2025,Aug,32,WEST BENGAL,3208,COOCHBEHAR,0,0,0,0,0,0,128,73782,0,0,466239,0,5915,295.11291,295.11291,0,0,468295,910010,0,660782,1254035,73782,0,0,39,0,0,0,NA
2024-2025,Aug,32,WEST BENGAL,3213,BANKURA,0,0,0,0,0,0,190,29967,0,0,429050,0,122514,373.13838,373.13838,0,0,428798,1038570,0,686127,1538496,29967,0,0,56,0,0,0,NA
2024-2025,Aug,32,WEST BENGAL,3225,PURBA BARDHAMAN,0,0,0,0,0,1,215,30168,0,0,504721,0,98175,0,0,0,0,669977,1377947,0,914292,1821293,30169,0,0,23,0,0,0,NA
2024-2025,Aug,32,WEST BENGAL,3211,PURBA MEDINIPUR,0,0,0,0,0,7,223,80947,0,0,94244,0,3074,563.28182,563.28182,0,0,386183,871123,0,918143,1960025,80954,0,0,63,0,0,0,NA
2024-2025,Aug,32,WEST BENGAL,3218,DINAJPUR UTTAR,0,0,0,0,0,0,98,84348,0,0,93586,0,9199,192.01485,192.01485,0,0,185988,367639,0,504660,934178,84348,0,0,85,0,0,0,NA
2024-2025,Aug,32,WEST BENGAL,3221,KALIMPONG,0,0,0,0,0,0,42,4520,0,0,5477,0,28225,19.8343,19.8343,0,0,53594,86552,0,55740,89426,4520,0,0,23,0,0,0,NA
2024-2025,Sep,32,WEST BENGAL,3206,HOOGHLY,0,0,0,0,0,0,207,32921,0,0,518208,0,101729,512.87183,512.87183,0,0,669811,1271403,0,839721,1531150,32921,0,0,10,0,0,0,NA
2024-2025,Sep,32,WEST BENGAL,3208,COOCHBEHAR,0,0,0,0,0,0,128,73782,0,0,466234,0,5915,364.38132,364.38132,0,0,468295,910007,0,660810,1254086,73782,0,0,39,0,0,0,NA
2024-2025,May,32,WEST BENGAL,3207,JALPAIGURI,0,0,0,0,0,0,80,31776,0,0,236058,0,81867,43.02465,43.02465,0,0,300581,600165,0,404316,775822,31776,0,0,16,0,0,0,NA
2024-2025,May,32,WEST BENGAL,3208,COOCHBEHAR,0,0,0,0,0,0,128,73782,0,0,466272,0,5918,77.6225,77.6225,0,0,468290,910043,0,660593,1253781,73782,0,0,39,0,0,0,NA
2024-2025,Aug,32,WEST BENGAL,3201,NADIA,0,0,0,0,0,0,185,23808,0,0,121051,0,13075,352.50267,352.50267,0,0,260685,553840,0,764468,1486204,23808,0,0,55,0,0,0,NA
2024-2025,Aug,32,WEST BENGAL,3225,PURBA BARDHAMAN,0,0,0,0,0,1,215,30168,0,0,504726,0,98176,0,0,0,0,669981,1377950,0,914298,1821294,30169,0,0,23,0,0,0,NA
2024-2025,July,32,WEST BENGAL,3208,COOCHBEHAR,0,0,0,0,0,0,128,73782,0,0,466273,0,5920,225.8445,225.8445,0,0,468295,910074,0,660707,1254005,73782,0,0,39,0,0,0,NA
2024-2025,July,32,WEST BENGAL,3211,PURBA MEDINIPUR,0,0,0,0,0,7,223,80947,0,0,94244,0,3074,338.3844,338.3844,0,0,386183,871106,0,918137,1959976,80954,0,0,63,0,0,0,NA
2024-2025,July,32,WEST BENGAL,3217,DINAJPUR DAKSHIN,0,0,0,0,0,0,64,13890,0,0,71273,0,42797,97.45017,97.45017,0,0,130822,262900,0,277899,521650,13890,0,0,37,0,0,0,NA
2024-2025,July,32,WEST BENGAL,3225,PURBA BARDHAMAN,0,0,0,0,0,1,215,30168,0,0,504725,0,98176,0,0,0,0,669981,1377949,0,914297,1821290,30169,0,0,23,0,0,0,NA
2024-2025,Aug,32,WEST BENGAL,3213,BANKURA,0,0,0,0,0,0,190,29967,0,0,429048,0,122513,373.13838,373.13838,0,0,428798,1038562,0,686126,1538476,29967,0,0,56,0,0,0,NA
2024-2025,Aug,32,WEST BENGAL,3215,24 PARGANAS (NORTH),0,0,0,0,0,0,199,85386,0,0,173396,0,29397,353.23019,353.23019,0,0,313170,581703,0,873386,1521045,85386,0,0,74,0,0,0,NA
2024-2025,Aug,32,WEST BENGAL,3218,DINAJPUR UTTAR,0,0,0,0,0,0,98,84348,0,0,93596,0,9199,154.90788,154.90788,0,0,186006,367719,0,504676,934257,84348,0,0,85,0,0,0,NA
2024-2025,Aug,32,WEST BENGAL,3203,BIRBHUM,0,0,0,0,0,0,167,26930,0,0,336454,0,65410,327.79805,327.79805,0,0,444189,940910,0,677426,1357104,26930,0,0,16,0,0,0,NA
2024-2025,Aug,32,WEST BENGAL,3205,HOWRAH,0,0,0,0,0,0,157,18268,0,0,54659,0,799,165.74495,165.74495,0,0,161738,261293,0,404902,576820,18268,0,0,20,0,0,0,NA
2024-2025,Aug,32,WEST BENGAL,3206,HOOGHLY,0,0,0,0,0,0,207,32921,0,0,518199,0,101729,409.13556,409.13556,0,0,669811,1271358,0,839615,1530960,32921,0,0,10,0,0,0,NA
2024-2025,Aug,32,WEST BENGAL,3208,COOCHBEHAR,0,0,0,0,0,0,128,73782,0,0,466227,0,5915,295.11291,295.11291,0,0,468295,909982,0,660704,1253865,73782,0,0,39,0,0,0,NA
2024-2025,Aug,32,WEST BENGAL,3213,BANKURA,0,0,0,0,0,0,190,29967,0,0,429048,0,122513,373.13838,373.13838,0,0,428798,1038558,0,686125,1538468,29967,0,0,56,0,0,0,NA
2024-2025,Aug,32,WEST BENGAL,3214,PURULIA,0,0,0,0,0,0,170,24060,0,0,105729,0,124772,274.41808,274.41808,0,0,251062,584119,0,525050,1133034,24060,0,0,67,0,0,0,NA
2024-2025,Aug,32,WEST BENGAL,3215,24 PARGANAS (NORTH),0,0,0,0,0,0,199,85386,0,0,173395,0,29397,353.23019,353.23019,0,0,313170,581700,0,873386,1521026,85386,0,0,74,0,0,0,NA
2024-2025,Aug,32,WEST BENGAL,3222,JHARGRAM,0,0,0,0,0,0,79,23787,0,0,64092,0,91430,0,0,0,0,143161,309801,0,231016,470519,23787,0,0,44,0,0,0,NA
2024-2025,Aug,32,WEST BENGAL,3225,PURBA BARDHAMAN,0,0,0,0,0,1,215,30168,0,0,504725,0,98176,0,0,0,0,669981,1377949,0,914298,1821291,30169,0,0,23,0,0,0,NA
2024-2025,May,32,WEST BENGAL,3210,PASCHIM MEDINIPUR,0,0,0,0,0,0,211,87860,0,0,276199,0,138531,112.63796,112.63796,0,0,589516,1253839,0,888471,1773893,87860,0,0,50,0,0,0,NA
2024-2025,July,32,WEST BENGAL,3201,NADIA,0,0,0,0,0,0,185,23808,0,0,121047,0,13075,268.44379,268.44379,0,0,260685,553826,0,764461,1486140,23808,0,0,55,0,0,0,NA
2024-2025,July,32,WEST BENGAL,3206,HOOGHLY,0,0,0,0,0,0,207,32921,0,0,518186,0,101729,307.8739,307.8739,0,0,669811,1271325,0,839558,1530857,32921,0,0,10,0,0,0,NA
2024-2025,July,32,WEST BENGAL,3204,SILIGURI MAHAKUMA PARISAD,0,0,0,0,0,0,22,2336,0,0,43509,0,29024,37.00421,37.00421,0,0,50505,99880,0,116298,216303,2336,0,0,54,0,0,0,NA
2024-2025,July,32,WEST BENGAL,3218,DINAJPUR UTTAR,0,0,0,0,0,0,98,84348,0,0,95225,0,9388,117.80091,117.80091,0,0,187051,374798,0,509959,952295,84348,0,0,85,0,0,0,NA
2024-2025,July,32,WEST BENGAL,3201,NADIA,0,0,0,0,0,0,185,23808,0,0,121048,0,13075,268.44379,268.44379,0,0,260685,553829,0,764463,1486160,23808,0,0,55,0,0,0,NA
2024-2025,July,32,WEST BENGAL,3206,HOOGHLY,0,0,0,0,0,0,207,32921,0,0,518189,0,101729,307.8739,307.8739,0,0,669811,1271335,0,839587,1530901,32921,0,0,10,0,0,0,NA
2024-2025,July,32,WEST BENGAL,3210,PASCHIM MEDINIPUR,0,0,0,0,0,0,211,87860,0,0,276200,0,138531,333.56709,333.56709,0,0,589516,1253860,0,888478,1773932,87860,0,0,50,0,0,0,NA
2024-2025,Aug,32,WEST BENGAL,3203,BIRBHUM,0,0,0,0,0,0,167,26930,0,0,336454,0,65410,327.79805,327.79805,0,0,444187,940920,0,677295,1356992,26930,0,0,16,0,0,0,NA
2024-2025,Aug,32,WEST BENGAL,3208,COOCHBEHAR,0,0,0,0,0,0,128,73782,0,0,466239,0,5915,295.11291,295.11291,0,0,468295,910007,0,660767,1254004,73782,0,0,39,0,0,0,NA
2024-2025,Aug,32,WEST BENGAL,3210,PASCHIM MEDINIPUR,0,0,0,0,0,0,211,87860,0,0,276192,0,138517,444.03165,444.03165,0,0,589516,1253834,0,888484,1773904,87860,0,0,50,0,0,0,NA
2024-2025,Aug,32,WEST BENGAL,3212,MURSHIDABAD,0,0,0,0,0,0,250,106885,0,0,64990,0,7652,426.3237,426.3237,0,0,327900,595571,0,1232019,2083296,106885,0,0,85,0,0,0,NA
2024-2025,Aug,32,WEST BENGAL,3214,PURULIA,0,0,0,0,0,0,170,24060,0,0,105729,0,124774,274.41808,274.41808,0,0,251062,584122,0,525060,1133062,24060,0,0,67,0,0,0,NA
2024-2025,Sep,32,WEST BENGAL,3203,BIRBHUM,0,0,0,0,0,0,167,26930,0,0,336450,0,65414,407.57325,407.57325,0,0,444187,940926,0,677348,1357059,26930,0,0,16,0,0,0,NA
2024-2025,Sep,32,WEST BENGAL,3213,BANKURA,0,0,0,0,0,0,190,29967,0,0,429018,0,122500,465.46884,465.46884,0,0,428788,1038487,0,686010,1538202,29967,0,0,56,100,0,0,NA
2024-2025,Sep,32,WEST BENGAL,3215,24 PARGANAS (NORTH),0,0,0,0,0,0,199,85386,0,0,173403,0,29397,438.98131,438.98131,0,0,313170,581720,0,873396,1521112,85386,0,0,74,0,0,0,NA
2024-2025,Sep,32,WEST BENGAL,3216,24 PARGANAS SOUTH,0,0,0,0,0,0,310,191888,0,0,255813,0,9543,604.33213,604.33213,0,0,767925,1379376,0,1403563,2362012,191888,0,0,68,0,0,0,NA
2024-2025,Sep,32,WEST BENGAL,3208,COOCHBEHAR,0,0,0,0,0,0,128,73782,0,0,466236,0,5915,364.38132,364.38132,0,0,468295,910009,0,660837,1254142,73782,0,0,39,0,0,0,NA
2024-2025,Sep,32,WEST BENGAL,3212,MURSHIDABAD,0,0,0,0,0,0,250,106885,0,0,64990,0,7652,529.15657,529.15657,0,0,327900,595578,0,1232039,2083338,106885,0,0,85,0,0,0,NA
2024-2025,Sep,32,WEST BENGAL,3214,PURULIA,0,0,0,0,0,0,170,24060,0,0,105731,0,124777,352.62191,352.62191,0,0,251062,584134,0,525071,1133117,24060,0,0,67,0,0,0,NA
2024-2025,Sep,32,WEST BENGAL,3203,BIRBHUM,0,0,0,0,0,0,167,26930,0,0,336446,0,65413,407.57325,407.57325,0,0,444187,940912,0,677330,1357023,26930,0,0,16,0,0,0,NA
2024-2025,Sep,32,WEST BENGAL,3206,HOOGHLY,0,0,0,0,0,0,207,32921,0,0,518206,0,101729,511.90508,511.90508,0,0,669811,1271389,0,839700,1531100,32921,0,0,10,0,0,0,NA
2024-2025,Sep,32,WEST BENGAL,3212,MURSHIDABAD,0,0,0,0,0,0,250,106885,0,0,64990,0,7652,526.5289,526.5289,0,0,327900,595576,0,1232017,2083298,106885,0,0,85,0,0,0,NA
2024-2025,Sep,32,WEST BENGAL,3218,DINAJPUR UTTAR,0,0,0,0,0,0,98,84348,0,0,93586,0,9199,192.01485,192.01485,0,0,185988,367639,0,504661,934182,84348,0,0,85,0,0,0,NA
2024-2025,Sep,32,WEST BENGAL,3203,BIRBHUM,0,0,0,0,0,0,167,26930,0,0,336448,0,65413,407.57325,407.57325,0,0,444187,940914,0,677335,1357032,26930,0,0,16,0,0,0,NA
2024-2025,Sep,32,WEST BENGAL,3213,BANKURA,0,0,0,0,0,0,190,29967,0,0,429030,0,122505,464.96009,464.96009,0,0,428791,1038508,0,686057,1538331,29967,0,0,56,0,0,0,NA
2024-2025,July,32,WEST BENGAL,3203,BIRBHUM,0,0,0,0,0,0,167,26930,0,0,336446,0,65410,248.02285,248.02285,0,0,444189,940894,0,677370,1357020,26930,0,0,16,0,0,0,NA
2024-2025,July,32,WEST BENGAL,3215,24 PARGANAS (NORTH),0,0,0,0,0,0,199,85386,0,0,173393,0,29397,267.61744,267.61744,0,0,313170,581694,0,873379,1520990,85386,0,0,74,0,0,0,NA
2024-2025,July,32,WEST BENGAL,3225,PURBA BARDHAMAN,0,0,0,0,0,1,215,30168,0,0,504721,0,98176,0,0,0,0,669981,1377942,0,914293,1821273,30169,0,0,23,0,0,0,NA
2024-2025,July,32,WEST BENGAL,3213,BANKURA,0,0,0,0,0,0,190,29967,0,0,429052,0,122508,281.31667,281.31667,0,0,428799,1038544,0,686127,1538438,29967,0,0,56,0,0,0,NA
2024-2025,July,32,WEST BENGAL,3216,24 PARGANAS SOUTH,0,0,0,0,0,0,310,191888,0,0,255824,0,9543,367.1743,367.1743,0,0,767944,1379438,0,1403524,2361979,191888,0,0,68,0,0,0,NA
2024-2025,July,32,WEST BENGAL,3217,DINAJPUR DAKSHIN,0,0,0,0,0,0,64,13890,0,0,71272,0,42797,97.45017,97.45017,0,0,130822,262899,0,277899,521649,13890,0,0,37,0,0,0,NA
2024-2025,Sep,32,WEST BENGAL,3207,JALPAIGURI,0,0,0,0,0,0,80,31776,0,0,236076,0,81887,213.06389,213.06389,0,0,300581,600219,0,404317,775928,31776,0,0,16,0,0,0,NA
2024-2025,Sep,32,WEST BENGAL,3214,PURULIA,0,0,0,0,0,0,170,24060,0,0,105730,0,124776,342.69811,342.69811,0,0,251062,584129,0,525065,1133090,24060,0,0,67,0,0,0,NA
2024-2025,Sep,32,WEST BENGAL,3215,24 PARGANAS (NORTH),0,0,0,0,0,0,199,85386,0,0,173401,0,29397,438.98131,438.98131,0,0,313170,581718,0,873391,1521094,85386,0,0,74,0,0,0,NA
2024-2025,Sep,32,WEST BENGAL,3209,MALDAH,0,0,0,0,0,0,146,73561,0,0,116007,0,37378,302.89008,302.89008,0,0,334524,570376,0,722754,1170427,73561,0,0,72,0,0,0,NA
2024-2025,Sep,32,WEST BENGAL,3210,PASCHIM MEDINIPUR,0,0,0,0,0,0,211,87860,0,0,276115,0,138465,554.49621,554.49621,0,0,589506,1253617,0,888425,1773505,87860,0,0,50,0,0,0,NA
2024-2025,Sep,32,WEST BENGAL,3213,BANKURA,0,0,0,0,0,0,190,29967,0,0,429018,0,122500,465.46884,465.46884,0,0,428788,1038490,0,686010,1538209,29967,0,0,56,100,0,0,NA
2024-2025,Sep,32,WEST BENGAL,3215,24 PARGANAS (NORTH),0,0,0,0,0,0,199,85386,0,0,173403,0,29397,438.98131,438.98131,0,0,313170,581720,0,873396,1521120,85386,0,0,74,0,0,0,NA
2024-2025,Sep,32,WEST BENGAL,3218,DINAJPUR UTTAR,0,0,0,0,0,0,98,84348,0,0,93584,0,9199,192.01485,192.01485,0,0,185983,367628,0,504645,934169,84348,0,0,85,0,0,0,NA
2024-2025,Sep,32,WEST BENGAL,3219,Darjeeling Gorkha Hill Council (DGHC),0,0,0,0,0,0,70,10272,0,0,14319,0,63311,0,0,0,0,116126,192315,0,127895,208801,10272,0,0,18,0,0,0,NA
2024-2025,Nov,32,WEST BENGAL,3208,COOCHBEHAR,0,0,0,0,0,0,128,73782,0,0,466240,0,5915,524.03814,524.03814,0,0,468295,910023,0,660849,1254185,73782,0,0,39,0,0,0,NA
2024-2025,Nov,32,WEST BENGAL,3210,PASCHIM MEDINIPUR,0,0,0,0,0,0,211,87860,0,0,276115,0,138464,811.32978,811.32978,0,0,589506,1253613,0,888425,1773502,87860,0,0,50,0,0,0,NA
2024-2025,Nov,32,WEST BENGAL,3211,PURBA MEDINIPUR,0,0,0,0,0,7,223,80947,0,0,94249,0,3074,826.10706,826.10706,0,0,386183,871143,0,918197,1960153,80954,0,0,63,0,0,0,NA
2024-2025,Nov,32,WEST BENGAL,3212,MURSHIDABAD,0,0,0,0,0,0,250,106885,0,0,64990,0,7652,749.08925,749.08925,0,0,327900,595579,0,1232054,2083372,106885,0,0,85,0,0,0,NA
2024-2025,Nov,32,WEST BENGAL,3201,NADIA,0,0,0,0,0,0,185,23808,0,0,121054,0,13075,629.74317,629.74317,0,0,260685,553847,0,764478,1486246,23808,0,0,55,0,0,0,NA
2024-2025,Nov,32,WEST BENGAL,3208,COOCHBEHAR,0,0,0,0,0,0,128,73782,0,0,466241,0,5915,524.03814,524.03814,0,0,468295,910025,0,660850,1254189,73782,0,0,39,0,0,0,NA
2024-2025,Nov,32,WEST BENGAL,3211,PURBA MEDINIPUR,0,0,0,0,0,7,223,80947,0,0,94249,0,3074,826.10706,826.10706,0,0,386183,871144,0,918201,1960170,80954,0,0,63,0,0,0,NA
2024-2025,Nov,32,WEST BENGAL,3212,MURSHIDABAD,0,0,0,0,0,0,250,106885,0,0,64990,0,7652,749.08925,749.08925,0,0,327900,595580,0,1232056,2083387,106885,0,0,85,0,0,0,NA
2024-2025,Nov,32,WEST BENGAL,3201,NADIA,0,0,0,0,0,0,185,23808,0,0,121054,0,13075,629.74317,629.74317,0,0,260685,553847,0,764478,1486245,23808,0,0,55,0,0,0,NA
2024-2025,Nov,32,WEST BENGAL,3201,NADIA,0,0,0,0,0,0,185,23808,0,0,121054,0,13075,629.74317,629.74317,0,0,260685,553847,0,764477,1486244,23808,0,0,55,0,0,0,NA
2024-2025,Nov,32,WEST BENGAL,3211,PURBA MEDINIPUR,0,0,0,0,0,7,223,80947,0,0,94249,0,3074,826.10706,826.10706,0,0,386183,871144,0,918197,1960155,80954,0,0,63,0,0,0,NA
2024-2025,Nov,32,WEST BENGAL,3216,24 PARGANAS SOUTH,0,0,0,0,0,0,310,191888,0,0,255814,0,9543,876.56285,876.56285,0,0,767918,1379372,0,1403510,2361926,191888,0,0,68,0,0,0,NA
2024-2025,Oct,32,WEST BENGAL,3206,HOOGHLY,0,0,0,0,0,0,207,32921,0,0,518214,0,101731,646.08266,646.08266,0,0,669811,1271422,0,839734,1531187,32921,0,0,10,0,0,0,NA
2024-2025,Oct,32,WEST BENGAL,3210,PASCHIM MEDINIPUR,0,0,0,0,0,0,211,87860,0,0,276115,0,138465,701.29694,701.29694,0,0,589506,1253620,0,888425,1773510,87860,0,0,50,0,0,0,NA
2024-2025,Oct,32,WEST BENGAL,3214,PURULIA,0,0,0,0,0,1,170,24059,0,0,105731,0,124778,444.439,444.439,0,0,251062,584144,0,525076,1133148,24060,0,0,67,0,0,0,NA
2024-2025,Oct,32,WEST BENGAL,3225,PURBA BARDHAMAN,0,0,0,0,0,2,215,30167,0,0,504692,0,98175,0,0,0,0,669971,1377883,0,914294,1821226,30169,0,0,23,9.13,0,0,NA
2024-2025,Nov,32,WEST BENGAL,3202,PASCHIM BARDHAMAN,0,0,0,0,0,0,62,2054,0,0,78437,0,21985,236.66556,236.66556,0,0,69781,152671,0,140168,286671,2054,0,0,10,0,0,0,NA
2024-2025,Nov,32,WEST BENGAL,3212,MURSHIDABAD,0,0,0,0,0,0,250,88974,0,0,64990,0,7652,749.08925,749.08925,0,0,327900,595583,0,1232073,2083420,88974,0,0,82,0,0,0,NA
2024-2025,Nov,32,WEST BENGAL,3213,BANKURA,0,0,0,0,0,0,190,28592,0,0,429012,0,122500,680.16226,680.16226,0,0,428788,1038484,0,686010,1538195,28592,0,0,54,100,0,0,NA
2024-2025,Nov,32,WEST BENGAL,3217,DINAJPUR DAKSHIN,0,0,0,0,0,0,64,13349,0,0,71275,0,42797,233.48626,233.48626,0,0,130822,262902,0,277900,521654,13349,0,0,35,0,0,0,NA
2024-2025,Nov,32,WEST BENGAL,3219,Darjeeling Gorkha Hill Council (DGHC),0,0,0,0,0,0,70,9799,0,0,14319,0,63311,0,0,0,0,116126,192316,0,127895,208802,9799,0,0,14,0,0,0,NA
2024-2025,Dec,32,WEST BENGAL,3207,JALPAIGURI,0,0,0,0,0,0,80,29988,0,0,236087,0,81888,310.4042,310.4042,0,0,300581,600236,0,404317,775959,29988,0,0,11,0,0,0,NA
2024-2025,Dec,32,WEST BENGAL,3214,PURULIA,0,0,0,0,0,1,170,21223,0,0,105732,0,124780,512.85609,512.85609,0,0,251062,584160,0,525107,1133247,21224,0,0,63,0,0,0,NA
2024-2025,Nov,32,WEST BENGAL,3211,PURBA MEDINIPUR,0,0,0,0,0,7,223,80947,0,0,94249,0,3074,826.10706,826.10706,0,0,386183,871144,0,918197,1960156,80954,0,0,63,0,0,0,NA
2024-2025,Nov,32,WEST BENGAL,3215,24 PARGANAS (NORTH),0,0,0,0,0,0,199,85386,0,0,173404,0,29397,632.649,632.649,0,0,313170,581721,0,873397,1521126,85386,0,0,74,0,0,0,NA
2024-2025,Nov,32,WEST BENGAL,3208,COOCHBEHAR,0,0,0,0,0,0,128,73728,0,0,466246,0,5915,524.03814,524.03814,0,0,468295,910037,0,660850,1254206,73728,0,0,39,0,0,0,NA
2024-2025,Nov,32,WEST BENGAL,3210,PASCHIM MEDINIPUR,0,0,0,0,0,0,211,87860,0,0,276110,0,138460,811.32978,811.32978,0,0,589506,1253599,0,888424,1773480,87860,0,0,50,26.91,13.55,0,NA
2024-2025,Nov,32,WEST BENGAL,3212,MURSHIDABAD,0,0,0,0,0,0,250,106885,0,0,64990,0,7652,749.08925,749.08925,0,0,327900,595581,0,1232056,2083389,106885,0,0,85,0,0,0,NA
2024-2025,Nov,32,WEST BENGAL,3215,24 PARGANAS (NORTH),0,0,0,0,0,0,199,85386,0,0,173404,0,29397,632.649,632.649,0,0,313170,581721,0,873397,1521127,85386,0,0,74,0,0,0,NA
2024-2025,Nov,32,WEST BENGAL,3220,ALIPURDUAR,0,0,0,0,0,0,64,64330,0,0,146406,0,115848,0,0,0,0,272547,546686,0,326722,638824,64330,0,0,58,21.14,24.8,0,NA
2024-2025,Nov,32,WEST BENGAL,3214,PURULIA,0,0,0,0,0,1,170,21223,0,0,105732,0,124780,512.85609,512.85609,0,0,251062,584158,0,525106,1133241,21224,0,0,63,0,0,0,NA
2024-2025,Nov,32,WEST BENGAL,3203,BIRBHUM,0,0,0,0,0,0,167,24978,0,0,336479,0,65418,588.67441,588.67441,0,0,444187,940997,0,677417,1357221,24978,0,0,9,0,0,0,NA
2024-2025,Sep,32,WEST BENGAL,3208,COOCHBEHAR,0,0,0,0,0,0,128,73782,0,0,466236,0,5915,364.38132,364.38132,0,0,468295,910010,0,660841,1254151,73782,0,0,39,0,0,0,NA
2024-2025,Sep,32,WEST BENGAL,3214,PURULIA,0,0,0,0,0,0,170,24060,0,0,105731,0,124778,352.62191,352.62191,0,0,251062,584136,0,525071,1133119,24060,0,0,67,0,0,0,NA
2024-2025,Oct,32,WEST BENGAL,3215,24 PARGANAS (NORTH),0,0,0,0,0,0,199,85386,0,0,173404,0,29397,547.13151,547.13151,0,0,313170,581721,0,873396,1521123,85386,0,0,74,0,0,0,NA
2024-2025,Oct,32,WEST BENGAL,3218,DINAJPUR UTTAR,0,0,0,0,0,0,98,84348,0,0,93583,0,9199,236.26182,236.26182,0,0,185983,367627,0,504647,934179,84348,0,0,85,0,0,0,NA
2024-2025,Jan,32,WEST BENGAL,3201,NADIA,0,0,0,0,0,0,185,22419,0,0,121061,0,13075,795.56601,795.56601,0,0,260685,553876,0,764484,1486316,22419,0,0,52,5.02,0,0,NA
2024-2025,Jan,32,WEST BENGAL,3205,HOWRAH,0,0,0,0,0,0,157,16594,0,0,54681,0,800,419.95861,419.95861,0,0,161738,261428,0,406454,578747,16594,0,0,12,0,0,0,NA
2024-2025,Jan,32,WEST BENGAL,3210,PASCHIM MEDINIPUR,0,0,0,0,0,0,211,71632,0,0,276099,0,138450,1140.80964,1140.80964,0,0,589503,1253543,0,888409,1773391,71632,0,0,39,26.91,13.55,0,NA
2024-2025,Jan,32,WEST BENGAL,3205,HOWRAH,0,0,0,0,0,0,157,16594,0,0,54679,0,800,380.26916,380.26916,0,0,161738,261418,0,406409,578676,16594,0,0,12,0,0,0,NA
2024-2025,Jan,32,WEST BENGAL,3208,COOCHBEHAR,0,0,0,0,0,0,128,73729,0,0,466255,0,5915,662.30716,662.30716,0,0,468297,910060,0,660856,1254246,73729,0,0,39,0,0,0,NA
2024-2025,Jan,32,WEST BENGAL,3215,24 PARGANAS (NORTH),0,0,0,0,0,0,199,33730,0,0,173404,0,29397,803.25509,803.25509,0,0,313170,581723,0,873397,1521135,33730,0,0,35,0,0,0,NA
2024-2025,Jan,32,WEST BENGAL,3211,PURBA MEDINIPUR,0,0,0,0,0,2383,223,76109,0,0,94250,0,3074,1050.7579,1050.7579,0,0,386183,871149,0,918236,1960256,78492,0,0,61,0,0,0,NA
2024-2025,Jan,32,WEST BENGAL,3212,MURSHIDABAD,0,0,0,0,0,0,250,88974,0,0,64990,0,7652,947.1264,947.1264,0,0,327900,595583,0,1232089,2083454,88974,0,0,82,0,0,0,NA
2024-2025,Jan,32,WEST BENGAL,3216,24 PARGANAS SOUTH,0,0,0,0,0,0,310,166623,0,0,255667,0,9543,1113.00164,1113.00164,0,0,767593,1377399,0,1402162,2357107,166623,0,0,63,47.47,0,0,NA
2024-2025,Jan,32,WEST BENGAL,3206,HOOGHLY,0,0,0,0,0,0,207,30872,0,0,518187,0,101732,947.20906,947.20906,0,0,669805,1271330,0,839723,1531085,30872,0,0,5,0,0,0,NA
2024-2025,Jan,32,WEST BENGAL,3207,JALPAIGURI,0,0,0,0,0,0,80,29988,0,0,236093,0,81889,392.92929,392.92929,0,0,300581,600251,0,404319,775993,29988,0,0,11,0,0,0,NA
2024-2025,Jan,32,WEST BENGAL,3208,COOCHBEHAR,0,0,0,0,0,0,128,73729,0,0,466251,0,5915,662.30716,662.30716,0,0,468294,910047,0,660861,1254250,73729,0,0,39,0,0,0,NA
2024-2025,Jan,32,WEST BENGAL,3206,HOOGHLY,0,0,0,0,0,0,207,30872,0,0,518187,0,101732,947.20906,947.20906,0,0,669805,1271327,0,839723,1531082,30872,0,0,5,0,0,0,NA
2024-2025,Jan,32,WEST BENGAL,3211,PURBA MEDINIPUR,0,0,0,0,0,2506,223,76087,0,0,94250,0,3074,1050.7579,1050.7579,0,0,386183,871150,0,918238,1960265,78593,0,0,61,0,0,0,NA
2024-2025,Jan,32,WEST BENGAL,3215,24 PARGANAS (NORTH),0,0,0,0,0,0,199,33730,0,0,173404,0,29397,803.25509,803.25509,0,0,313170,581724,0,873398,1521140,33730,0,0,35,0,0,0,NA
2024-2025,Jan,32,WEST BENGAL,3207,JALPAIGURI,0,0,0,0,0,0,80,29988,0,0,236093,0,81889,392.92929,392.92929,0,0,300581,600250,0,404318,775988,29988,0,0,11,0,0,0,NA
2024-2025,Jan,32,WEST BENGAL,3216,24 PARGANAS SOUTH,0,0,0,0,0,0,310,166623,0,0,255681,0,9543,1113.00164,1113.00164,0,0,767713,1377711,0,1402673,2358211,166623,0,0,63,47.47,0,0,NA
2024-2025,Jan,32,WEST BENGAL,3225,PURBA BARDHAMAN,0,0,0,0,0,3,215,24891,0,0,504702,0,98181,0,0,0,0,669971,1377936,0,914301,1821307,24894,0,0,7,9.13,0,0,NA
2024-2025,Jan,32,WEST BENGAL,3204,SILIGURI MAHAKUMA PARISAD,0,0,0,0,0,0,22,2282,0,0,43439,0,28959,114.60277,114.60277,0,0,50490,99700,0,116251,215947,2282,0,0,53,0,0,0,NA
2024-2025,Jan,32,WEST BENGAL,3225,PURBA BARDHAMAN,0,0,0,0,0,3,215,24891,0,0,504706,0,98181,0,0,0,0,669971,1377951,0,914301,1821324,24894,0,0,7,9.13,0,0,NA
2024-2025,Feb,32,WEST BENGAL,3201,NADIA,0,0,0,0,0,0,185,22419,0,0,121061,0,13075,877.71248,877.71248,0,0,260685,553876,0,764484,1486316,22419,0,0,52,5.02,0,0,NA
2024-2025,Feb,32,WEST BENGAL,3207,JALPAIGURI,0,0,0,0,0,0,80,29988,0,0,236094,0,81889,434.12228,434.12228,0,0,300581,600252,0,404319,775994,29988,0,0,11,0,0,0,NA
2024-2025,Feb,32,WEST BENGAL,3219,Darjeeling Gorkha Hill Council (DGHC),0,0,0,0,0,0,70,9799,0,0,14319,0,63315,0,0,0,0,116126,192321,0,127895,208808,9799,0,0,14,0,0,0,NA
2024-2025,Feb,32,WEST BENGAL,3206,HOOGHLY,0,0,0,0,0,0,207,30872,0,0,518189,0,101732,1047.36049,1047.36049,0,0,669805,1271332,0,839728,1531095,30872,0,0,5,0,0,0,NA
2024-2025,Feb,32,WEST BENGAL,3225,PURBA BARDHAMAN,0,0,0,0,0,3,215,24891,0,0,504709,0,98182,0,0,0,0,669971,1377965,0,914303,1821344,24894,0,0,7,9.13,0,0,NA
2024-2025,Feb,32,WEST BENGAL,3215,24 PARGANAS (NORTH),0,0,0,0,0,0,199,33730,0,0,173407,0,29399,888.11497,888.11497,0,0,313170,581738,0,873406,1521195,33730,0,0,35,0,0,0,NA
2024-2025,Feb,32,WEST BENGAL,3218,DINAJPUR UTTAR,0,0,0,0,0,0,98,78462,0,0,93590,0,9199,384.46249,384.46249,0,0,185983,367641,0,504686,934296,78462,0,0,84,0,0,0,NA
2024-2025,Feb,32,WEST BENGAL,3203,BIRBHUM,0,0,0,0,0,0,167,24977,0,0,336504,0,65421,824.93778,824.93778,0,0,444187,941062,0,677544,1357457,24977,0,0,9,0,0,0,NA
2024-2025,Jan,32,WEST BENGAL,3203,BIRBHUM,0,0,0,0,0,0,167,24977,0,0,336496,0,65420,746.70873,746.70873,0,0,444187,941030,0,677495,1357365,24977,0,0,9,0,0,0,NA
2024-2025,Jan,32,WEST BENGAL,3218,DINAJPUR UTTAR,0,0,0,0,0,0,98,78462,0,0,93585,0,9199,347.54772,347.54772,0,0,185983,367635,0,504674,934259,78462,0,0,84,0,0,0,NA
2024-2025,Jan,32,WEST BENGAL,3202,PASCHIM BARDHAMAN,0,0,0,0,0,0,62,2054,0,0,78437,0,21985,300.80572,300.80572,0,0,69781,152673,0,140168,286673,2054,0,0,10,0,0,0,NA
2024-2025,Jan,32,WEST BENGAL,3204,SILIGURI MAHAKUMA PARISAD,0,0,0,0,0,0,22,2282,0,0,43450,0,28962,114.60277,114.60277,0,0,50493,99717,0,116260,215975,2282,0,0,53,0,0,0,NA
2024-2025,Jan,32,WEST BENGAL,3207,JALPAIGURI,0,0,0,0,0,0,80,29988,0,0,236093,0,81889,392.92929,392.92929,0,0,300581,600247,0,404318,775983,29988,0,0,11,0,0,0,NA
2024-2025,Feb,32,WEST BENGAL,3202,PASCHIM BARDHAMAN,0,0,0,0,0,0,62,2054,0,0,78437,0,21985,332.7896,332.7896,0,0,69781,152673,0,140168,286676,2054,0,0,10,0,0,0,NA
2024-2025,Feb,32,WEST BENGAL,3205,HOWRAH,0,0,0,0,0,0,157,16594,0,0,54682,0,800,419.95861,419.95861,0,0,161738,261429,0,406462,578760,16594,0,0,12,0,0,0,NA
2024-2025,Feb,32,WEST BENGAL,3208,COOCHBEHAR,0,0,0,0,0,0,128,73729,0,0,466254,0,5915,730.77149,730.77149,0,0,468290,910051,0,660905,1254344,73729,0,0,39,0,0,0,NA
2024-2025,Feb,32,WEST BENGAL,3214,PURULIA,0,0,0,0,0,1,170,21223,0,0,105097,0,124097,718.65273,718.65273,0,0,250832,581757,0,523922,1126889,21224,0,0,63,0,0,0,NA
2024-2025,Feb,32,WEST BENGAL,3219,Darjeeling Gorkha Hill Council (DGHC),0,0,0,0,0,0,70,9799,0,0,14319,0,63315,25.96915,25.96915,0,0,116126,192321,0,127895,208808,9799,0,0,14,0,0,0,NA
2024-2025,Feb,32,WEST BENGAL,3215,24 PARGANAS (NORTH),0,0,0,0,0,0,199,33730,0,0,173407,0,29399,888.11497,888.11497,0,0,313170,581743,0,873409,1521212,33730,0,0,35,0,0,0,NA
2024-2025,Dec,32,WEST BENGAL,3203,BIRBHUM,0,0,0,0,0,0,167,24977,0,0,336485,0,65420,668.02174,668.02174,0,0,444187,941013,0,677462,1357299,24977,0,0,9,0,0,0,NA
2024-2025,Dec,32,WEST BENGAL,3204,SILIGURI MAHAKUMA PARISAD,0,0,0,0,0,0,22,2282,0,0,43472,0,28965,102.513,102.513,0,0,50498,99752,0,116269,216068,2282,0,0,53,0,0,0,NA
2024-2025,Dec,32,WEST BENGAL,3214,PURULIA,0,0,0,0,0,1,170,21223,0,0,105586,0,124342,581.40275,581.40275,0,0,251015,583005,0,524794,1130726,21224,0,0,63,0,0,0,NA
2024-2025,Dec,32,WEST BENGAL,3202,PASCHIM BARDHAMAN,0,0,0,0,0,0,62,2054,0,0,78437,0,21985,300.80572,300.80572,0,0,69781,152671,0,140168,286671,2054,0,0,10,0,0,0,NA
2024-2025,Dec,32,WEST BENGAL,3210,PASCHIM MEDINIPUR,0,0,0,0,0,0,211,71632,0,0,276098,0,138447,1031.08613,1031.08613,0,0,589503,1253536,0,888408,1773378,71632,0,0,39,26.91,13.55,0,NA
2024-2025,Dec,32,WEST BENGAL,3212,MURSHIDABAD,0,0,0,0,0,0,250,88974,0,0,64990,0,7652,848.28711,848.28711,0,0,327900,595583,0,1232077,2083432,88974,0,0,82,0,0,0,NA
2024-2025,Dec,32,WEST BENGAL,3225,PURBA BARDHAMAN,0,0,0,0,0,3,215,24891,0,0,504699,0,98180,0,0,0,0,669971,1377929,0,914302,1821301,24894,0,0,7,9.13,0,0,NA
2024-2025,Dec,32,WEST BENGAL,3203,BIRBHUM,0,0,0,0,0,0,167,24977,0,0,336481,0,65420,668.02174,668.02174,0,0,444187,941008,0,677453,1357281,24977,0,0,9,0,0,0,NA
2024-2025,Feb,32,WEST BENGAL,3201,NADIA,0,0,0,0,0,0,185,22419,0,0,121061,0,13075,877.71248,877.71248,0,0,260685,553893,0,764485,1486341,22419,0,0,52,0,0,0,NA
2024-2025,Feb,32,WEST BENGAL,3212,MURSHIDABAD,0,0,0,0,0,0,250,88969,0,0,64990,0,7652,1047.2574,1047.2574,0,0,327900,595588,0,1232098,2083490,88969,0,0,82,0,0,0,NA
2024-2025,Feb,32,WEST BENGAL,3218,DINAJPUR UTTAR,0,0,0,0,0,0,98,78462,0,0,93590,0,9199,384.46249,384.46249,0,0,185983,367641,0,504687,934301,78462,0,0,84,100,0,0,NA
2024-2025,Feb,32,WEST BENGAL,3225,PURBA BARDHAMAN,0,0,0,0,0,3,215,24891,0,0,504710,0,98182,0,0,0,0,669971,1377967,0,914305,1821352,24894,0,0,7,9.13,0,0,NA
2024-2025,Feb,32,WEST BENGAL,3211,PURBA MEDINIPUR,0,0,0,0,0,2772,223,77892,0,0,94251,0,3074,1162.0444,1162.0444,0,0,386183,871156,0,918268,1960326,80664,0,0,60,0,0,0,NA
2024-2025,Feb,32,WEST BENGAL,3212,MURSHIDABAD,0,0,0,0,0,0,250,88969,0,0,64990,0,7652,1047.2574,1047.2574,0,0,327900,595594,0,1232098,2083501,88969,0,0,82,0,0,0,NA
2024-2025,Feb,32,WEST BENGAL,3220,ALIPURDUAR,0,0,0,0,0,0,64,61730,0,0,146407,0,115849,0,0,0,0,272547,546692,0,326723,638832,61730,0,0,56,21.14,24.8,0,NA
2024-2025,Feb,32,WEST BENGAL,3214,PURULIA,0,0,0,0,0,1,170,21223,0,0,105097,0,124098,718.65273,718.65273,0,0,250832,581758,0,523961,1126940,21224,0,0,63,0,0,0,NA
2024-2025,Feb,32,WEST BENGAL,3203,BIRBHUM,0,0,0,0,0,0,167,24977,0,0,336505,0,65421,824.93778,824.93778,0,0,444187,941067,0,677523,1357444,24977,0,0,9,0,0,0,NA
2024-2025,Feb,32,WEST BENGAL,3205,HOWRAH,0,0,0,0,0,0,157,16594,0,0,54682,0,800,419.95861,419.95861,0,0,161738,261432,0,406485,578792,16594,0,0,12,0,0,0,NA
2024-2025,Feb,32,WEST BENGAL,3208,COOCHBEHAR,0,0,0,0,0,0,128,73729,0,0,466271,0,5915,730.77149,730.77149,0,0,468290,910074,0,660931,1254429,73729,0,0,39,0,0,0,NA
2024-2025,Dec,32,WEST BENGAL,3203,BIRBHUM,0,0,0,0,0,0,167,24978,0,0,336480,0,65420,668.02174,668.02174,0,0,444187,941010,0,677431,1357258,24978,0,0,9,0,0,0,NA
2024-2025,Dec,32,WEST BENGAL,3209,MALDAH,0,0,0,0,0,0,146,39691,0,0,116008,0,37379,491.0802,491.0802,0,0,334524,570380,0,722757,1170436,39691,0,0,48,0,0,0,NA
2024-2025,Dec,32,WEST BENGAL,3210,PASCHIM MEDINIPUR,0,0,0,0,0,0,211,71632,0,0,276098,0,138447,901.1581,901.1581,0,0,589503,1253536,0,888406,1773372,71632,0,0,39,26.91,13.55,0,NA
2024-2025,Dec,32,WEST BENGAL,3213,BANKURA,0,0,0,0,0,0,190,28592,0,0,429012,0,122500,771.87481,771.87481,0,0,428788,1038484,0,686014,1538202,28592,0,0,54,100,0,0,NA
2024-2025,Dec,32,WEST BENGAL,3203,BIRBHUM,0,0,0,0,0,0,167,24978,0,0,336481,0,65420,668.02174,668.02174,0,0,444187,941010,0,677437,1357264,24978,0,0,9,0,0,0,NA
2024-2025,Dec,32,WEST BENGAL,3203,BIRBHUM,0,0,0,0,0,0,167,24978,0,0,336480,0,65420,668.02174,668.02174,0,0,444187,941007,0,677434,1357258,24978,0,0,9,0,0,0,NA
2024-2025,Dec,32,WEST BENGAL,3211,PURBA MEDINIPUR,0,0,0,0,0,144,223,76281,0,0,94249,0,3074,938.58968,938.58968,0,0,386183,871147,0,918234,1960245,76425,0,0,61,0,0,0,NA
2024-2025,Dec,32,WEST BENGAL,3205,HOWRAH,0,0,0,0,0,0,157,16594,0,0,54679,0,800,340.57971,340.57971,0,0,161738,261417,0,406409,578675,16594,0,0,12,0,0,0,NA
2024-2025,Dec,32,WEST BENGAL,3204,SILIGURI MAHAKUMA PARISAD,0,0,0,0,0,0,22,2282,0,0,43475,0,28965,102.513,102.513,0,0,50498,99755,0,116270,216073,2282,0,0,53,0,0,0,NA
2024-2025,Dec,32,WEST BENGAL,3208,COOCHBEHAR,0,0,0,0,0,0,128,73728,0,0,466253,0,5915,593.30655,593.30655,0,0,468297,910057,0,660852,1254235,73728,0,0,39,0,0,0,NA
2024-2025,Dec,32,WEST BENGAL,3211,PURBA MEDINIPUR,0,0,0,0,0,175,223,76253,0,0,94249,0,3074,938.58968,938.58968,0,0,386183,871147,0,918234,1960247,76428,0,0,61,0,0,0,NA
2024-2025,Sep,32,WEST BENGAL,3201,NADIA,0,0,0,0,0,0,185,23808,0,0,121052,0,13075,436.28773,436.28773,0,0,260685,553843,0,764476,1486230,23808,0,0,55,0,0,0,NA
2024-2025,Sep,32,WEST BENGAL,3205,HOWRAH,0,0,0,0,0,0,157,18268,0,0,54678,0,800,206.5233,206.5233,0,0,161738,261409,0,406192,578425,18268,0,0,20,0,0,0,NA
2024-2025,Sep,32,WEST BENGAL,3212,MURSHIDABAD,0,0,0,0,0,0,250,106885,0,0,64990,0,7652,526.5289,526.5289,0,0,327900,595576,0,1232020,2083309,106885,0,0,85,0,0,0,NA
2024-2025,Jan,32,WEST BENGAL,3207,JALPAIGURI,0,0,0,0,0,0,80,29988,0,0,236094,0,81889,434.12228,434.12228,0,0,300581,600252,0,404319,775994,29988,0,0,11,0,0,0,NA
2024-2025,Jan,32,WEST BENGAL,3210,PASCHIM MEDINIPUR,0,0,0,0,0,0,211,71625,0,0,276099,0,138450,1140.80964,1140.80964,0,0,589503,1253543,0,888409,1773392,71625,0,0,39,26.91,13.55,0,NA
2024-2025,Jan,32,WEST BENGAL,3211,PURBA MEDINIPUR,0,0,0,0,0,2653,223,76076,0,0,94250,0,3074,1162.0444,1162.0444,0,0,386183,871151,0,918251,1960283,78729,0,0,61,0,0,0,NA
2024-2025,Jan,32,WEST BENGAL,3202,PASCHIM BARDHAMAN,0,0,0,0,0,0,62,2054,0,0,78437,0,21985,300.80572,300.80572,0,0,69781,152673,0,140168,286676,2054,0,0,10,0,0,0,NA
2024-2025,Jan,32,WEST BENGAL,3204,SILIGURI MAHAKUMA PARISAD,0,0,0,0,0,0,22,2282,0,0,43439,0,28959,114.60277,114.60277,0,0,50489,99699,0,116248,215943,2282,0,0,53,0,0,0,NA
2024-2025,Jan,32,WEST BENGAL,3205,HOWRAH,0,0,0,0,0,0,157,16594,0,0,54681,0,800,380.26916,380.26916,0,0,161738,261428,0,406453,578746,16594,0,0,12,0,0,0,NA
2024-2025,Jan,32,WEST BENGAL,3214,PURULIA,0,0,0,0,0,1,170,21223,0,0,105094,0,124097,650.22454,650.22454,0,0,250832,581753,0,523894,1126827,21224,0,0,63,0,0,0,NA
2024-2025,Jan,32,WEST BENGAL,3217,DINAJPUR DAKSHIN,0,0,0,0,0,0,64,13349,0,0,71275,0,42797,296.58763,296.58763,0,0,130822,262902,0,277900,521654,13349,0,0,35,0,0,0,NA
2024-2025,Jan,32,WEST BENGAL,3221,KALIMPONG,0,0,0,0,0,0,42,4113,0,0,5474,0,28225,41.3486,41.3486,0,0,53592,86549,0,55738,89423,4113,0,0,16,0,0,0,NA
2024-2025,Feb,32,WEST BENGAL,3214,PURULIA,0,0,0,0,0,1,170,21223,0,0,105094,0,124097,718.65273,718.65273,0,0,250832,581753,0,523904,1126844,21224,0,0,63,0,0,0,NA
2024-2025,Feb,32,WEST BENGAL,3215,24 PARGANAS (NORTH),0,0,0,0,0,0,199,33730,0,0,173406,0,29399,888.11497,888.11497,0,0,313170,581735,0,873402,1521183,33730,0,0,35,0,0,0,NA
2024-2025,Sep,32,WEST BENGAL,3206,HOOGHLY,0,0,0,0,0,0,207,32921,0,0,518214,0,101731,512.87183,512.87183,0,0,669811,1271422,0,839733,1531185,32921,0,0,10,0,0,0,NA
2024-2025,Sep,32,WEST BENGAL,3205,HOWRAH,0,0,0,0,0,0,157,18268,0,0,54678,0,800,206.72514,206.72514,0,0,161738,261413,0,406281,578529,18268,0,0,20,0,0,0,NA
2024-2025,Sep,32,WEST BENGAL,3218,DINAJPUR UTTAR,0,0,0,0,0,0,98,84348,0,0,93586,0,9199,192.01485,192.01485,0,0,185988,367640,0,504681,934241,84348,0,0,85,0,0,0,NA
2024-2025,Sep,32,WEST BENGAL,3225,PURBA BARDHAMAN,0,0,0,0,0,2,215,30167,0,0,504708,0,98175,0,0,0,0,669977,1377929,0,914302,1821279,30169,0,0,23,0,0,0,NA
2024-2025,Sep,32,WEST BENGAL,3204,SILIGURI MAHAKUMA PARISAD,0,0,0,0,0,0,22,2336,0,0,43515,0,29028,61.88369,61.88369,0,0,50505,99894,0,116316,216370,2336,0,0,54,0,0,0,NA
2024-2025,Sep,32,WEST BENGAL,3207,JALPAIGURI,0,0,0,0,0,0,80,31776,0,0,236076,0,81887,213.06389,213.06389,0,0,300581,600221,0,404317,775935,31776,0,0,16,0,0,0,NA
2024-2025,Sep,32,WEST BENGAL,3208,COOCHBEHAR,0,0,0,0,0,0,128,73782,0,0,466233,0,5915,364.38132,364.38132,0,0,468295,910003,0,660822,1254105,73782,0,0,39,0,0,0,NA
2024-2025,Sep,32,WEST BENGAL,3211,PURBA MEDINIPUR,0,0,0,0,0,7,223,80947,0,0,94249,0,3074,563.28182,563.28182,0,0,386183,871136,0,918159,1960075,80954,0,0,63,0,0,0,NA
2024-2025,Sep,32,WEST BENGAL,3214,PURULIA,0,0,0,0,0,0,170,24060,0,0,105731,0,124777,342.69811,342.69811,0,0,251062,584132,0,525070,1133106,24060,0,0,67,0,0,0,NA
2024-2025,Sep,32,WEST BENGAL,3216,24 PARGANAS SOUTH,0,0,0,0,0,0,310,191888,0,0,255813,0,9543,604.33213,604.33213,0,0,767925,1379375,0,1403556,2362002,191888,0,0,68,0,0,0,NA
2024-2025,Sep,32,WEST BENGAL,3216,24 PARGANAS SOUTH,0,0,0,0,0,0,310,191888,0,0,255824,0,9543,604.33213,604.33213,0,0,767936,1379448,0,1403572,2362104,191888,0,0,68,0,0,0,NA
2024-2025,Sep,32,WEST BENGAL,3225,PURBA BARDHAMAN,0,0,0,0,0,1,215,30168,0,0,504722,0,98175,0,0,0,0,669977,1377951,0,914293,1821299,30169,0,0,23,0,0,0,NA
2024-2025,Sep,32,WEST BENGAL,3208,COOCHBEHAR,0,0,0,0,0,0,128,73782,0,0,466231,0,5915,364.38132,364.38132,0,0,468295,909995,0,660799,1254051,73782,0,0,39,0,0,0,NA
2024-2025,Sep,32,WEST BENGAL,3212,MURSHIDABAD,0,0,0,0,0,0,250,106885,0,0,64990,0,7652,529.15657,529.15657,0,0,327900,595578,0,1232034,2083331,106885,0,0,85,0,0,0,NA
2024-2025,Sep,32,WEST BENGAL,3205,HOWRAH,0,0,0,0,0,0,157,18268,0,0,54678,0,800,207.1914,207.1914,0,0,161738,261414,0,406296,578547,18268,0,0,20,0,0,0,NA
2024-2025,Sep,32,WEST BENGAL,3206,HOOGHLY,0,0,0,0,0,0,207,32921,0,0,518214,0,101731,512.87183,512.87183,0,0,669811,1271422,0,839734,1531187,32921,0,0,10,0,0,0,NA
2024-2025,Sep,32,WEST BENGAL,3214,PURULIA,0,0,0,0,0,0,170,24060,0,0,105731,0,124778,352.62191,352.62191,0,0,251062,584137,0,525071,1133124,24060,0,0,67,0,0,0,NA
2024-2025,Sep,32,WEST BENGAL,3221,KALIMPONG,0,0,0,0,0,0,42,4520,0,0,5474,0,28225,23.80116,23.80116,0,0,53592,86549,0,55738,89423,4520,0,0,23,0,0,0,NA
2024-2025,Sep,32,WEST BENGAL,3222,JHARGRAM,0,0,0,0,0,0,79,23787,0,0,64094,0,91422,0,0,0,0,143160,309798,0,231014,470506,23787,0,0,44,0,0,0,NA
2024-2025,Sep,32,WEST BENGAL,3203,BIRBHUM,0,0,0,0,0,0,167,26930,0,0,336452,0,65414,407.57325,407.57325,0,0,444187,940928,0,677355,1357070,26930,0,0,16,0,0,0,NA
2024-2025,Feb,32,WEST BENGAL,3205,HOWRAH,0,0,0,0,0,0,157,16594,0,0,54682,0,800,419.95861,419.95861,0,0,161738,261429,0,406461,578758,16594,0,0,12,0,0,0,NA
2024-2025,Feb,32,WEST BENGAL,3207,JALPAIGURI,0,0,0,0,0,0,80,29988,0,0,236095,0,81889,434.12228,434.12228,0,0,300581,600253,0,404319,775995,29988,0,0,11,0,0,0,NA
2024-2025,Feb,32,WEST BENGAL,3208,COOCHBEHAR,0,0,0,0,0,0,128,73729,0,0,466253,0,5915,730.77149,730.77149,0,0,468290,910050,0,660898,1254326,73729,0,0,39,0,0,0,NA
2024-2025,Feb,32,WEST BENGAL,3213,BANKURA,0,0,0,0,0,0,190,28592,0,0,429012,0,122500,954.51012,954.51012,0,0,428788,1038485,0,686013,1538203,28592,0,0,54,100,0,0,NA
2024-2025,Feb,32,WEST BENGAL,3214,PURULIA,0,0,0,0,0,1,170,21223,0,0,105097,0,124097,718.65273,718.65273,0,0,250832,581757,0,523920,1126883,21224,0,0,63,0,0,0,NA
2024-2025,Feb,32,WEST BENGAL,3222,JHARGRAM,0,0,0,0,0,0,79,18777,0,0,64097,0,91413,0,0,0,0,143160,309792,0,231016,470498,18777,0,0,29,0,0,0,NA
2024-2025,Feb,32,WEST BENGAL,3214,PURULIA,0,0,0,0,0,1,170,21223,0,0,105094,0,124097,718.65273,718.65273,0,0,250832,581753,0,523909,1126855,21224,0,0,63,0,0,0,NA
2024-2025,Dec,32,WEST BENGAL,3205,HOWRAH,0,0,0,0,0,0,157,16594,0,0,54679,0,800,340.57971,340.57971,0,0,161738,261418,0,406409,578676,16594,0,0,12,0,0,0,NA
2024-2025,Dec,32,WEST BENGAL,3204,SILIGURI MAHAKUMA PARISAD,0,0,0,0,0,0,22,2282,0,0,43456,0,28963,102.513,102.513,0,0,50495,99732,0,116265,216036,2282,0,0,53,0,0,0,NA
2024-2025,Dec,32,WEST BENGAL,3203,BIRBHUM,0,0,0,0,0,0,167,24977,0,0,336491,0,65420,668.02174,668.02174,0,0,444187,941022,0,677472,1357326,24977,0,0,9,0,0,0,NA
2024-2025,Dec,32,WEST BENGAL,3211,PURBA MEDINIPUR,0,0,0,0,0,567,223,76205,0,0,94249,0,3074,938.58968,938.58968,0,0,386183,871147,0,918234,1960247,76772,0,0,61,0,0,0,NA
2024-2025,Dec,32,WEST BENGAL,3213,BANKURA,0,0,0,0,0,0,190,28592,0,0,429012,0,122500,771.87481,771.87481,0,0,428788,1038485,0,686014,1538200,28592,0,0,54,100,0,0,NA
2024-2025,March,32,WEST BENGAL,3203,BIRBHUM,0,0,0,0,0,0,167,24977,0,0,336506,0,65423,903.03583,903.03583,0,0,444187,941078,0,677544,1357479,24977,0,0,9,0,0,0,NA
2024-2025,March,32,WEST BENGAL,3216,24 PARGANAS SOUTH,0,0,0,0,0,0,310,166610,0,0,255670,0,9543,1347.72181,1347.72181,0,0,767592,1377411,0,1402169,2357139,166610,0,0,63,99.02,0,0,NA
2024-2025,March,32,WEST BENGAL,3206,HOOGHLY,0,0,0,0,0,0,207,30872,0,0,518195,0,101732,1147.32622,1147.32622,0,0,669805,1271343,0,839735,1531114,30872,0,0,5,0,0,0,NA
2024-2025,March,32,WEST BENGAL,3225,PURBA BARDHAMAN,0,0,0,0,0,3,215,24891,0,0,504717,0,98185,0,0,0,0,669971,1377990,0,914311,1821388,24894,0,0,7,9.13,0,0,NA
2024-2025,March,32,WEST BENGAL,3216,24 PARGANAS SOUTH,0,0,0,0,0,0,310,166610,0,0,255669,0,9543,1347.72181,1347.72181,0,0,767592,1377410,0,1402164,2357129,166610,0,0,63,99.02,0,0,NA
2024-2025,March,32,WEST BENGAL,3201,NADIA,0,0,0,0,0,0,185,22419,0,0,121061,0,13075,959.60035,959.60035,0,0,260685,553913,0,764487,1486379,22419,0,0,52,0,0,0,NA
2024-2025,March,32,WEST BENGAL,3206,HOOGHLY,0,0,0,0,0,0,207,30872,0,0,518190,0,101732,1147.32622,1147.32622,0,0,669805,1271336,0,839729,1531101,30872,0,0,5,0,0,0,NA
2024-2025,March,32,WEST BENGAL,3214,PURULIA,0,0,0,0,0,1,170,21223,0,0,105097,0,124098,787.09028,787.09028,0,0,250832,581758,0,523967,1126953,21224,0,0,63,0,0,0,NA
2024-2025,March,32,WEST BENGAL,3201,NADIA,0,0,0,0,0,0,185,22419,0,0,121061,0,13075,959.60035,959.60035,0,0,260685,553902,0,764487,1486359,22419,0,0,52,0,0,0,NA
2024-2025,March,32,WEST BENGAL,3208,COOCHBEHAR,0,0,0,0,0,0,128,73729,0,0,466273,0,5915,799.23582,799.23582,0,0,468290,910078,0,660942,1254457,73729,0,0,39,0,0,0,NA
2024-2025,March,32,WEST BENGAL,3206,HOOGHLY,0,0,0,0,0,0,207,30872,0,0,518192,0,101732,1147.32622,1147.32622,0,0,669805,1271339,0,839732,1531107,30872,0,0,5,0,0,0,NA
2024-2025,March,32,WEST BENGAL,3215,24 PARGANAS (NORTH),0,0,0,0,0,0,199,33730,0,0,173408,0,29399,972.88874,972.88874,0,0,313170,581752,0,873410,1521251,33730,0,0,35,0,0,0,NA
2024-2025,March,32,WEST BENGAL,3206,HOOGHLY,0,0,0,0,0,0,207,30872,0,0,518192,0,101732,1147.32622,1147.32622,0,0,669805,1271339,0,839733,1531108,30872,0,0,5,0,0,0,NA
2024-2025,March,32,WEST BENGAL,3210,PASCHIM MEDINIPUR,0,0,0,0,0,0,211,71624,0,0,276102,0,138449,1250.32818,1250.32818,0,0,589503,1253556,0,888410,1773408,71624,0,0,39,26.91,13.55,0,NA
2024-2025,March,32,WEST BENGAL,3216,24 PARGANAS SOUTH,0,0,0,0,0,0,310,166614,0,0,255669,0,9543,1347.72181,1347.72181,0,0,767592,1377408,0,1402163,2357124,166614,0,0,63,99.02,0,0,NA
2024-2025,March,32,WEST BENGAL,3215,24 PARGANAS (NORTH),0,0,0,0,0,0,199,33730,0,0,173408,0,29400,973.02675,973.02675,0,0,313170,581757,0,873411,1521259,33730,0,0,35,0,0,0,NA
2024-2025,March,32,WEST BENGAL,3219,Darjeeling Gorkha Hill Council (DGHC),0,0,0,0,0,0,70,9799,0,0,14319,0,63316,58.57478,58.57478,0,0,116126,192322,0,127895,208809,9799,0,0,14,0,0,0,NA
2024-2025,March,32,WEST BENGAL,3214,PURULIA,0,0,0,0,0,1,170,21223,0,0,105097,0,124098,787.09028,787.09028,0,0,250832,581759,0,523988,1126991,21224,0,0,63,0,0,0,NA
2024-2025,March,32,WEST BENGAL,3206,HOOGHLY,0,0,0,0,0,0,207,30872,0,0,518195,0,101732,1147.32622,1147.32622,0,0,669805,1271346,0,839736,1531118,30872,0,0,5,0,0,0,NA
2024-2025,March,32,WEST BENGAL,3209,MALDAH,0,0,0,0,0,0,146,39689,0,0,116008,0,37379,666.01361,666.01361,0,0,334524,570381,0,722772,1170468,39689,0,0,48,0,0,0,NA
2024-2025,March,32,WEST BENGAL,3210,PASCHIM MEDINIPUR,0,0,0,0,0,0,211,71624,0,0,276103,0,138449,1250.32818,1250.32818,0,0,589503,1253557,0,888411,1773412,71624,0,0,39,26.91,13.55,0,NA
2024-2025,March,32,WEST BENGAL,3215,24 PARGANAS (NORTH),0,0,0,0,0,0,199,33730,0,0,173408,0,29400,973.02675,973.02675,0,0,313170,581757,0,873424,1521281,33730,0,0,35,0,0,0,NA
2024-2025,March,32,WEST BENGAL,3203,BIRBHUM,0,0,0,0,0,0,167,24977,0,0,336511,0,65423,989.47507,989.47507,0,0,444187,941092,0,677552,1357510,24977,0,0,9,0,0,0,NA
2024-2025,March,32,WEST BENGAL,3213,BANKURA,0,0,0,0,0,0,190,28590,0,0,429014,0,122501,1150.22567,1150.22567,0,0,428788,1038491,0,686013,1538212,28590,0,0,54,100,0,0,NA
2024-2025,March,32,WEST BENGAL,3204,SILIGURI MAHAKUMA PARISAD,0,0,0,0,0,0,22,2282,0,0,43440,0,28961,151.35726,151.35726,0,0,50488,99701,0,116247,215955,2282,0,0,53,0,0,0,NA
2024-2025,March,32,WEST BENGAL,3211,PURBA MEDINIPUR,0,0,0,0,0,2772,223,77891,0,0,94251,0,3074,1389.04722,1389.04722,0,0,386183,871157,0,918271,1960336,80663,0,0,60,0,0,0,NA
2024-2025,March,32,WEST BENGAL,3214,PURULIA,0,0,0,0,0,1,170,21223,0,0,105099,0,124100,858.09932,858.09932,0,0,250832,581764,0,523988,1127002,21224,0,0,63,0,0,0,NA
2024-2025,March,32,WEST BENGAL,3219,Darjeeling Gorkha Hill Council (DGHC),0,0,0,0,0,0,70,9799,0,0,14319,0,63316,92.10161,92.10161,0,0,116126,192322,0,127895,208809,9799,0,0,14,0,0,0,NA
2024-2025,March,32,WEST BENGAL,3214,PURULIA,0,0,0,0,0,1,170,21223,0,0,105097,0,124098,787.09028,787.09028,0,0,250832,581758,0,523968,1126955,21224,0,0,63,0,0,0,NA
2024-2025,March,32,WEST BENGAL,3225,PURBA BARDHAMAN,0,0,0,0,0,3,215,24891,0,0,504713,0,98185,0,0,0,0,669971,1377976,0,914308,1821365,24894,0,0,7,9.13,0,0,NA
2024-2025,March,32,WEST BENGAL,3203,BIRBHUM,0,0,0,0,0,0,167,24977,0,0,336505,0,65421,903.03583,903.03583,0,0,444187,941067,0,677523,1357445,24977,0,0,9,0,0,0,NA
2024-2025,March,32,WEST BENGAL,3216,24 PARGANAS SOUTH,0,0,0,0,0,0,310,166614,0,0,255668,0,9543,1347.72181,1347.72181,0,0,767593,1377407,0,1402164,2357123,166614,0,0,63,99.02,0,0,NA
2024-2025,March,32,WEST BENGAL,3221,KALIMPONG,0,0,0,0,0,0,42,4113,0,0,5474,0,28225,47.40645,47.40645,0,0,53592,86549,0,55738,89423,4113,0,0,16,0,0,0,NA
2024-2025,June,32,WEST BENGAL,3205,HOWRAH,0,0,0,0,0,0,157,18268,0,0,54658,0,799,84.65002,84.65002,0,0,161738,261290,0,404803,576706,18268,0,0,20,0,0,0,NA
2024-2025,June,32,WEST BENGAL,3205,HOWRAH,0,0,0,0,0,0,157,18268,0,0,54658,0,799,84.65002,84.65002,0,0,161738,261290,0,404836,576739,18268,0,0,20,0,0,0,NA
2024-2025,June,32,WEST BENGAL,3208,COOCHBEHAR,0,0,0,0,0,0,128,73782,0,0,466274,0,5918,152.0582,152.0582,0,0,468290,910050,0,660602,1253806,73782,0,0,39,0,0,0,NA
2024-2025,June,32,WEST BENGAL,3212,MURSHIDABAD,0,0,0,0,0,0,250,106885,0,0,64996,0,7656,219.04229,219.04229,0,0,328032,595648,0,1232674,2083663,106885,0,0,85,0,0,0,NA
2024-2025,June,32,WEST BENGAL,3215,24 PARGANAS (NORTH),0,0,0,0,0,0,199,85386,0,0,173393,0,29397,181.82002,181.82002,0,0,313170,581683,0,873368,1520940,85386,0,0,74,0,0,0,NA
2024-2025,May,32,WEST BENGAL,3205,HOWRAH,0,0,0,0,0,0,157,18268,0,0,54658,0,799,44.06268,44.06268,0,0,161738,261290,0,404798,576701,18268,0,0,20,0,0,0,NA
2024-2025,May,32,WEST BENGAL,3210,PASCHIM MEDINIPUR,0,0,0,0,0,0,211,87860,0,0,276199,0,138531,112.63796,112.63796,0,0,589516,1253839,0,888472,1773895,87860,0,0,50,0,0,0,NA
2024-2025,June,32,WEST BENGAL,3206,HOOGHLY,0,0,0,0,0,0,207,32921,0,0,518148,0,101719,206.79322,206.79322,0,0,669811,1271189,0,839473,1530569,32921,0,0,10,0,0,0,NA
2024-2025,June,32,WEST BENGAL,3211,PURBA MEDINIPUR,0,0,0,0,0,7,223,80947,0,0,94238,0,3074,226.1946,226.1946,0,0,386183,871079,0,918132,1959850,80954,0,0,63,0,0,0,NA
2024-2025,June,32,WEST BENGAL,3212,MURSHIDABAD,0,0,0,0,0,0,250,106885,0,0,64996,0,7656,219.04229,219.04229,0,0,328032,595655,0,1232690,2083698,106885,0,0,85,0,0,0,NA
2024-2025,June,32,WEST BENGAL,3215,24 PARGANAS (NORTH),0,0,0,0,0,0,199,85386,0,0,173393,0,29397,181.82002,181.82002,0,0,313170,581686,0,873369,1520953,85386,0,0,74,0,0,0,NA
2024-2025,June,32,WEST BENGAL,3203,BIRBHUM,0,0,0,0,0,0,167,26930,0,0,336429,0,65401,166.24766,166.24766,0,0,444190,940819,0,677409,1356914,26930,0,0,16,0,0,0,NA
2024-2025,June,32,WEST BENGAL,3208,COOCHBEHAR,0,0,0,0,0,0,128,73782,0,0,466274,0,5918,150.3554,150.3554,0,0,468290,910050,0,660594,1253792,73782,0,0,39,0,0,0,NA
2024-2025,June,32,WEST BENGAL,3214,PURULIA,0,0,0,0,0,0,170,24060,0,0,105725,0,124770,137.6703,137.6703,0,0,251062,584079,0,524957,1132743,24060,0,0,67,0,0,0,NA
2024-2025,June,32,WEST BENGAL,3215,24 PARGANAS (NORTH),0,0,0,0,0,0,199,85386,0,0,173393,0,29397,181.82002,181.82002,0,0,313170,581681,0,873367,1520931,85386,0,0,74,0,0,0,NA
2024-2025,June,32,WEST BENGAL,3210,PASCHIM MEDINIPUR,0,0,0,0,0,0,211,87860,0,0,276199,0,138531,223.10253,223.10253,0,0,589516,1253844,0,888475,1773906,87860,0,0,50,0,0,0,NA
2024-2025,June,32,WEST BENGAL,3211,PURBA MEDINIPUR,0,0,0,0,0,7,223,80947,0,0,94238,0,3074,226.1946,226.1946,0,0,386183,871080,0,918132,1959852,80954,0,0,63,0,0,0,NA
2024-2025,June,32,WEST BENGAL,3215,24 PARGANAS (NORTH),0,0,0,0,0,0,199,85386,0,0,173393,0,29397,181.82002,181.82002,0,0,313170,581688,0,873372,1520960,85386,0,0,74,0,0,0,NA
2024-2025,June,32,WEST BENGAL,3206,HOOGHLY,0,0,0,0,0,0,207,32921,0,0,518148,0,101719,206.79322,206.79322,0,0,669811,1271189,0,839472,1530567,32921,0,0,10,0,0,0,NA
2024-2025,June,32,WEST BENGAL,3208,COOCHBEHAR,0,0,0,0,0,0,128,73782,0,0,466274,0,5918,152.0582,152.0582,0,0,468290,910054,0,660604,1253814,73782,0,0,39,100,0,0,NA
2024-2025,June,32,WEST BENGAL,3218,DINAJPUR UTTAR,0,0,0,0,0,0,98,84348,0,0,95214,0,9388,80.69394,80.69394,0,0,187051,374783,0,509614,951892,84348,0,0,85,0,0,0,NA
2024-2025,June,32,WEST BENGAL,3209,MALDAH,0,0,0,0,0,0,146,73561,0,0,116007,0,37378,125.03208,125.03208,0,0,334524,570373,0,722619,1170193,73561,0,0,72,0,0,0,NA
2024-2025,June,32,WEST BENGAL,3215,24 PARGANAS (NORTH),0,0,0,0,0,0,199,85386,0,0,173393,0,29397,181.82002,181.82002,0,0,313170,581685,0,873369,1520945,85386,0,0,74,0,0,0,NA
2024-2025,June,32,WEST BENGAL,3217,DINAJPUR DAKSHIN,0,0,0,0,0,0,64,13890,0,0,71272,0,42797,65.83756,65.83756,0,0,130822,262898,0,277898,521642,13890,0,0,37,0,0,0,NA
2024-2025,June,32,WEST BENGAL,3222,JHARGRAM,0,0,0,0,0,0,79,23787,0,0,64089,0,91431,0,0,0,0,143162,309793,0,231017,470496,23787,0,0,44,0,0,0,NA
2024-2025,June,32,WEST BENGAL,3205,HOWRAH,0,0,0,0,0,0,157,18268,0,0,54658,0,799,84.65002,84.65002,0,0,161738,261290,0,404798,576701,18268,0,0,20,0,0,0,NA
2024-2025,May,32,WEST BENGAL,3206,HOOGHLY,0,0,0,0,0,0,207,32921,0,0,518148,0,101719,206.79322,206.79322,0,0,669811,1271188,0,839472,1530566,32921,0,0,10,0,0,0,NA
2024-2025,May,32,WEST BENGAL,3208,COOCHBEHAR,0,0,0,0,0,0,128,73782,0,0,466272,0,5918,150.3554,150.3554,0,0,468290,910045,0,660593,1253783,73782,0,0,39,0,0,0,NA
2024-2025,May,32,WEST BENGAL,3211,PURBA MEDINIPUR,0,0,0,0,0,0,223,80949,0,0,94238,0,3074,114.0048,114.0048,0,0,386183,871074,0,918126,1959820,80949,0,0,63,0,0,0,NA
2024-2025,May,32,WEST BENGAL,3212,MURSHIDABAD,0,0,0,0,0,0,250,106885,0,0,64995,0,7656,119.3807,119.3807,0,0,328032,595648,0,1232672,2083660,106885,0,0,85,0,0,0,NA
2024-2025,May,32,WEST BENGAL,3214,PURULIA,0,0,0,0,0,0,170,24060,0,0,105725,0,124770,137.6703,137.6703,0,0,251062,584079,0,524956,1132741,24060,0,0,67,0,0,0,NA
2024-2025,May,32,WEST BENGAL,3219,Darjeeling Gorkha Hill Council (DGHC),0,0,0,0,0,0,70,10272,0,0,14319,0,63312,0,0,0,0,116127,192312,0,127896,208798,10272,0,0,18,0,0,0,NA
2024-2025,May,32,WEST BENGAL,3221,KALIMPONG,0,0,0,0,0,0,42,4520,0,0,5504,0,28319,7.93372,7.93372,0,0,53777,86823,0,55953,89732,4520,0,0,23,0,0,0,NA
2024-2025,May,32,WEST BENGAL,3203,BIRBHUM,0,0,0,0,0,0,167,26930,0,0,336429,0,65401,86.16313,86.16313,0,0,444190,940817,0,677398,1356900,26930,0,0,16,0,0,0,NA
2024-2025,June,32,WEST BENGAL,3202,PASCHIM BARDHAMAN,0,0,0,0,0,0,62,2608,0,0,78434,0,21981,65.70752,65.70752,0,0,69781,152662,0,140106,286585,2608,0,0,29,0,0,0,NA
2024-2025,July,32,WEST BENGAL,3208,COOCHBEHAR,0,0,0,0,0,0,128,73782,0,0,466272,0,5920,225.8445,225.8445,0,0,468295,910070,0,660685,1253963,73782,0,0,39,0,0,0,NA
2024-2025,July,32,WEST BENGAL,3216,24 PARGANAS SOUTH,0,0,0,0,0,0,310,191888,0,0,255825,0,9543,367.1743,367.1743,0,0,767944,1379440,0,1403535,2362003,191888,0,0,68,0,0,0,NA
2024-2025,July,32,WEST BENGAL,3203,BIRBHUM,0,0,0,0,0,0,167,26930,0,0,336446,0,65410,248.02285,248.02285,0,0,444189,940895,0,677381,1357033,26930,0,0,16,0,0,0,NA
2024-2025,July,32,WEST BENGAL,3212,MURSHIDABAD,0,0,0,0,0,0,250,106885,0,0,64998,0,7656,325.68375,325.68375,0,0,327943,595647,0,1232382,2083766,106885,0,0,85,0,0,0,NA
2024-2025,July,32,WEST BENGAL,3213,BANKURA,0,0,0,0,0,0,190,29967,0,0,429056,0,122511,281.31667,281.31667,0,0,428799,1038559,0,686131,1538470,29967,0,0,56,0,0,0,NA
2024-2025,July,32,WEST BENGAL,3206,HOOGHLY,0,0,0,0,0,0,207,32921,0,0,518189,0,101729,307.8739,307.8739,0,0,669811,1271333,0,839576,1530888,32921,0,0,10,0,0,0,NA
2024-2025,July,32,WEST BENGAL,3207,JALPAIGURI,0,0,0,0,0,0,80,31776,0,0,236072,0,81878,128.11554,128.11554,0,0,300581,600198,0,404317,775890,31776,0,0,16,0,0,0,NA
2024-2025,July,32,WEST BENGAL,3212,MURSHIDABAD,0,0,0,0,0,0,250,106885,0,0,64998,0,7656,325.68375,325.68375,0,0,327943,595644,0,1232379,2083749,106885,0,0,85,0,0,0,NA
2024-2025,July,32,WEST BENGAL,3214,PURULIA,0,0,0,0,0,0,170,24060,0,0,105729,0,124772,206.14113,206.14113,0,0,251062,584105,0,525020,1132949,24060,0,0,67,0,0,0,NA
2024-2025,July,32,WEST BENGAL,3218,DINAJPUR UTTAR,0,0,0,0,0,0,98,84348,0,0,95227,0,9389,117.80091,117.80091,0,0,187051,374803,0,509959,952301,84348,0,0,85,0,0,0,NA
2024-2025,July,32,WEST BENGAL,3208,COOCHBEHAR,0,0,0,0,0,0,128,73782,0,0,466272,0,5920,225.8445,225.8445,0,0,468295,910067,0,660661,1253928,73782,0,0,39,0,0,0,NA
2024-2025,July,32,WEST BENGAL,3218,DINAJPUR UTTAR,0,0,0,0,0,0,98,84348,0,0,95227,0,9389,117.80091,117.80091,0,0,187051,374804,0,509962,952309,84348,0,0,85,0,0,0,NA
2024-2025,July,32,WEST BENGAL,3225,PURBA BARDHAMAN,0,0,0,0,0,1,215,30168,0,0,504724,0,98176,0,0,0,0,669981,1377946,0,914295,1821283,30169,0,0,23,0,0,0,NA
2024-2025,Aug,32,WEST BENGAL,3205,HOWRAH,0,0,0,0,0,0,157,18268,0,0,54673,0,800,166.85182,166.85182,0,0,161738,261378,0,405519,577643,18268,0,0,20,0,0,0,NA
2024-2025,Aug,32,WEST BENGAL,3212,MURSHIDABAD,0,0,0,0,0,0,250,106885,0,0,64991,0,7653,425.4237,425.4237,0,0,327900,595573,0,1232031,2083318,106885,0,0,85,0,0,0,NA
2024-2025,Aug,32,WEST BENGAL,3216,24 PARGANAS SOUTH,0,0,0,0,0,0,310,191888,0,0,255824,0,9543,485.83181,485.83181,0,0,767937,1379443,0,1403552,2362057,191888,0,0,68,0,0,0,NA
2024-2025,Aug,32,WEST BENGAL,3205,HOWRAH,0,0,0,0,0,0,157,18268,0,0,54678,0,800,206.5233,206.5233,0,0,161738,261407,0,405937,578146,18268,0,0,20,0,0,0,NA
2024-2025,Aug,32,WEST BENGAL,3206,HOOGHLY,0,0,0,0,0,0,207,32921,0,0,518206,0,101729,511.90508,511.90508,0,0,669811,1271389,0,839700,1531100,32921,0,0,10,0,0,0,NA
2024-2025,Aug,32,WEST BENGAL,3210,PASCHIM MEDINIPUR,0,0,0,0,0,0,211,87860,0,0,276183,0,138492,554.49621,554.49621,0,0,589515,1253781,0,888478,1773834,87860,0,0,50,0,0,0,NA
2024-2025,Aug,32,WEST BENGAL,3219,Darjeeling Gorkha Hill Council (DGHC),0,0,0,0,0,0,70,10272,0,0,14319,0,63310,0,0,0,0,116126,192312,0,127895,208798,10272,0,0,18,0,0,0,NA
2024-2025,Nov,32,WEST BENGAL,3208,COOCHBEHAR,0,0,0,0,0,0,128,73782,0,0,466244,0,5915,524.03814,524.03814,0,0,468295,910031,0,660850,1254196,73782,0,0,39,0,0,0,NA
2024-2025,Nov,32,WEST BENGAL,3209,MALDAH,0,0,0,0,0,0,146,73561,0,0,116008,0,37379,432.78016,432.78016,0,0,334524,570379,0,722756,1170434,73561,0,0,72,0,0,0,NA
2024-2025,Nov,32,WEST BENGAL,3210,PASCHIM MEDINIPUR,0,0,0,0,0,0,211,87860,0,0,276110,0,138460,811.32978,811.32978,0,0,589506,1253599,0,888424,1773480,87860,0,0,50,25.75,11,0,NA
2024-2025,Nov,32,WEST BENGAL,3225,PURBA BARDHAMAN,0,0,0,0,0,2,215,30167,0,0,504699,0,98177,0,0,0,0,669971,1377900,0,914300,1821259,30169,0,0,23,9.13,0,0,NA
2024-2025,Nov,32,WEST BENGAL,3208,COOCHBEHAR,0,0,0,0,0,0,128,73728,0,0,466244,0,5915,524.03814,524.03814,0,0,468295,910032,0,660850,1254200,73728,0,0,39,0,0,0,NA
2024-2025,Oct,32,WEST BENGAL,3203,BIRBHUM,0,0,0,0,0,0,167,26930,0,0,336458,0,65414,509.18741,509.18741,0,0,444187,940939,0,677368,1357095,26930,0,0,16,0,0,0,NA
2024-2025,Oct,32,WEST BENGAL,3214,PURULIA,0,0,0,0,0,1,170,24059,0,0,105732,0,124778,444.439,444.439,0,0,251062,584146,0,525091,1133186,24060,0,0,67,0,0,0,NA
2024-2025,Nov,32,WEST BENGAL,3206,HOOGHLY,0,0,0,0,0,0,207,32921,0,0,518214,0,101732,746.47731,746.47731,0,0,669811,1271425,0,839736,1531198,32921,0,0,10,0,0,0,NA
2024-2025,Nov,32,WEST BENGAL,3208,COOCHBEHAR,0,0,0,0,0,0,128,73782,0,0,466241,0,5915,524.03814,524.03814,0,0,468295,910026,0,660850,1254190,73782,0,0,39,0,0,0,NA
2024-2025,July,32,WEST BENGAL,3205,HOWRAH,0,0,0,0,0,0,157,18268,0,0,54658,0,799,124.51422,124.51422,0,0,161738,261290,0,404867,576771,18268,0,0,20,0,0,0,NA
2024-2025,July,32,WEST BENGAL,3211,PURBA MEDINIPUR,0,0,0,0,0,7,223,80947,0,0,94241,0,3074,338.3844,338.3844,0,0,386183,871091,0,918132,1959906,80954,0,0,63,0,0,0,NA
2024-2025,July,32,WEST BENGAL,3217,DINAJPUR DAKSHIN,0,0,0,0,0,0,64,13890,0,0,71272,0,42797,97.45017,97.45017,0,0,130822,262899,0,277899,521648,13890,0,0,37,0,0,0,NA
2024-2025,July,32,WEST BENGAL,3225,PURBA BARDHAMAN,0,0,0,0,0,0,215,30168,0,0,504719,0,98176,0,0,0,0,669981,1377916,0,914289,1821225,30168,0,0,23,0,0,0,NA
2024-2025,July,32,WEST BENGAL,3206,HOOGHLY,0,0,0,0,0,0,207,32921,0,0,518179,0,101725,307.8739,307.8739,0,0,669811,1271303,0,839537,1530805,32921,0,0,10,0,0,0,NA
2024-2025,July,32,WEST BENGAL,3212,MURSHIDABAD,0,0,0,0,0,0,250,106885,0,0,64998,0,7656,322.96418,322.96418,0,0,328027,595725,0,1232612,2083949,106885,0,0,85,0,0,0,NA
2024-2025,July,32,WEST BENGAL,3214,PURULIA,0,0,0,0,0,0,170,24060,0,0,105727,0,124772,206.14113,206.14113,0,0,251062,584101,0,524969,1132832,24060,0,0,67,0,0,0,NA
2024-2025,July,32,WEST BENGAL,3220,ALIPURDUAR,0,0,0,0,0,0,64,64330,0,0,146404,0,115843,0,0,0,0,272547,546679,0,326715,638805,64330,0,0,58,0,0,0,NA
2024-2025,July,32,WEST BENGAL,3222,JHARGRAM,0,0,0,0,0,0,79,23787,0,0,64090,0,91431,0,0,0,0,143162,309795,0,231017,470506,23787,0,0,44,0,0,0,NA
2024-2025,July,32,WEST BENGAL,3210,PASCHIM MEDINIPUR,0,0,0,0,0,0,211,87860,0,0,276199,0,138531,333.56709,333.56709,0,0,589516,1253855,0,888477,1773923,87860,0,0,50,0,0,0,NA
2024-2025,July,32,WEST BENGAL,3210,PASCHIM MEDINIPUR,0,0,0,0,0,0,211,87860,0,0,276199,0,138531,333.56709,333.56709,0,0,589516,1253852,0,888477,1773920,87860,0,0,50,0,0,0,NA
2024-2025,July,32,WEST BENGAL,3214,PURULIA,0,0,0,0,0,0,170,24060,0,0,105727,0,124772,206.14113,206.14113,0,0,251062,584101,0,524974,1132843,24060,0,0,67,0,0,0,NA
2024-2025,July,32,WEST BENGAL,3201,NADIA,0,0,0,0,0,0,185,23808,0,0,121045,0,13075,268.44379,268.44379,0,0,260685,553812,0,764455,1486086,23808,0,0,55,0,0,0,NA
2024-2025,July,32,WEST BENGAL,3201,NADIA,0,0,0,0,0,0,185,23808,0,0,121047,0,13075,268.44379,268.44379,0,0,260685,553823,0,764459,1486129,23808,0,0,55,0,0,0,NA
2024-2025,July,32,WEST BENGAL,3206,HOOGHLY,0,0,0,0,0,0,207,32921,0,0,518184,0,101729,307.8739,307.8739,0,0,669811,1271315,0,839556,1530842,32921,0,0,10,0,0,0,NA
2024-2025,July,32,WEST BENGAL,3212,MURSHIDABAD,0,0,0,0,0,0,250,106885,0,0,64998,0,7656,325.68375,325.68375,0,0,327943,595640,0,1232351,2083692,106885,0,0,85,0,0,0,NA
2024-2025,July,32,WEST BENGAL,3225,PURBA BARDHAMAN,0,0,0,0,0,1,215,30168,0,0,504721,0,98176,0,0,0,0,669981,1377932,0,914291,1821256,30169,0,0,23,0,0,0,NA
2024-2025,Aug,32,WEST BENGAL,3205,HOWRAH,0,0,0,0,0,0,157,18268,0,0,54677,0,800,166.85182,166.85182,0,0,161738,261397,0,405798,577982,18268,0,0,20,0,0,0,NA
2024-2025,Aug,32,WEST BENGAL,3207,JALPAIGURI,0,0,0,0,0,0,80,31776,0,0,236076,0,81886,171.22907,171.22907,0,0,300581,600216,0,404317,775922,31776,0,0,16,0,0,0,NA
2024-2025,Aug,32,WEST BENGAL,3209,MALDAH,0,0,0,0,0,0,146,73561,0,0,116007,0,37378,241.83716,241.83716,0,0,334524,570375,0,722731,1170384,73561,0,0,72,0,0,0,NA
2024-2025,Aug,32,WEST BENGAL,3205,HOWRAH,0,0,0,0,0,0,157,18268,0,0,54678,0,800,166.85182,166.85182,0,0,161738,261402,0,405883,578080,18268,0,0,20,0,0,0,NA
2024-2025,Aug,32,WEST BENGAL,3206,HOOGHLY,0,0,0,0,0,0,207,32921,0,0,518206,0,101729,409.13556,409.13556,0,0,669811,1271381,0,839696,1531087,32921,0,0,10,0,0,0,NA
2024-2025,Sep,32,WEST BENGAL,3213,BANKURA,0,0,0,0,0,0,190,29967,0,0,429033,0,122505,464.96009,464.96009,0,0,428793,1038517,0,686071,1538369,29967,0,0,56,0,0,0,NA
2024-2025,Sep,32,WEST BENGAL,3204,SILIGURI MAHAKUMA PARISAD,0,0,0,0,0,0,22,2336,0,0,43515,0,29027,49.58895,49.58895,0,0,50505,99893,0,116308,216351,2336,0,0,54,0,0,0,NA
2024-2025,Sep,32,WEST BENGAL,3215,24 PARGANAS (NORTH),0,0,0,0,0,0,199,85386,0,0,173401,0,29397,438.98131,438.98131,0,0,313170,581716,0,873391,1521087,85386,0,0,74,0,0,0,NA
2024-2025,June,32,WEST BENGAL,3207,JALPAIGURI,0,0,0,0,0,0,80,31776,0,0,236065,0,81878,85.99089,85.99089,0,0,300581,600186,0,404316,775866,31776,0,0,16,0,0,0,NA
2024-2025,June,32,WEST BENGAL,3208,COOCHBEHAR,0,0,0,0,0,0,128,73782,0,0,466274,0,5918,154.232,154.232,0,0,468290,910059,0,660607,1253825,73782,0,0,39,100,0,0,NA
2024-2025,June,32,WEST BENGAL,3212,MURSHIDABAD,0,0,0,0,0,0,250,106885,0,0,64996,0,7656,219.04229,219.04229,0,0,328032,595659,0,1232702,2083743,106885,0,0,85,0,0,0,NA
2024-2025,June,32,WEST BENGAL,3214,PURULIA,0,0,0,0,0,0,170,24060,0,0,105726,0,124770,137.6703,137.6703,0,0,251062,584084,0,524961,1132766,24060,0,0,67,0,0,0,NA
2024-2025,June,32,WEST BENGAL,3216,24 PARGANAS SOUTH,0,0,0,0,0,0,310,191888,0,0,255822,0,9543,248.51679,248.51679,0,0,767945,1379432,0,1403511,2361953,191888,0,0,68,0,0,0,NA
2024-2025,June,32,WEST BENGAL,3217,DINAJPUR DAKSHIN,0,0,0,0,0,0,64,13890,0,0,71272,0,42797,65.83756,65.83756,0,0,130822,262899,0,277899,521646,13890,0,0,37,0,0,0,NA
2024-2025,June,32,WEST BENGAL,3218,DINAJPUR UTTAR,0,0,0,0,0,0,98,84348,0,0,95214,0,9388,80.69394,80.69394,0,0,187051,374783,0,509616,951896,84348,0,0,85,0,0,0,NA
2024-2025,June,32,WEST BENGAL,3225,PURBA BARDHAMAN,0,0,0,0,0,0,215,30168,0,0,504717,0,98174,0,0,0,0,669981,1377906,0,914287,1821206,30168,0,0,23,0,0,0,NA
2024-2025,July,32,WEST BENGAL,3214,PURULIA,0,0,0,0,0,0,170,24060,0,0,105727,0,124772,206.14113,206.14113,0,0,251062,584097,0,524967,1132815,24060,0,0,67,0,0,0,NA
2024-2025,July,32,WEST BENGAL,3218,DINAJPUR UTTAR,0,0,0,0,0,0,98,84348,0,0,95214,0,9388,117.80091,117.80091,0,0,187051,374785,0,509619,951906,84348,0,0,85,0,0,0,NA
2024-2025,July,32,WEST BENGAL,3225,PURBA BARDHAMAN,0,0,0,0,0,0,215,30168,0,0,504719,0,98176,0,0,0,0,669981,1377911,0,914288,1821218,30168,0,0,23,0,0,0,NA
2024-2025,July,32,WEST BENGAL,3214,PURULIA,0,0,0,0,0,0,170,24060,0,0,105727,0,124772,206.14113,206.14113,0,0,251062,584091,0,524964,1132787,24060,0,0,67,0,0,0,NA
2024-2025,July,32,WEST BENGAL,3216,24 PARGANAS SOUTH,0,0,0,0,0,0,310,191888,0,0,255822,0,9543,367.1743,367.1743,0,0,767945,1379432,0,1403512,2361957,191888,0,0,68,0,0,0,NA
2024-2025,July,32,WEST BENGAL,3218,DINAJPUR UTTAR,0,0,0,0,0,0,98,84348,0,0,95214,0,9388,117.80091,117.80091,0,0,187051,374784,0,509619,951904,84348,0,0,85,0,0,0,NA
2024-2025,July,32,WEST BENGAL,3225,PURBA BARDHAMAN,0,0,0,0,0,0,215,30168,0,0,504719,0,98176,0,0,0,0,669981,1377911,0,914287,1821216,30168,0,0,23,0,0,0,NA
2024-2025,July,32,WEST BENGAL,3201,NADIA,0,0,0,0,0,0,185,23808,0,0,121045,0,13075,268.44379,268.44379,0,0,260685,553811,0,764455,1486081,23808,0,0,55,0,0,0,NA
2024-2025,July,32,WEST BENGAL,3211,PURBA MEDINIPUR,0,0,0,0,0,7,223,80947,0,0,94241,0,3074,338.3844,338.3844,0,0,386183,871091,0,918132,1959900,80954,0,0,63,0,0,0,NA
2024-2025,July,32,WEST BENGAL,3212,MURSHIDABAD,0,0,0,0,0,0,250,106885,0,0,64996,0,7656,318.99371,318.99371,0,0,328032,595666,0,1232707,2083776,106885,0,0,85,0,0,0,NA
2024-2025,July,32,WEST BENGAL,3215,24 PARGANAS (NORTH),0,0,0,0,0,0,199,85386,0,0,173393,0,29397,267.61744,267.61744,0,0,313170,581690,0,873375,1520969,85386,0,0,74,0,0,0,NA
2024-2025,July,32,WEST BENGAL,3203,BIRBHUM,0,0,0,0,0,0,167,26930,0,0,336433,0,65406,246.02285,246.02285,0,0,444189,940849,0,677295,1356844,26930,0,0,16,0,0,0,NA
2024-2025,July,32,WEST BENGAL,3208,COOCHBEHAR,0,0,0,0,0,0,128,73782,0,0,466274,0,5918,223.8445,223.8445,0,0,468290,910059,0,660608,1253827,73782,0,0,39,100,0,0,NA
2024-2025,July,32,WEST BENGAL,3225,PURBA BARDHAMAN,0,0,0,0,0,0,215,30168,0,0,504719,0,98176,0,0,0,0,669981,1377910,0,914287,1821215,30168,0,0,23,0,0,0,NA
2024-2025,June,32,WEST BENGAL,3201,NADIA,0,0,0,0,0,0,185,23808,0,0,121044,0,13075,184.32998,184.32998,0,0,260685,553801,0,764455,1486057,23808,0,0,55,0,0,0,NA
2024-2025,June,32,WEST BENGAL,3212,MURSHIDABAD,0,0,0,0,0,0,250,106885,0,0,64996,0,7656,219.04229,219.04229,0,0,328032,595658,0,1232701,2083735,106885,0,0,85,0,0,0,NA
2024-2025,Nov,32,WEST BENGAL,3204,SILIGURI MAHAKUMA PARISAD,0,0,0,0,0,0,22,2282,0,0,43516,0,29031,89.66323,89.66323,0,0,50505,99898,0,116315,216371,2282,0,0,53,0,0,0,NA
2024-2025,Nov,32,WEST BENGAL,3206,HOOGHLY,0,0,0,0,0,0,207,30872,0,0,518217,0,101733,746.47731,746.47731,0,0,669811,1271434,0,839737,1531210,30872,0,0,5,0,0,0,NA
2024-2025,Nov,32,WEST BENGAL,3205,HOWRAH,0,0,0,0,0,0,157,16594,0,0,54679,0,800,300.89201,300.89201,0,0,161738,261415,0,406364,578627,16594,0,0,12,0,0,0,NA
2024-2025,Nov,32,WEST BENGAL,3208,COOCHBEHAR,0,0,0,0,0,0,128,73728,0,0,466246,0,5915,524.03814,524.03814,0,0,468295,910042,0,660850,1254212,73728,0,0,39,0,0,0,NA
2024-2025,Dec,32,WEST BENGAL,3203,BIRBHUM,0,0,0,0,0,0,167,24978,0,0,336480,0,65420,668.02174,668.02174,0,0,444187,941010,0,677422,1357242,24978,0,0,9,0,0,0,NA
2024-2025,Dec,32,WEST BENGAL,3204,SILIGURI MAHAKUMA PARISAD,0,0,0,0,0,0,22,2282,0,0,43490,0,28993,101.753,101.753,0,0,50500,99822,0,116289,216202,2282,0,0,53,0,0,0,NA
2024-2025,Dec,32,WEST BENGAL,3205,HOWRAH,0,0,0,0,0,0,157,16594,0,0,54679,0,800,300.89201,300.89201,0,0,161738,261416,0,406395,578660,16594,0,0,12,0,0,0,NA
2024-2025,Dec,32,WEST BENGAL,3207,JALPAIGURI,0,0,0,0,0,0,80,29988,0,0,236088,0,81888,310.4042,310.4042,0,0,300581,600237,0,404317,775963,29988,0,0,11,0,0,0,NA
2024-2025,Dec,32,WEST BENGAL,3214,PURULIA,0,0,0,0,0,1,170,21223,0,0,105732,0,124780,512.85609,512.85609,0,0,251062,584160,0,525107,1133245,21224,0,0,63,0,0,0,NA
2024-2025,Dec,32,WEST BENGAL,3211,PURBA MEDINIPUR,0,0,0,0,0,109,223,76297,0,0,94249,0,3074,938.58968,938.58968,0,0,386183,871147,0,918234,1960245,76406,0,0,61,0,0,0,NA
2024-2025,Aug,32,WEST BENGAL,3209,MALDAH,0,0,0,0,0,0,146,73561,0,0,116007,0,37378,183.63712,183.63712,0,0,334524,570373,0,722659,1170255,73561,0,0,72,0,0,0,NA
2024-2025,July,32,WEST BENGAL,3212,MURSHIDABAD,0,0,0,0,0,0,250,106885,0,0,64998,0,7656,325.68375,325.68375,0,0,327943,595642,0,1232375,2083730,106885,0,0,85,0,0,0,NA
2024-2025,July,32,WEST BENGAL,3216,24 PARGANAS SOUTH,0,0,0,0,0,0,310,191888,0,0,255824,0,9543,367.1743,367.1743,0,0,767944,1379438,0,1403524,2361984,191888,0,0,68,0,0,0,NA
2024-2025,Aug,32,WEST BENGAL,3201,NADIA,0,0,0,0,0,0,185,23808,0,0,121051,0,13075,352.50267,352.50267,0,0,260685,553841,0,764472,1486218,23808,0,0,55,0,0,0,NA
2024-2025,Aug,32,WEST BENGAL,3205,HOWRAH,0,0,0,0,0,0,157,18268,0,0,54678,0,800,166.85182,166.85182,0,0,161738,261405,0,405898,578101,18268,0,0,20,0,0,0,NA
2024-2025,Aug,32,WEST BENGAL,3211,PURBA MEDINIPUR,0,0,0,0,0,7,223,80947,0,0,94244,0,3074,451.2492,451.2492,0,0,386183,871122,0,918143,1960023,80954,0,0,63,0,0,0,NA
2024-2025,Aug,32,WEST BENGAL,3216,24 PARGANAS SOUTH,0,0,0,0,0,0,310,191888,0,0,255824,0,9543,485.83181,485.83181,0,0,767936,1379445,0,1403566,2362089,191888,0,0,68,0,0,0,NA
2024-2025,Aug,32,WEST BENGAL,3207,JALPAIGURI,0,0,0,0,0,0,80,31776,0,0,236076,0,81885,171.22907,171.22907,0,0,300581,600215,0,404317,775921,31776,0,0,16,0,0,0,NA
2024-2025,Aug,32,WEST BENGAL,3216,24 PARGANAS SOUTH,0,0,0,0,0,0,310,191888,0,0,255824,0,9543,485.83181,485.83181,0,0,767936,1379443,0,1403556,2362066,191888,0,0,68,0,0,0,NA
2024-2025,Aug,32,WEST BENGAL,3208,COOCHBEHAR,0,0,0,0,0,0,128,73782,0,0,466238,0,5915,295.11291,295.11291,0,0,468295,910005,0,660762,1253992,73782,0,0,39,0,0,0,NA
2024-2025,Nov,32,WEST BENGAL,3203,BIRBHUM,0,0,0,0,0,0,167,26930,0,0,336468,0,65414,588.67441,588.67441,0,0,444187,940957,0,677380,1357133,26930,0,0,16,0,0,0,NA
2024-2025,Nov,32,WEST BENGAL,3205,HOWRAH,0,0,0,0,0,0,157,18268,0,0,54679,0,800,300.01548,300.01548,0,0,161738,261415,0,406315,578574,18268,0,0,20,0,0,0,NA
2024-2025,Nov,32,WEST BENGAL,3207,JALPAIGURI,0,0,0,0,0,0,80,31776,0,0,236077,0,81888,310.4042,310.4042,0,0,300581,600224,0,404317,775942,31776,0,0,16,0,0,0,NA
2024-2025,Nov,32,WEST BENGAL,3212,MURSHIDABAD,0,0,0,0,0,0,250,106885,0,0,64990,0,7652,749.08925,749.08925,0,0,327900,595579,0,1232056,2083382,106885,0,0,85,0,0,0,NA
2024-2025,Nov,32,WEST BENGAL,3220,ALIPURDUAR,0,0,0,0,0,0,64,64330,0,0,146406,0,115848,0,0,0,0,272547,546686,0,326722,638824,64330,0,0,58,41.11,0,0,NA
2024-2025,Nov,32,WEST BENGAL,3222,JHARGRAM,0,0,0,0,0,0,79,23787,0,0,64094,0,91412,0,0,0,0,143160,309784,0,231015,470485,23787,0,0,44,0,0,0,NA
2024-2025,Nov,32,WEST BENGAL,3214,PURULIA,0,0,0,0,0,1,170,24059,0,0,105732,0,124780,512.85609,512.85609,0,0,251062,584151,0,525092,1133200,24060,0,0,67,0,0,0,NA
2024-2025,Nov,32,WEST BENGAL,3208,COOCHBEHAR,0,0,0,0,0,0,128,73728,0,0,466246,0,5915,524.03814,524.03814,0,0,468295,910041,0,660850,1254211,73728,0,0,39,0,0,0,NA
2024-2025,Nov,32,WEST BENGAL,3225,PURBA BARDHAMAN,0,0,0,0,0,3,215,24891,0,0,504699,0,98180,0,0,0,0,669971,1377915,0,914302,1821282,24894,0,0,7,9.13,0,0,NA
2024-2025,July,32,WEST BENGAL,3208,COOCHBEHAR,0,0,0,0,0,0,128,73782,0,0,466277,0,5918,223.8445,223.8445,0,0,468290,910067,0,660612,1253840,73782,0,0,39,0,0,0,NA
2024-2025,July,32,WEST BENGAL,3211,PURBA MEDINIPUR,0,0,0,0,0,7,223,80947,0,0,94241,0,3074,338.3844,338.3844,0,0,386183,871091,0,918132,1959903,80954,0,0,63,0,0,0,NA
2024-2025,July,32,WEST BENGAL,3216,24 PARGANAS SOUTH,0,0,0,0,0,0,310,191888,0,0,255822,0,9543,367.1743,367.1743,0,0,767945,1379434,0,1403514,2361962,191888,0,0,68,0,0,0,NA
2024-2025,July,32,WEST BENGAL,3225,PURBA BARDHAMAN,0,0,0,0,0,0,215,30168,0,0,504719,0,98176,0,0,0,0,669981,1377915,0,914288,1821222,30168,0,0,23,0,0,0,NA
2024-2025,July,32,WEST BENGAL,3203,BIRBHUM,0,0,0,0,0,0,167,26930,0,0,336437,0,65410,248.02285,248.02285,0,0,444189,940882,0,677340,1356962,26930,0,0,16,0,0,0,NA
2024-2025,July,32,WEST BENGAL,3208,COOCHBEHAR,0,0,0,0,0,0,128,73782,0,0,466272,0,5920,225.8445,225.8445,0,0,468295,910065,0,660648,1253895,73782,0,0,39,0,0,0,NA
2024-2025,July,32,WEST BENGAL,3212,MURSHIDABAD,0,0,0,0,0,0,250,106885,0,0,64998,0,7656,322.96418,322.96418,0,0,328025,595725,0,1232508,2083847,106885,0,0,85,0,0,0,NA
2024-2025,July,32,WEST BENGAL,3216,24 PARGANAS SOUTH,0,0,0,0,0,0,310,191888,0,0,255824,0,9543,367.1743,367.1743,0,0,767944,1379437,0,1403523,2361976,191888,0,0,68,0,0,0,NA
2024-2025,July,32,WEST BENGAL,3213,BANKURA,0,0,0,0,0,0,190,29967,0,0,429058,0,122517,281.31667,281.31667,0,0,428805,1038594,0,686166,1538545,29967,0,0,56,0,0,0,NA
2024-2025,July,32,WEST BENGAL,3215,24 PARGANAS (NORTH),0,0,0,0,0,0,199,85386,0,0,173393,0,29397,267.61744,267.61744,0,0,313170,581693,0,873378,1520979,85386,0,0,74,0,0,0,NA
2024-2025,July,32,WEST BENGAL,3212,MURSHIDABAD,0,0,0,0,0,0,250,106885,0,0,64998,0,7656,325.68375,325.68375,0,0,327943,595640,0,1232365,2083713,106885,0,0,85,0,0,0,NA
2024-2025,July,32,WEST BENGAL,3213,BANKURA,0,0,0,0,0,0,190,29967,0,0,429052,0,122508,281.31667,281.31667,0,0,428799,1038546,0,686128,1538443,29967,0,0,56,0,0,0,NA
2024-2025,July,32,WEST BENGAL,3222,JHARGRAM,0,0,0,0,0,0,79,23787,0,0,64090,0,91431,0,0,0,0,143162,309796,0,231017,470511,23787,0,0,44,0,0,0,NA
2024-2025,Aug,32,WEST BENGAL,3218,DINAJPUR UTTAR,0,0,0,0,0,0,98,84348,0,0,93605,0,9200,154.90788,154.90788,0,0,186006,367736,0,504674,934327,84348,0,0,85,0,0,0,NA
2024-2025,July,32,WEST BENGAL,3205,HOWRAH,0,0,0,0,0,0,157,18268,0,0,54659,0,799,125.87163,125.87163,0,0,161738,261293,0,404901,576818,18268,0,0,20,0,0,0,NA
2024-2025,July,32,WEST BENGAL,3221,KALIMPONG,0,0,0,0,0,0,42,4520,0,0,5482,0,28234,15.86744,15.86744,0,0,53634,86600,0,55785,89479,4520,0,0,23,0,0,0,NA
2024-2025,July,32,WEST BENGAL,3203,BIRBHUM,0,0,0,0,0,0,167,26930,0,0,336448,0,65410,248.02285,248.02285,0,0,444189,940901,0,677402,1357062,26930,0,0,16,0,0,0,NA
2024-2025,July,32,WEST BENGAL,3210,PASCHIM MEDINIPUR,0,0,0,0,0,0,211,87860,0,0,276201,0,138531,333.56709,333.56709,0,0,589516,1253864,0,888481,1773942,87860,0,0,50,0,0,0,NA
2024-2025,July,32,WEST BENGAL,3222,JHARGRAM,0,0,0,0,0,0,79,23787,0,0,64091,0,91431,0,0,0,0,143162,309801,0,231017,470517,23787,0,0,44,0,0,0,NA
2024-2025,Aug,32,WEST BENGAL,3206,HOOGHLY,0,0,0,0,0,0,207,32921,0,0,518204,0,101729,409.13556,409.13556,0,0,669811,1271374,0,839660,1531035,32921,0,0,10,0,0,0,NA
2024-2025,Aug,32,WEST BENGAL,3213,BANKURA,0,0,0,0,0,0,190,29967,0,0,429049,0,122513,373.13838,373.13838,0,0,428798,1038566,0,686126,1538484,29967,0,0,56,0,0,0,NA
2024-2025,Aug,32,WEST BENGAL,3225,PURBA BARDHAMAN,0,0,0,0,0,1,215,30168,0,0,504723,0,98176,0,0,0,0,669979,1377949,0,914298,1821295,30169,0,0,23,0,0,0,NA
2024-2025,Aug,32,WEST BENGAL,3206,HOOGHLY,0,0,0,0,0,0,207,32921,0,0,518200,0,101729,409.13556,409.13556,0,0,669811,1271365,0,839621,1530980,32921,0,0,10,0,0,0,NA
2024-2025,Aug,32,WEST BENGAL,3209,MALDAH,0,0,0,0,0,0,146,73561,0,0,116007,0,37378,241.83716,241.83716,0,0,334524,570373,0,722668,1170274,73561,0,0,72,0,0,0,NA
2024-2025,Aug,32,WEST BENGAL,3211,PURBA MEDINIPUR,0,0,0,0,0,7,223,80947,0,0,94244,0,3074,451.2492,451.2492,0,0,386183,871109,0,918139,1959991,80954,0,0,63,0,0,0,NA
2024-2025,Aug,32,WEST BENGAL,3216,24 PARGANAS SOUTH,0,0,0,0,0,0,310,191888,0,0,255825,0,9543,485.83181,485.83181,0,0,767938,1379439,0,1403546,2362030,191888,0,0,68,0,0,0,NA
2024-2025,Aug,32,WEST BENGAL,3222,JHARGRAM,0,0,0,0,0,0,79,23787,0,0,64092,0,91430,0,0,0,0,143161,309803,0,231016,470522,23787,0,0,44,0,0,0,NA
2024-2025,Aug,32,WEST BENGAL,3205,HOWRAH,0,0,0,0,0,0,157,18268,0,0,54672,0,800,165.74495,165.74495,0,0,161738,261354,0,405309,577376,18268,0,0,20,0,0,0,NA
2024-2025,Aug,32,WEST BENGAL,3208,COOCHBEHAR,0,0,0,0,0,0,128,73782,0,0,466234,0,5915,295.11291,295.11291,0,0,468295,909998,0,660725,1253923,73782,0,0,39,0,0,0,NA
2024-2025,Sep,32,WEST BENGAL,3201,NADIA,0,0,0,0,0,0,185,23808,0,0,121051,0,13075,436.28773,436.28773,0,0,260685,553841,0,764473,1486223,23808,0,0,55,0,0,0,NA
2024-2025,Sep,32,WEST BENGAL,3208,COOCHBEHAR,0,0,0,0,0,0,128,73782,0,0,466228,0,5915,364.38132,364.38132,0,0,468295,909992,0,660796,1254045,73782,0,0,39,0,0,0,NA
2024-2025,Sep,32,WEST BENGAL,3214,PURULIA,0,0,0,0,0,0,170,24060,0,0,105730,0,124776,342.69811,342.69811,0,0,251062,584129,0,525065,1133088,24060,0,0,67,0,0,0,NA
2024-2025,Sep,32,WEST BENGAL,3212,MURSHIDABAD,0,0,0,0,0,0,250,106885,0,0,64990,0,7652,526.5289,526.5289,0,0,327900,595574,0,1232001,2083275,106885,0,0,85,0,0,0,NA
2024-2025,Sep,32,WEST BENGAL,3215,24 PARGANAS (NORTH),0,0,0,0,0,0,199,85386,0,0,173401,0,29397,438.98131,438.98131,0,0,313170,581718,0,873391,1521096,85386,0,0,74,0,0,0,NA
2024-2025,Sep,32,WEST BENGAL,3216,24 PARGANAS SOUTH,0,0,0,0,0,0,310,191888,0,0,255824,0,9543,604.33213,604.33213,0,0,767936,1379448,0,1403568,2362099,191888,0,0,68,0,0,0,NA
2024-2025,Sep,32,WEST BENGAL,3218,DINAJPUR UTTAR,0,0,0,0,0,0,98,84348,0,0,93586,0,9199,192.01485,192.01485,0,0,185988,367640,0,504661,934185,84348,0,0,85,0,0,0,NA
2024-2025,Aug,32,WEST BENGAL,3207,JALPAIGURI,0,0,0,0,0,0,80,31776,0,0,236076,0,81885,171.22907,171.22907,0,0,300581,600213,0,404317,775919,31776,0,0,16,0,0,0,NA
2024-2025,Aug,32,WEST BENGAL,3214,PURULIA,0,0,0,0,0,0,170,24060,0,0,105729,0,124772,274.41808,274.41808,0,0,251062,584120,0,525056,1133049,24060,0,0,67,0,0,0,NA
2024-2025,Aug,32,WEST BENGAL,3225,PURBA BARDHAMAN,0,0,0,0,0,1,215,30168,0,0,504720,0,98175,0,0,0,0,669977,1377944,0,914292,1821288,30169,0,0,23,0,0,0,NA
2024-2025,May,32,WEST BENGAL,3214,PURULIA,0,0,0,0,0,0,170,24060,0,0,105725,0,124769,69.10515,69.10515,0,0,251062,584078,0,524956,1132740,24060,0,0,67,0,0,0,NA
2024-2025,May,32,WEST BENGAL,3205,HOWRAH,0,0,0,0,0,0,157,18268,0,0,54658,0,799,43.39815,43.39815,0,0,161738,261290,0,404798,576700,18268,0,0,20,0,0,0,NA
2024-2025,May,32,WEST BENGAL,3215,24 PARGANAS (NORTH),0,0,0,0,0,0,199,85386,0,0,173393,0,29397,95.54358,95.54358,0,0,313170,581681,0,873367,1520930,85386,0,0,74,0,0,0,NA
2024-2025,April,32,WEST BENGAL,3203,BIRBHUM,0,0,0,0,0,0,167,26930,0,0,336425,0,65400,6,6,0,0,444190,940808,0,677398,1356882,26930,0,0,16,0,0,0,NA
2024-2025,May,32,WEST BENGAL,3212,MURSHIDABAD,0,0,0,0,0,0,250,106885,0,0,64995,0,7656,119.3807,119.3807,0,0,328032,595647,0,1232671,2083655,106885,0,0,85,0,0,0,NA
2024-2025,May,32,WEST BENGAL,3209,MALDAH,0,0,0,0,0,0,146,73493,0,0,116007,0,37378,66.43104,66.43104,0,0,334524,570373,0,722609,1170177,73493,0,0,72,0,0,0,NA
2024-2025,April,32,WEST BENGAL,3203,BIRBHUM,0,0,0,0,0,0,167,26930,0,0,336428,0,65400,6,6,0,0,444190,940812,0,677398,1356886,26930,0,0,16,0,0,0,NA
2024-2025,April,32,WEST BENGAL,3205,HOWRAH,0,0,0,0,0,0,157,18268,0,0,54658,0,799,4.28395,4.28395,0,0,161738,261290,0,404798,576700,18268,0,0,20,0,0,0,NA
2024-2025,April,32,WEST BENGAL,3210,PASCHIM MEDINIPUR,0,0,0,0,0,0,211,87860,0,0,276199,0,138531,1.98,1.98,0,0,589516,1253838,0,888471,1773892,87860,0,0,50,0,0,0,NA
2024-2025,April,32,WEST BENGAL,3215,24 PARGANAS (NORTH),0,0,0,0,0,0,199,85386,0,0,173393,0,29397,9.86792,9.86792,0,0,313170,581681,0,873367,1520930,85386,0,0,74,0,0,0,NA
2024-2025,May,32,WEST BENGAL,3201,NADIA,0,0,0,0,0,0,185,23808,0,0,121042,0,13075,95.45919,95.45919,0,0,260685,553790,0,764452,1486033,23808,0,0,55,0,0,0,NA
2024-2025,May,32,WEST BENGAL,3203,BIRBHUM,0,0,0,0,0,0,167,26930,0,0,336429,0,65401,86.16313,86.16313,0,0,444190,940817,0,677398,1356894,26930,0,0,16,0,0,0,NA
2024-2025,July,32,WEST BENGAL,3203,BIRBHUM,0,0,0,0,0,0,167,26930,0,0,336448,0,65410,248.02285,248.02285,0,0,444189,940898,0,677400,1357057,26930,0,0,16,0,0,0,NA
2024-2025,July,32,WEST BENGAL,3206,HOOGHLY,0,0,0,0,0,0,207,32921,0,0,518194,0,101729,307.8739,307.8739,0,0,669811,1271347,0,839606,1530936,32921,0,0,10,0,0,0,NA
2024-2025,July,32,WEST BENGAL,3213,BANKURA,0,0,0,0,0,0,190,29967,0,0,429054,0,122514,281.31667,281.31667,0,0,428799,1038564,0,686132,1538480,29967,0,0,56,0,0,0,NA
2024-2025,July,32,WEST BENGAL,3214,PURULIA,0,0,0,0,0,0,170,24060,0,0,105729,0,124772,206.14113,206.14113,0,0,251062,584119,0,525046,1133018,24060,0,0,67,0,0,0,NA
2024-2025,July,32,WEST BENGAL,3215,24 PARGANAS (NORTH),0,0,0,0,0,0,199,85386,0,0,173394,0,29397,267.61744,267.61744,0,0,313170,581698,0,873379,1521002,85386,0,0,74,0,0,0,NA
2024-2025,July,32,WEST BENGAL,3203,BIRBHUM,0,0,0,0,0,0,167,26930,0,0,336447,0,65410,248.02285,248.02285,0,0,444189,940897,0,677400,1357056,26930,0,0,16,0,0,0,NA
2024-2025,Aug,32,WEST BENGAL,3204,SILIGURI MAHAKUMA PARISAD,0,0,0,0,0,0,22,2336,0,0,43510,0,29024,49.29895,49.29895,0,0,50505,99881,0,116298,216309,2336,0,0,54,0,0,0,NA
2024-2025,Aug,32,WEST BENGAL,3206,HOOGHLY,0,0,0,0,0,0,207,32921,0,0,518197,0,101729,409.13556,409.13556,0,0,669811,1271353,0,839613,1530952,32921,0,0,10,0,0,0,NA
2024-2025,Aug,32,WEST BENGAL,3209,MALDAH,0,0,0,0,0,0,146,73561,0,0,116007,0,37378,183.63712,183.63712,0,0,334524,570373,0,722653,1170245,73561,0,0,72,0,0,0,NA
2024-2025,Aug,32,WEST BENGAL,3212,MURSHIDABAD,0,0,0,0,0,0,250,106885,0,0,64995,0,7656,425.4237,425.4237,0,0,327922,595618,0,1232343,2083729,106885,0,0,85,0,0,0,NA
2024-2025,Aug,32,WEST BENGAL,3225,PURBA BARDHAMAN,0,0,0,0,0,1,215,30168,0,0,504724,0,98176,0,0,0,0,669981,1377948,0,914297,1821289,30169,0,0,23,0,0,0,NA
2024-2025,July,32,WEST BENGAL,3202,PASCHIM BARDHAMAN,0,0,0,0,0,0,62,2608,0,0,78435,0,21981,98.14128,98.14128,0,0,69781,152665,0,140150,286636,2608,0,0,29,0,0,0,NA
2024-2025,July,32,WEST BENGAL,3205,HOWRAH,0,0,0,0,0,0,157,18268,0,0,54658,0,799,125.87163,125.87163,0,0,161738,261292,0,404899,576815,18268,0,0,20,0,0,0,NA
2024-2025,July,32,WEST BENGAL,3207,JALPAIGURI,0,0,0,0,0,0,80,31776,0,0,236075,0,81880,128.11554,128.11554,0,0,300581,600203,0,404317,775901,31776,0,0,16,0,0,0,NA
2024-2025,April,32,WEST BENGAL,3203,BIRBHUM,0,0,0,0,0,0,167,26930,0,0,336424,0,65400,6,6,0,0,444190,940806,0,677396,1356876,26930,0,0,16,0,0,0,NA
2024-2025,April,32,WEST BENGAL,3203,BIRBHUM,0,0,0,0,0,0,167,26930,0,0,336425,0,65400,6,6,0,0,444190,940807,0,677397,1356879,26930,0,0,16,0,0,0,NA
2024-2025,April,32,WEST BENGAL,3213,BANKURA,0,0,0,0,0,0,190,29966,0,0,429103,0,122536,1.32,1.32,0,0,428826,1038672,0,686327,1538828,29966,0,0,56,0,0,0,NA
2024-2025,April,32,WEST BENGAL,3212,MURSHIDABAD,0,0,0,0,0,0,250,106885,0,0,64995,0,7656,18.58,18.58,0,0,328032,595647,0,1232671,2083654,106885,0,0,85,0,0,0,NA
2024-2025,April,32,WEST BENGAL,3216,24 PARGANAS SOUTH,0,0,0,0,0,0,310,191888,0,0,255822,0,9543,9.06,9.06,0,0,767945,1379428,0,1403495,2361921,191888,0,0,68,0,0,0,NA
2024-2025,Aug,32,WEST BENGAL,3217,DINAJPUR DAKSHIN,0,0,0,0,0,0,64,13890,0,0,71273,0,42797,129.56992,129.56992,0,0,130822,262900,0,277899,521650,13890,0,0,37,0,0,0,NA
2024-2025,Aug,32,WEST BENGAL,3220,ALIPURDUAR,0,0,0,0,0,0,64,64330,0,0,146406,0,115843,0,0,0,0,272547,546681,0,326719,638816,64330,0,0,58,0,0,0,NA
2024-2025,Aug,32,WEST BENGAL,3205,HOWRAH,0,0,0,0,0,0,157,18268,0,0,54672,0,800,165.74495,165.74495,0,0,161738,261351,0,405283,577342,18268,0,0,20,0,0,0,NA
2024-2025,Aug,32,WEST BENGAL,3211,PURBA MEDINIPUR,0,0,0,0,0,7,223,80947,0,0,94244,0,3074,451.2492,451.2492,0,0,386183,871111,0,918141,1959997,80954,0,0,63,0,0,0,NA
2024-2025,Aug,32,WEST BENGAL,3214,PURULIA,0,0,0,0,0,0,170,24060,0,0,105729,0,124772,274.41808,274.41808,0,0,251062,584120,0,525052,1133040,24060,0,0,67,0,0,0,NA
2024-2025,Aug,32,WEST BENGAL,3225,PURBA BARDHAMAN,0,0,0,0,0,1,215,30168,0,0,504723,0,98176,0,0,0,0,669979,1377950,0,914298,1821297,30169,0,0,23,0,0,0,NA
2024-2025,Aug,32,WEST BENGAL,3202,PASCHIM BARDHAMAN,0,0,0,0,0,0,62,2608,0,0,78436,0,21982,130.28235,130.28235,0,0,69781,152667,0,140165,286660,2608,0,0,29,0,0,0,NA
2024-2025,Aug,32,WEST BENGAL,3211,PURBA MEDINIPUR,0,0,0,0,0,7,223,80947,0,0,94244,0,3074,450.5742,450.5742,0,0,386183,871108,0,918137,1959981,80954,0,0,63,0,0,0,NA
2024-2025,Aug,32,WEST BENGAL,3205,HOWRAH,0,0,0,0,0,0,157,18268,0,0,54659,0,799,165.74495,165.74495,0,0,161738,261293,0,404902,576819,18268,0,0,20,0,0,0,NA
2024-2025,Aug,32,WEST BENGAL,3218,DINAJPUR UTTAR,0,0,0,0,0,0,98,84348,0,0,95231,0,9390,154.90788,154.90788,0,0,187051,374814,0,509977,952366,84348,0,0,85,0,0,0,NA
2024-2025,April,32,WEST BENGAL,3203,BIRBHUM,0,0,0,0,0,0,167,26930,0,0,336423,0,65400,6,6,0,0,444190,940797,0,677395,1356863,26930,0,0,16,0,0,0,NA
2024-2025,April,32,WEST BENGAL,3206,HOOGHLY,0,0,0,0,0,0,207,32921,0,0,518147,0,101719,3.12,3.12,0,0,669811,1271185,0,839472,1530563,32921,0,0,10,0,0,0,NA
2024-2025,April,32,WEST BENGAL,3215,24 PARGANAS (NORTH),0,0,0,0,0,0,199,85386,0,0,173393,0,29397,9.86792,9.86792,0,0,313170,581680,0,873367,1520929,85386,0,0,74,0,0,0,NA
2024-2025,April,32,WEST BENGAL,3225,PURBA BARDHAMAN,0,0,0,0,0,0,215,30168,0,0,504716,0,98174,0,0,0,0,669981,1377874,0,914285,1821156,30168,0,0,23,0,0,0,NA
2024-2025,Oct,32,WEST BENGAL,3203,BIRBHUM,0,0,0,0,0,0,167,26930,0,0,336455,0,65414,509.18741,509.18741,0,0,444187,940935,0,677356,1357079,26930,0,0,16,0,0,0,NA
2024-2025,Oct,32,WEST BENGAL,3211,PURBA MEDINIPUR,0,0,0,0,0,7,223,80947,0,0,94249,0,3074,714.07444,714.07444,0,0,386183,871141,0,918192,1960138,80954,0,0,63,0,0,0,NA
2024-2025,Oct,32,WEST BENGAL,3212,MURSHIDABAD,0,0,0,0,0,0,250,106885,0,0,64990,0,7652,649.28649,649.28649,0,0,327900,595578,0,1232041,2083340,106885,0,0,85,0,0,0,NA
2024-2025,Oct,32,WEST BENGAL,3225,PURBA BARDHAMAN,0,0,0,0,0,2,215,30167,0,0,504692,0,98175,0,0,0,0,669971,1377880,0,914294,1821222,30169,0,0,23,9.13,0,0,NA
2024-2025,Oct,32,WEST BENGAL,3211,PURBA MEDINIPUR,0,0,0,0,0,7,223,80947,0,0,94249,0,3074,714.07444,714.07444,0,0,386183,871141,0,918192,1960139,80954,0,0,63,0,0,0,NA
2024-2025,Oct,32,WEST BENGAL,3212,MURSHIDABAD,0,0,0,0,0,0,250,106885,0,0,64990,0,7652,649.28649,649.28649,0,0,327900,595578,0,1232041,2083344,106885,0,0,85,0,0,0,NA
2024-2025,Oct,32,WEST BENGAL,3216,24 PARGANAS SOUTH,0,0,0,0,0,0,310,191888,0,0,255814,0,9543,758.00626,758.00626,0,0,767925,1379385,0,1403570,2362038,191888,0,0,68,0,0,0,NA
2024-2025,Sep,32,WEST BENGAL,3213,BANKURA,0,0,0,0,0,0,190,29967,0,0,429018,0,122500,465.46884,465.46884,0,0,428788,1038486,0,686010,1538201,29967,0,0,56,0,0,0,NA
2024-2025,Sep,32,WEST BENGAL,3216,24 PARGANAS SOUTH,0,0,0,0,0,0,310,191888,0,0,255822,0,9543,604.33213,604.33213,0,0,767934,1379449,0,1403582,2362131,191888,0,0,68,0,0,0,NA
2024-2025,Sep,32,WEST BENGAL,3203,BIRBHUM,0,0,0,0,0,0,167,26930,0,0,336450,0,65413,407.57325,407.57325,0,0,444187,940921,0,677346,1357050,26930,0,0,16,0,0,0,NA
2024-2025,Sep,32,WEST BENGAL,3211,PURBA MEDINIPUR,0,0,0,0,0,7,223,80947,0,0,94249,0,3074,563.28182,563.28182,0,0,386183,871136,0,918149,1960063,80954,0,0,63,0,0,0,NA
2024-2025,Sep,32,WEST BENGAL,3212,MURSHIDABAD,0,0,0,0,0,0,250,106885,0,0,64990,0,7652,526.5289,526.5289,0,0,327900,595578,0,1232026,2083318,106885,0,0,85,0,0,0,NA
2024-2025,Sep,32,WEST BENGAL,3219,Darjeeling Gorkha Hill Council (DGHC),0,0,0,0,0,0,70,10272,0,0,14319,0,63311,0,0,0,0,116126,192314,0,127895,208800,10272,0,0,18,0,0,0,NA
2024-2025,Sep,32,WEST BENGAL,3225,PURBA BARDHAMAN,0,0,0,0,0,2,215,30167,0,0,504724,0,98175,0,0,0,0,669977,1377966,0,914298,1821320,30169,0,0,23,0,0,0,NA
2024-2025,Sep,32,WEST BENGAL,3208,COOCHBEHAR,0,0,0,0,0,0,128,73782,0,0,466234,0,5915,364.38132,364.38132,0,0,468295,910007,0,660818,1254102,73782,0,0,39,0,0,0,NA
2024-2025,Sep,32,WEST BENGAL,3216,24 PARGANAS SOUTH,0,0,0,0,0,0,310,191888,0,0,255813,0,9543,604.33213,604.33213,0,0,767925,1379375,0,1403554,2362000,191888,0,0,68,0,0,0,NA
2024-2025,Nov,32,WEST BENGAL,3218,DINAJPUR UTTAR,0,0,0,0,0,0,98,84348,0,0,93584,0,9199,273.26787,273.26787,0,0,185983,367632,0,504668,934233,84348,0,0,85,0,0,0,NA
2024-2025,Nov,32,WEST BENGAL,3225,PURBA BARDHAMAN,0,0,0,0,0,2,215,30167,0,0,504695,0,98176,0,0,0,0,669971,1377893,0,914299,1821247,30169,0,0,23,9.13,0,0,NA
2024-2025,Nov,32,WEST BENGAL,3205,HOWRAH,0,0,0,0,0,0,157,18268,0,0,54679,0,800,300.01548,300.01548,0,0,161738,261415,0,406315,578573,18268,0,0,20,0,0,0,NA
2024-2025,Nov,32,WEST BENGAL,3210,PASCHIM MEDINIPUR,0,0,0,0,0,0,211,87860,0,0,276115,0,138464,811.32978,811.32978,0,0,589506,1253613,0,888425,1773503,87860,0,0,50,0,0,0,NA
2024-2025,Nov,32,WEST BENGAL,3212,MURSHIDABAD,0,0,0,0,0,0,250,106885,0,0,64990,0,7652,749.08925,749.08925,0,0,327900,595579,0,1232055,2083377,106885,0,0,85,0,0,0,NA
2024-2025,Nov,32,WEST BENGAL,3214,PURULIA,0,0,0,0,0,1,170,24059,0,0,105732,0,124780,512.85609,512.85609,0,0,251062,584151,0,525095,1133205,24060,0,0,67,0,0,0,NA
2024-2025,Nov,32,WEST BENGAL,3210,PASCHIM MEDINIPUR,0,0,0,0,0,0,211,87860,0,0,276111,0,138460,811.32978,811.32978,0,0,589506,1253600,0,888424,1773482,87860,0,0,50,0,0,0,NA
2024-2025,Aug,32,WEST BENGAL,3203,BIRBHUM,0,0,0,0,0,0,167,26930,0,0,336445,0,65410,327.79805,327.79805,0,0,444187,940907,0,677295,1356976,26930,0,0,16,0,0,0,NA
2024-2025,Aug,32,WEST BENGAL,3219,Darjeeling Gorkha Hill Council (DGHC),0,0,0,0,0,0,70,10272,0,0,14319,0,63310,0,0,0,0,116126,192311,0,127895,208797,10272,0,0,18,0,0,0,NA
2024-2025,Aug,32,WEST BENGAL,3221,KALIMPONG,0,0,0,0,0,0,42,4520,0,0,5477,0,28226,19.8343,19.8343,0,0,53595,86557,0,55741,89431,4520,0,0,23,0,0,0,NA
2024-2025,Aug,32,WEST BENGAL,3222,JHARGRAM,0,0,0,0,0,0,79,23787,0,0,64093,0,91431,0,0,0,0,143161,309806,0,231017,470527,23787,0,0,44,0,0,0,NA
2024-2025,Sep,32,WEST BENGAL,3203,BIRBHUM,0,0,0,0,0,0,167,26930,0,0,336450,0,65413,407.57325,407.57325,0,0,444187,940919,0,677345,1357047,26930,0,0,16,0,0,0,NA
2024-2025,Sep,32,WEST BENGAL,3203,BIRBHUM,0,0,0,0,0,0,167,26930,0,0,336450,0,65413,407.57325,407.57325,0,0,444187,940919,0,677339,1357041,26930,0,0,16,0,0,0,NA
2024-2025,Sep,32,WEST BENGAL,3215,24 PARGANAS (NORTH),0,0,0,0,0,0,199,85386,0,0,173403,0,29397,438.98131,438.98131,0,0,313170,581720,0,873395,1521108,85386,0,0,74,0,0,0,NA
2024-2025,Sep,32,WEST BENGAL,3204,SILIGURI MAHAKUMA PARISAD,0,0,0,0,0,0,22,2336,0,0,43515,0,29027,61.88369,61.88369,0,0,50505,99893,0,116310,216355,2336,0,0,54,0,0,0,NA
2024-2025,Sep,32,WEST BENGAL,3213,BANKURA,0,0,0,0,0,0,190,29967,0,0,429028,0,122505,464.96009,464.96009,0,0,428791,1038503,0,686043,1538298,29967,0,0,56,0,0,0,NA
2024-2025,Sep,32,WEST BENGAL,3216,24 PARGANAS SOUTH,0,0,0,0,0,0,310,191888,0,0,255824,0,9543,604.33213,604.33213,0,0,767936,1379449,0,1403575,2362111,191888,0,0,68,0,0,0,NA
2024-2025,Sep,32,WEST BENGAL,3218,DINAJPUR UTTAR,0,0,0,0,0,0,98,84348,0,0,93586,0,9199,192.01485,192.01485,0,0,185988,367640,0,504668,934203,84348,0,0,85,0,0,0,NA
2024-2025,Sep,32,WEST BENGAL,3209,MALDAH,0,0,0,0,0,0,146,73561,0,0,116007,0,37378,298.82928,298.82928,0,0,334524,570376,0,722752,1170423,73561,0,0,72,0,0,0,NA
2024-2025,Sep,32,WEST BENGAL,3214,PURULIA,0,0,0,0,0,0,170,24060,0,0,105731,0,124777,342.69811,342.69811,0,0,251062,584132,0,525071,1133108,24060,0,0,67,0,0,0,NA
2024-2025,Dec,32,WEST BENGAL,3202,PASCHIM BARDHAMAN,0,0,0,0,0,0,62,2054,0,0,78437,0,21985,236.66556,236.66556,0,0,69781,152671,0,140168,286671,2054,0,0,10,0,0,0,NA
2024-2025,Dec,32,WEST BENGAL,3203,BIRBHUM,0,0,0,0,0,0,167,24978,0,0,336480,0,65420,588.67441,588.67441,0,0,444187,941010,0,677422,1357242,24978,0,0,9,0,0,0,NA
2024-2025,Dec,32,WEST BENGAL,3205,HOWRAH,0,0,0,0,0,0,157,16594,0,0,54679,0,800,300.89201,300.89201,0,0,161738,261417,0,406409,578675,16594,0,0,12,0,0,0,NA
2024-2025,Dec,32,WEST BENGAL,3209,MALDAH,0,0,0,0,0,0,146,39691,0,0,116008,0,37379,432.78016,432.78016,0,0,334524,570380,0,722757,1170436,39691,0,0,48,0,0,0,NA
2024-2025,Dec,32,WEST BENGAL,3212,MURSHIDABAD,0,0,0,0,0,0,250,88974,0,0,64990,0,7652,749.08925,749.08925,0,0,327900,595583,0,1232073,2083420,88974,0,0,82,0,0,0,NA
2024-2025,Dec,32,WEST BENGAL,3208,COOCHBEHAR,0,0,0,0,0,0,128,73728,0,0,466253,0,5915,593.30655,593.30655,0,0,468297,910054,0,660852,1254231,73728,0,0,39,0,0,0,NA
2024-2025,Dec,32,WEST BENGAL,3222,JHARGRAM,0,0,0,0,0,0,79,18778,0,0,64096,0,91412,0,0,0,0,143160,309788,0,231015,470490,18778,0,0,29,0,0,0,NA
2024-2025,Dec,32,WEST BENGAL,3210,PASCHIM MEDINIPUR,0,0,0,0,0,0,211,71632,0,0,276098,0,138447,921.36262,921.36262,0,0,589503,1253536,0,888406,1773372,71632,0,0,39,26.91,13.55,0,NA
2024-2025,Dec,32,WEST BENGAL,3211,PURBA MEDINIPUR,0,0,0,0,0,173,223,76258,0,0,94249,0,3074,938.58968,938.58968,0,0,386183,871147,0,918234,1960245,76431,0,0,61,0,0,0,NA
2024-2025,Dec,32,WEST BENGAL,3225,PURBA BARDHAMAN,0,0,0,0,0,3,215,24891,0,0,504699,0,98180,0,0,0,0,669971,1377922,0,914302,1821293,24894,0,0,7,9.13,0,0,NA
2024-2025,Nov,32,WEST BENGAL,3206,HOOGHLY,0,0,0,0,0,0,207,30872,0,0,518217,0,101733,746.47731,746.47731,0,0,669811,1271435,0,839738,1531212,30872,0,0,5,0,0,0,NA
2024-2025,Nov,32,WEST BENGAL,3220,ALIPURDUAR,0,0,0,0,0,0,64,61730,0,0,146406,0,115848,0,0,0,0,272547,546687,0,326723,638827,61730,0,0,56,21.14,24.8,0,NA
2024-2025,Nov,32,WEST BENGAL,3221,KALIMPONG,0,0,0,0,0,0,42,4113,0,0,5474,0,28225,33.41488,33.41488,0,0,53592,86549,0,55738,89423,4113,0,0,16,0,0,0,NA
2024-2025,Dec,32,WEST BENGAL,3204,SILIGURI MAHAKUMA PARISAD,0,0,0,0,0,0,22,2282,0,0,43493,0,28996,89.66323,89.66323,0,0,50500,99833,0,116290,216216,2282,0,0,53,0,0,0,NA
2024-2025,Dec,32,WEST BENGAL,3208,COOCHBEHAR,0,0,0,0,0,0,128,73728,0,0,466247,0,5915,524.03814,524.03814,0,0,468295,910045,0,660850,1254220,73728,0,0,39,0,0,0,NA
2024-2025,Oct,32,WEST BENGAL,3203,BIRBHUM,0,0,0,0,0,0,167,26930,0,0,336459,0,65414,588.67441,588.67441,0,0,444187,940943,0,677380,1357115,26930,0,0,16,0,0,0,NA
2024-2025,Oct,32,WEST BENGAL,3204,SILIGURI MAHAKUMA PARISAD,0,0,0,0,0,0,22,2336,0,0,43516,0,29030,77.57346,77.57346,0,0,50505,99897,0,116315,216370,2336,0,0,54,0,0,0,NA
2024-2025,Oct,32,WEST BENGAL,3207,JALPAIGURI,0,0,0,0,0,0,80,31776,0,0,236077,0,81888,268.87871,268.87871,0,0,300581,600224,0,404317,775942,31776,0,0,16,0,0,0,NA
2024-2025,Oct,32,WEST BENGAL,3209,MALDAH,0,0,0,0,0,0,146,73561,0,0,116007,0,37378,432.42016,432.42016,0,0,334524,570377,0,722755,1170430,73561,0,0,72,0,0,0,NA
2024-2025,Oct,32,WEST BENGAL,3211,PURBA MEDINIPUR,0,0,0,0,0,7,223,80947,0,0,94249,0,3074,714.07444,714.07444,0,0,386183,871143,0,918193,1960145,80954,0,0,63,0,0,0,NA
2024-2025,Oct,32,WEST BENGAL,3217,DINAJPUR DAKSHIN,0,0,0,0,0,0,64,13890,0,0,71275,0,42797,201.70748,201.70748,0,0,130822,262902,0,277900,521654,13890,0,0,37,0,0,0,NA
2024-2025,Oct,32,WEST BENGAL,3219,Darjeeling Gorkha Hill Council (DGHC),0,0,0,0,0,0,70,10272,0,0,14319,0,63311,0,0,0,0,116126,192315,0,127895,208801,10272,0,0,18,0,0,0,NA
2024-2025,Oct,32,WEST BENGAL,3220,ALIPURDUAR,0,0,0,0,0,0,64,64330,0,0,146406,0,115848,0,0,0,0,272547,546686,0,326722,638824,64330,0,0,58,41.11,0,0,NA
2024-2025,Oct,32,WEST BENGAL,3221,KALIMPONG,0,0,0,0,0,0,42,4520,0,0,5474,0,28225,29.44802,29.44802,0,0,53592,86549,0,55738,89423,4520,0,0,23,0,0,0,NA
2024-2025,Oct,32,WEST BENGAL,3214,PURULIA,0,0,0,0,0,1,170,24059,0,0,105732,0,124778,444.439,444.439,0,0,251062,584146,0,525090,1133183,24060,0,0,67,0,0,0,NA
2024-2025,Oct,32,WEST BENGAL,3218,DINAJPUR UTTAR,0,0,0,0,0,0,98,84348,0,0,93583,0,9199,236.26182,236.26182,0,0,185983,367627,0,504665,934212,84348,0,0,85,0,0,0,NA
2024-2025,Oct,32,WEST BENGAL,3201,NADIA,0,0,0,0,0,0,185,23808,0,0,121054,0,13075,546.23616,546.23616,0,0,260685,553847,0,764477,1486241,23808,0,0,55,0,0,0,NA
2024-2025,Oct,32,WEST BENGAL,3208,COOCHBEHAR,0,0,0,0,0,0,128,73782,0,0,466240,0,5915,454.76973,454.76973,0,0,468295,910023,0,660848,1254183,73782,0,0,39,0,0,0,NA
2024-2025,Oct,32,WEST BENGAL,3211,PURBA MEDINIPUR,0,0,0,0,0,7,223,80947,0,0,94249,0,3074,714.07444,714.07444,0,0,386183,871141,0,918193,1960142,80954,0,0,63,0,0,0,NA
2024-2025,Nov,32,WEST BENGAL,3203,BIRBHUM,0,0,0,0,0,0,167,26930,0,0,336476,0,65414,588.67441,588.67441,0,0,444187,940972,0,677399,1357174,26930,0,0,16,0,0,0,NA
2024-2025,Nov,32,WEST BENGAL,3214,PURULIA,0,0,0,0,0,1,170,24059,0,0,105732,0,124780,512.85609,512.85609,0,0,251062,584156,0,525100,1133225,24060,0,0,67,0,0,0,NA
2024-2025,Nov,32,WEST BENGAL,3209,MALDAH,0,0,0,0,0,0,146,73561,0,0,116008,0,37379,432.78016,432.78016,0,0,334524,570380,0,722757,1170436,73561,0,0,72,0,0,0,NA
2024-2025,Nov,32,WEST BENGAL,3213,BANKURA,0,0,0,0,0,0,190,29967,0,0,429012,0,122500,679.99609,679.99609,0,0,428788,1038484,0,686010,1538195,29967,0,0,56,100,0,0,NA
2024-2025,Nov,32,WEST BENGAL,3203,BIRBHUM,0,0,0,0,0,0,167,24978,0,0,336477,0,65414,588.67441,588.67441,0,0,444187,940986,0,677402,1357194,24978,0,0,9,0,0,0,NA
2024-2025,Nov,32,WEST BENGAL,3212,MURSHIDABAD,0,0,0,0,0,0,250,88974,0,0,64990,0,7652,749.08925,749.08925,0,0,327900,595581,0,1232056,2083389,88974,0,0,82,0,0,0,NA
2024-2025,Nov,32,WEST BENGAL,3213,BANKURA,0,0,0,0,0,0,190,28592,0,0,429012,0,122500,679.99609,679.99609,0,0,428788,1038484,0,686010,1538195,28592,0,0,54,100,0,0,NA
2024-2025,Nov,32,WEST BENGAL,3211,PURBA MEDINIPUR,0,0,0,0,0,10,223,76357,0,0,94249,0,3074,826.55706,826.55706,0,0,386183,871146,0,918234,1960241,76367,0,0,61,0,0,0,NA
2024-2025,Nov,32,WEST BENGAL,3225,PURBA BARDHAMAN,0,0,0,0,0,3,215,24891,0,0,504699,0,98180,0,0,0,0,669971,1377918,0,914302,1821287,24894,0,0,7,9.13,0,0,NA
2024-2025,Oct,32,WEST BENGAL,3216,24 PARGANAS SOUTH,0,0,0,0,0,0,310,191888,0,0,255814,0,9543,758.00626,758.00626,0,0,767925,1379386,0,1403570,2362039,191888,0,0,68,0,0,0,NA
2024-2025,Feb,32,WEST BENGAL,3203,BIRBHUM,0,0,0,0,0,0,167,24977,0,0,336504,0,65421,824.93778,824.93778,0,0,444187,941061,0,677542,1357454,24977,0,0,9,0,0,0,NA
2024-2025,Feb,32,WEST BENGAL,3221,KALIMPONG,0,0,0,0,0,0,42,4113,0,0,5474,0,28225,45.31546,45.31546,0,0,53592,86549,0,55738,89423,4113,0,0,16,0,0,0,NA
2024-2025,Nov,32,WEST BENGAL,3209,MALDAH,0,0,0,0,0,0,146,73561,0,0,116007,0,37378,432.78016,432.78016,0,0,334524,570377,0,722755,1170430,73561,0,0,72,0,0,0,NA
2024-2025,Nov,32,WEST BENGAL,3205,HOWRAH,0,0,0,0,0,0,157,18268,0,0,54679,0,800,300.01548,300.01548,0,0,161738,261415,0,406337,578600,18268,0,0,20,0,0,0,NA
2024-2025,Nov,32,WEST BENGAL,3216,24 PARGANAS SOUTH,0,0,0,0,0,0,310,191888,0,0,255789,0,9543,876.76469,876.76469,0,0,767893,1378962,0,1403423,2361233,191888,0,0,68,0,0,0,NA
2024-2025,Nov,32,WEST BENGAL,3208,COOCHBEHAR,0,0,0,0,0,0,128,73782,0,0,466241,0,5915,524.03814,524.03814,0,0,468295,910028,0,660850,1254193,73782,0,0,39,0,0,0,NA
2024-2025,Nov,32,WEST BENGAL,3216,24 PARGANAS SOUTH,0,0,0,0,0,0,310,191888,0,0,255789,0,9543,876.76469,876.76469,0,0,767878,1378923,0,1403407,2361182,191888,0,0,68,0,0,0,NA
2024-2025,Nov,32,WEST BENGAL,3205,HOWRAH,0,0,0,0,0,0,157,16594,0,0,54679,0,800,300.89201,300.89201,0,0,161738,261415,0,406337,578600,16594,0,0,12,0,0,0,NA
2024-2025,Dec,32,WEST BENGAL,3210,PASCHIM MEDINIPUR,0,0,0,0,0,0,211,71632,0,0,276098,0,138447,915.37518,915.37518,0,0,589503,1253536,0,888406,1773372,71632,0,0,39,26.91,13.55,0,NA
2024-2025,Dec,32,WEST BENGAL,3215,24 PARGANAS (NORTH),0,0,0,0,0,0,199,33730,0,0,173404,0,29397,718.16798,718.16798,0,0,313170,581722,0,873397,1521130,33730,0,0,35,0,0,0,NA
2024-2025,March,32,WEST BENGAL,3204,SILIGURI MAHAKUMA PARISAD,0,0,0,0,0,0,22,2282,0,0,43440,0,28960,138.78231,138.78231,0,0,50489,99701,0,116248,215957,2282,0,0,53,0,0,0,NA
2024-2025,March,32,WEST BENGAL,3210,PASCHIM MEDINIPUR,0,0,0,0,0,0,211,71624,0,0,276102,0,138449,1250.32818,1250.32818,0,0,589503,1253556,0,888410,1773407,71624,0,0,39,26.91,13.55,0,NA
2024-2025,March,32,WEST BENGAL,3211,PURBA MEDINIPUR,0,0,0,0,0,2772,223,77891,0,0,94251,0,3074,1273.3309,1273.3309,0,0,386183,871157,0,918270,1960334,80663,0,0,60,0,0,0,NA
2024-2025,March,32,WEST BENGAL,3218,DINAJPUR UTTAR,0,0,0,0,0,0,98,78462,0,0,93592,0,9199,421.37726,421.37726,0,0,185983,367643,0,504689,934312,78462,0,0,84,100,0,0,NA
2024-2025,March,32,WEST BENGAL,3209,MALDAH,0,0,0,0,0,0,146,39689,0,0,116008,0,37379,666.01361,666.01361,0,0,334524,570381,0,722771,1170466,39689,0,0,48,0,0,0,NA
2024-2025,March,32,WEST BENGAL,3203,BIRBHUM,0,0,0,0,0,0,167,24977,0,0,336505,0,65423,903.03583,903.03583,0,0,444187,941075,0,677542,1357473,24977,0,0,9,0,0,0,NA
2024-2025,March,32,WEST BENGAL,3206,HOOGHLY,0,0,0,0,0,0,207,30872,0,0,518194,0,101732,1147.32622,1147.32622,0,0,669805,1271342,0,839733,1531111,30872,0,0,5,0,0,0,NA
2024-2025,Feb,32,WEST BENGAL,3215,24 PARGANAS (NORTH),0,0,0,0,0,0,199,33730,0,0,173407,0,29399,888.11497,888.11497,0,0,313170,581742,0,873409,1521209,33730,0,0,35,0,0,0,NA
2024-2025,Feb,32,WEST BENGAL,3205,HOWRAH,0,0,0,0,0,0,157,16594,0,0,54681,0,800,419.95861,419.95861,0,0,161738,261428,0,406457,578751,16594,0,0,12,0,0,0,NA
2024-2025,Feb,32,WEST BENGAL,3212,MURSHIDABAD,0,0,0,0,0,0,250,88969,0,0,64990,0,7652,1045.2574,1045.2574,0,0,327900,595586,0,1232094,2083475,88969,0,0,82,0,0,0,NA
2024-2025,Feb,32,WEST BENGAL,3201,NADIA,0,0,0,0,0,0,185,22419,0,0,121061,0,13075,877.71248,877.71248,0,0,260685,553877,0,764485,1486325,22419,0,0,52,0,0,0,NA
2024-2025,Feb,32,WEST BENGAL,3205,HOWRAH,0,0,0,0,0,0,157,16594,0,0,54682,0,800,419.95861,419.95861,0,0,161738,261429,0,406462,578759,16594,0,0,12,0,0,0,NA
2024-2025,Feb,32,WEST BENGAL,3214,PURULIA,0,0,0,0,0,1,170,21223,0,0,105097,0,124097,718.65273,718.65273,0,0,250832,581757,0,523921,1126887,21224,0,0,63,0,0,0,NA
2024-2025,Dec,32,WEST BENGAL,3207,JALPAIGURI,0,0,0,0,0,0,80,29988,0,0,236093,0,81889,351.7363,351.7363,0,0,300581,600245,0,404317,775973,29988,0,0,11,0,0,0,NA
2024-2025,Dec,32,WEST BENGAL,3213,BANKURA,0,0,0,0,0,0,190,28592,0,0,429012,0,122500,771.87481,771.87481,0,0,428788,1038484,0,686010,1538195,28592,0,0,54,100,0,0,NA
2024-2025,Feb,32,WEST BENGAL,3216,24 PARGANAS SOUTH,0,0,0,0,0,0,310,166619,0,0,255667,0,9543,1230.31847,1230.31847,0,0,767593,1377402,0,1402163,2357116,166619,0,0,63,96.76,0,0,NA
2024-2025,Feb,32,WEST BENGAL,3222,JHARGRAM,0,0,0,0,0,0,79,18777,0,0,64099,0,91414,0,0,0,0,143160,309797,0,231016,470518,18777,0,0,29,0,0,0,NA
2024-2025,Feb,32,WEST BENGAL,3216,24 PARGANAS SOUTH,0,0,0,0,0,0,310,166618,0,0,255667,0,9543,1230.31847,1230.31847,0,0,767593,1377402,0,1402163,2357116,166618,0,0,63,96.76,0,0,NA
2024-2025,Feb,32,WEST BENGAL,3204,SILIGURI MAHAKUMA PARISAD,0,0,0,0,0,0,22,2282,0,0,43440,0,28959,126.69254,126.69254,0,0,50489,99700,0,116248,215944,2282,0,0,53,0,0,0,NA
2024-2025,Feb,32,WEST BENGAL,3225,PURBA BARDHAMAN,0,0,0,0,0,3,215,24891,0,0,504710,0,98182,0,0,0,0,669971,1377967,0,914303,1821347,24894,0,0,7,9.13,0,0,NA
2024-2025,Oct,32,WEST BENGAL,3205,HOWRAH,0,0,0,0,0,0,157,18268,0,0,54679,0,800,259.30472,259.30472,0,0,161738,261415,0,406309,578561,18268,0,0,20,0,0,0,NA
2024-2025,Oct,32,WEST BENGAL,3212,MURSHIDABAD,0,0,0,0,0,0,250,106885,0,0,64990,0,7652,649.28649,649.28649,0,0,327900,595578,0,1232041,2083341,106885,0,0,85,0,0,0,NA
2024-2025,Feb,32,WEST BENGAL,3220,ALIPURDUAR,0,0,0,0,0,0,64,61730,0,0,146407,0,115848,0,0,0,0,272547,546689,0,326723,638829,61730,0,0,56,21.14,24.8,0,NA
2024-2025,Feb,32,WEST BENGAL,3216,24 PARGANAS SOUTH,0,0,0,0,0,0,310,166620,0,0,255667,0,9543,1230.31847,1230.31847,0,0,767593,1377402,0,1402163,2357116,166620,0,0,63,96.76,0,0,NA
2024-2025,Nov,32,WEST BENGAL,3203,BIRBHUM,0,0,0,0,0,0,167,26930,0,0,336476,0,65414,588.67441,588.67441,0,0,444187,940968,0,677396,1357167,26930,0,0,16,0,0,0,NA
2024-2025,Nov,32,WEST BENGAL,3208,COOCHBEHAR,0,0,0,0,0,0,128,73782,0,0,466241,0,5915,524.03814,524.03814,0,0,468295,910027,0,660850,1254191,73782,0,0,39,0,0,0,NA
2024-2025,Nov,32,WEST BENGAL,3209,MALDAH,0,0,0,0,0,0,146,73561,0,0,116008,0,37379,432.78016,432.78016,0,0,334524,570379,0,722755,1170432,73561,0,0,72,0,0,0,NA
2024-2025,Nov,32,WEST BENGAL,3225,PURBA BARDHAMAN,0,0,0,0,0,2,215,30167,0,0,504695,0,98177,0,0,0,0,669971,1377896,0,914300,1821254,30169,0,0,23,9.13,0,0,NA
2024-2025,Nov,32,WEST BENGAL,3203,BIRBHUM,0,0,0,0,0,0,167,26930,0,0,336469,0,65414,588.67441,588.67441,0,0,444187,940962,0,677394,1357160,26930,0,0,16,0,0,0,NA
2024-2025,Nov,32,WEST BENGAL,3205,HOWRAH,0,0,0,0,0,0,157,18268,0,0,54679,0,800,300.01548,300.01548,0,0,161738,261415,0,406332,578595,18268,0,0,20,0,0,0,NA
2024-2025,Nov,32,WEST BENGAL,3211,PURBA MEDINIPUR,0,0,0,0,0,7,223,80947,0,0,94249,0,3074,826.10706,826.10706,0,0,386183,871144,0,918200,1960164,80954,0,0,63,0,0,0,NA
2024-2025,Nov,32,WEST BENGAL,3210,PASCHIM MEDINIPUR,0,0,0,0,0,0,211,71632,0,0,276110,0,138455,811.32978,811.32978,0,0,589506,1253593,0,888422,1773465,71632,0,0,39,26.91,13.55,0,NA
2024-2025,Nov,32,WEST BENGAL,3214,PURULIA,0,0,0,0,0,1,170,21223,0,0,105732,0,124780,512.85609,512.85609,0,0,251062,584158,0,525103,1133233,21224,0,0,63,0,0,0,NA
2024-2025,Nov,32,WEST BENGAL,3216,24 PARGANAS SOUTH,0,0,0,0,0,0,310,166625,0,0,255787,0,9543,876.76469,876.76469,0,0,767877,1378906,0,1403405,2361153,166625,0,0,63,0,0,0,NA
2024-2025,Nov,32,WEST BENGAL,3203,BIRBHUM,0,0,0,0,0,0,167,26930,0,0,336476,0,65414,588.67441,588.67441,0,0,444187,940979,0,677399,1357182,26930,0,0,16,0,0,0,NA
2024-2025,Nov,32,WEST BENGAL,3211,PURBA MEDINIPUR,0,0,0,0,0,7,223,80947,0,0,94249,0,3074,826.55706,826.55706,0,0,386183,871145,0,918218,1960203,80954,0,0,63,0,0,0,NA
2024-2025,Feb,32,WEST BENGAL,3201,NADIA,0,0,0,0,0,0,185,22419,0,0,121061,0,13075,877.71248,877.71248,0,0,260685,553893,0,764486,1486345,22419,0,0,52,0,0,0,NA
2024-2025,Feb,32,WEST BENGAL,3206,HOOGHLY,0,0,0,0,0,0,207,30872,0,0,518189,0,101732,1047.36049,1047.36049,0,0,669805,1271332,0,839729,1531097,30872,0,0,5,0,0,0,NA
2024-2025,Feb,32,WEST BENGAL,3208,COOCHBEHAR,0,0,0,0,0,0,128,73729,0,0,466260,0,5915,730.77149,730.77149,0,0,468290,910058,0,660917,1254374,73729,0,0,39,0,0,0,NA
2024-2025,Nov,32,WEST BENGAL,3210,PASCHIM MEDINIPUR,0,0,0,0,0,0,211,71632,0,0,276098,0,138447,811.32978,811.32978,0,0,589503,1253536,0,888406,1773372,71632,0,0,39,26.91,13.55,0,NA
2024-2025,Nov,32,WEST BENGAL,3211,PURBA MEDINIPUR,0,0,0,0,0,10,223,76357,0,0,94249,0,3074,826.55706,826.55706,0,0,386183,871146,0,918234,1960242,76367,0,0,61,0,0,0,NA
2024-2025,Nov,32,WEST BENGAL,3216,24 PARGANAS SOUTH,0,0,0,0,0,0,310,166625,0,0,255772,0,9543,876.76469,876.76469,0,0,767868,1378723,0,1403391,2360847,166625,0,0,63,0,0,0,NA
2024-2025,Nov,32,WEST BENGAL,3225,PURBA BARDHAMAN,0,0,0,0,0,3,215,24891,0,0,504699,0,98180,0,0,0,0,669971,1377918,0,914302,1821288,24894,0,0,7,9.13,0,0,NA
2024-2025,Dec,32,WEST BENGAL,3218,DINAJPUR UTTAR,0,0,0,0,0,0,98,78462,0,0,93584,0,9199,273.26787,273.26787,0,0,185983,367632,0,504672,934247,78462,0,0,84,0,0,0,NA
2024-2025,Dec,32,WEST BENGAL,3203,BIRBHUM,0,0,0,0,0,0,167,24978,0,0,336480,0,65420,588.67441,588.67441,0,0,444187,941008,0,677422,1357240,24978,0,0,9,0,0,0,NA
2024-2025,Dec,32,WEST BENGAL,3211,PURBA MEDINIPUR,0,0,0,0,0,10,223,76357,0,0,94249,0,3074,826.55706,826.55706,0,0,386183,871146,0,918234,1960242,76367,0,0,61,0,0,0,NA
2024-2025,Dec,32,WEST BENGAL,3213,BANKURA,0,0,0,0,0,0,190,28592,0,0,429012,0,122500,680.16226,680.16226,0,0,428788,1038484,0,686010,1538195,28592,0,0,54,100,0,0,NA
2024-2025,Dec,32,WEST BENGAL,3225,PURBA BARDHAMAN,0,0,0,0,0,3,215,24891,0,0,504699,0,98180,0,0,0,0,669971,1377919,0,914302,1821289,24894,0,0,7,9.13,0,0,NA
2024-2025,Nov,32,WEST BENGAL,3203,BIRBHUM,0,0,0,0,0,0,167,24978,0,0,336479,0,65418,588.67441,588.67441,0,0,444187,940997,0,677422,1357226,24978,0,0,9,0,0,0,NA
2024-2025,Nov,32,WEST BENGAL,3205,HOWRAH,0,0,0,0,0,0,157,16594,0,0,54679,0,800,300.89201,300.89201,0,0,161738,261415,0,406376,578639,16594,0,0,12,0,0,0,NA
2024-2025,Nov,32,WEST BENGAL,3215,24 PARGANAS (NORTH),0,0,0,0,0,0,199,33730,0,0,173404,0,29397,632.649,632.649,0,0,313170,581722,0,873397,1521128,33730,0,0,35,0,0,0,NA
2024-2025,Nov,32,WEST BENGAL,3216,24 PARGANAS SOUTH,0,0,0,0,0,0,310,166625,0,0,255780,0,9543,876.76469,876.76469,0,0,767876,1378775,0,1403403,2360930,166625,0,0,63,0,0,0,NA
2024-2025,Nov,32,WEST BENGAL,3211,PURBA MEDINIPUR,0,0,0,0,0,10,223,76357,0,0,94249,0,3074,826.55706,826.55706,0,0,386183,871146,0,918234,1960238,76367,0,0,61,0,0,0,NA
2024-2025,Nov,32,WEST BENGAL,3216,24 PARGANAS SOUTH,0,0,0,0,0,0,310,166625,0,0,255781,0,9543,876.76469,876.76469,0,0,767876,1378789,0,1403404,2360958,166625,0,0,63,0,0,0,NA
2024-2025,Nov,32,WEST BENGAL,3219,Darjeeling Gorkha Hill Council (DGHC),0,0,0,0,0,0,70,9799,0,0,14319,0,63311,0,0,0,0,116126,192315,0,127895,208801,9799,0,0,14,0,0,0,NA
2024-2025,Nov,32,WEST BENGAL,3201,NADIA,0,0,0,0,0,0,185,23808,0,0,121058,0,13075,629.74317,629.74317,0,0,260685,553856,0,764479,1486265,23808,0,0,55,0,0,0,NA
2024-2025,Nov,32,WEST BENGAL,3204,SILIGURI MAHAKUMA PARISAD,0,0,0,0,0,0,22,2336,0,0,43516,0,29030,89.66323,89.66323,0,0,50505,99897,0,116315,216370,2336,0,0,54,0,0,0,NA
2024-2025,Nov,32,WEST BENGAL,3206,HOOGHLY,0,0,0,0,0,0,207,32921,0,0,518214,0,101732,746.47731,746.47731,0,0,669811,1271426,0,839737,1531201,32921,0,0,10,0,0,0,NA
2024-2025,Nov,32,WEST BENGAL,3208,COOCHBEHAR,0,0,0,0,0,0,128,73782,0,0,466244,0,5915,524.03814,524.03814,0,0,468295,910031,0,660850,1254197,73782,0,0,39,0,0,0,NA
2024-2025,March,32,WEST BENGAL,3203,BIRBHUM,0,0,0,0,0,0,167,24977,0,0,336506,0,65423,903.03583,903.03583,0,0,444187,941076,0,677543,1357476,24977,0,0,9,0,0,0,NA
2024-2025,March,32,WEST BENGAL,3218,DINAJPUR UTTAR,0,0,0,0,0,0,98,78462,0,0,93592,0,9199,421.37726,421.37726,0,0,185983,367643,0,504695,934324,78462,0,0,84,100,0,0,NA
2024-2025,March,32,WEST BENGAL,3225,PURBA BARDHAMAN,0,0,0,0,0,3,215,24891,0,0,504715,0,98185,0,0,0,0,669971,1377982,0,914311,1821378,24894,0,0,7,9.13,0,0,NA
2024-2025,March,32,WEST BENGAL,3212,MURSHIDABAD,0,0,0,0,0,0,250,88969,0,0,64990,0,7652,1144.91722,1144.91722,0,0,327900,595597,0,1232098,2083506,88969,0,0,82,0,0,0,NA
2024-2025,March,32,WEST BENGAL,3213,BANKURA,0,0,0,0,0,0,190,28590,0,0,429014,0,122500,1055.35356,1055.35356,0,0,428788,1038490,0,686013,1538210,28590,0,0,54,100,0,0,NA
2024-2025,March,32,WEST BENGAL,3203,BIRBHUM,0,0,0,0,0,0,167,24977,0,0,336509,0,65423,903.03583,903.03583,0,0,444187,941089,0,677549,1357501,24977,0,0,9,0,0,0,NA
2024-2025,March,32,WEST BENGAL,3213,BANKURA,0,0,0,0,0,0,190,28590,0,0,429014,0,122501,1055.35356,1055.35356,0,0,428788,1038491,0,686013,1538211,28590,0,0,54,100,0,0,NA
2024-2025,March,32,WEST BENGAL,3216,24 PARGANAS SOUTH,0,0,0,0,0,0,310,166610,0,0,255670,0,9543,1347.72181,1347.72181,0,0,767592,1377411,0,1402169,2357140,166610,0,0,63,99.02,0,0,NA
2024-2025,March,32,WEST BENGAL,3225,PURBA BARDHAMAN,0,0,0,0,0,3,215,24891,0,0,504717,0,98185,0,0,0,0,669971,1377991,0,914311,1821391,24894,0,0,7,9.13,0,0,NA
2024-2025,Dec,32,WEST BENGAL,3210,PASCHIM MEDINIPUR,0,0,0,0,0,0,211,71632,0,0,276098,0,138447,921.2617,921.2617,0,0,589503,1253536,0,888406,1773372,71632,0,0,39,26.91,13.55,0,NA
2024-2025,Dec,32,WEST BENGAL,3211,PURBA MEDINIPUR,0,0,0,0,0,207,223,76240,0,0,94249,0,3074,938.58968,938.58968,0,0,386183,871147,0,918234,1960247,76447,0,0,61,0,0,0,NA
2024-2025,Dec,32,WEST BENGAL,3225,PURBA BARDHAMAN,0,0,0,0,0,3,215,24891,0,0,504699,0,98180,0,0,0,0,669971,1377926,0,914303,1821298,24894,0,0,7,9.13,0,0,NA
2024-2025,Dec,32,WEST BENGAL,3216,24 PARGANAS SOUTH,0,0,0,0,0,0,310,166625,0,0,255762,0,9543,995.29121,995.29121,0,0,767860,1378553,0,1403355,2360525,166625,0,0,63,47.47,0,0,NA
2024-2025,Dec,32,WEST BENGAL,3222,JHARGRAM,0,0,0,0,0,0,79,18778,0,0,64097,0,91412,0,0,0,0,143160,309790,0,231015,470492,18778,0,0,29,0,0,0,NA
2024-2025,Dec,32,WEST BENGAL,3201,NADIA,0,0,0,0,0,0,185,22419,0,0,121059,0,13075,712.97747,712.97747,0,0,260685,553857,0,764480,1486273,22419,0,0,52,5.02,0,0,NA
2024-2025,Dec,32,WEST BENGAL,3215,24 PARGANAS (NORTH),0,0,0,0,0,0,199,33730,0,0,173404,0,29397,718.16798,718.16798,0,0,313170,581723,0,873397,1521134,33730,0,0,35,0,0,0,NA
2024-2025,Dec,32,WEST BENGAL,3207,JALPAIGURI,0,0,0,0,0,0,80,29988,0,0,236093,0,81889,351.7363,351.7363,0,0,300581,600246,0,404318,775979,29988,0,0,11,0,0,0,NA
2024-2025,Dec,32,WEST BENGAL,3211,PURBA MEDINIPUR,0,0,0,0,0,266,223,76234,0,0,94249,0,3074,938.58968,938.58968,0,0,386183,871147,0,918234,1960247,76500,0,0,61,0,0,0,NA
2024-2025,March,32,WEST BENGAL,3201,NADIA,0,0,0,0,0,0,185,22419,0,0,121061,0,13075,959.60035,959.60035,0,0,260685,553904,0,764487,1486363,22419,0,0,52,0,0,0,NA
2024-2025,March,32,WEST BENGAL,3205,HOWRAH,0,0,0,0,0,0,157,16594,0,0,54682,0,800,459.48107,459.48107,0,0,161738,261432,0,406510,578820,16594,0,0,12,0,0,0,NA
2024-2025,March,32,WEST BENGAL,3206,HOOGHLY,0,0,0,0,0,0,207,30872,0,0,518192,0,101732,1147.32622,1147.32622,0,0,669805,1271338,0,839730,1531104,30872,0,0,5,0,0,0,NA
2024-2025,March,32,WEST BENGAL,3213,BANKURA,0,0,0,0,0,0,190,28590,0,0,429013,0,122500,1055.35356,1055.35356,0,0,428788,1038489,0,686013,1538209,28590,0,0,54,100,0,0,NA
2024-2025,Dec,32,WEST BENGAL,3203,BIRBHUM,0,0,0,0,0,0,167,24977,0,0,336485,0,65420,668.02174,668.02174,0,0,444187,941013,0,677456,1357293,24977,0,0,9,0,0,0,NA
2024-2025,Dec,32,WEST BENGAL,3211,PURBA MEDINIPUR,0,0,0,0,0,306,223,76229,0,0,94249,0,3074,938.58968,938.58968,0,0,386183,871147,0,918234,1960247,76535,0,0,61,0,0,0,NA
2024-2025,Dec,32,WEST BENGAL,3216,24 PARGANAS SOUTH,0,0,0,0,0,0,310,166625,0,0,255762,0,9543,995.29121,995.29121,0,0,767860,1378555,0,1403391,2360564,166625,0,0,63,47.47,0,0,NA
2024-2025,Dec,32,WEST BENGAL,3215,24 PARGANAS (NORTH),0,0,0,0,0,0,199,33730,0,0,173404,0,29397,718.16798,718.16798,0,0,313170,581722,0,873397,1521132,33730,0,0,35,0,0,0,NA
2024-2025,Dec,32,WEST BENGAL,3216,24 PARGANAS SOUTH,0,0,0,0,0,0,310,166624,0,0,255762,0,9543,995.29121,995.29121,0,0,767860,1378555,0,1403391,2360564,166624,0,0,63,47.47,0,0,NA
2024-2025,Feb,32,WEST BENGAL,3208,COOCHBEHAR,0,0,0,0,0,0,128,73729,0,0,466265,0,5915,730.77149,730.77149,0,0,468290,910068,0,660924,1254403,73729,0,0,39,0,0,0,NA
2024-2025,Feb,32,WEST BENGAL,3205,HOWRAH,0,0,0,0,0,0,157,16594,0,0,54682,0,800,419.95861,419.95861,0,0,161738,261430,0,406475,578779,16594,0,0,12,0,0,0,NA
2024-2025,Feb,32,WEST BENGAL,3211,PURBA MEDINIPUR,0,0,0,0,0,2772,223,77892,0,0,94251,0,3074,1162.0444,1162.0444,0,0,386183,871156,0,918268,1960324,80664,0,0,60,0,0,0,NA
2024-2025,Feb,32,WEST BENGAL,3216,24 PARGANAS SOUTH,0,0,0,0,0,0,310,166615,0,0,255668,0,9543,1230.31847,1230.31847,0,0,767593,1377406,0,1402164,2357122,166615,0,0,63,96.76,0,0,NA
2024-2025,Jan,32,WEST BENGAL,3203,BIRBHUM,0,0,0,0,0,0,167,24977,0,0,336501,0,65421,746.70873,746.70873,0,0,444187,941044,0,677516,1357404,24977,0,0,9,0,0,0,NA
2024-2025,Jan,32,WEST BENGAL,3225,PURBA BARDHAMAN,0,0,0,0,0,3,215,24891,0,0,504702,0,98181,0,0,0,0,669971,1377942,0,914301,1821315,24894,0,0,7,9.13,0,0,NA
2024-2025,Jan,32,WEST BENGAL,3211,PURBA MEDINIPUR,0,0,0,0,0,1321,223,76173,0,0,94249,0,3074,1050.0829,1050.0829,0,0,386183,871147,0,918235,1960250,77494,0,0,61,0,0,0,NA
2024-2025,Jan,32,WEST BENGAL,3211,PURBA MEDINIPUR,0,0,0,0,0,1710,223,76135,0,0,94249,0,3074,1050.0829,1050.0829,0,0,386183,871147,0,918236,1960251,77845,0,0,61,0,0,0,NA
2024-2025,Jan,32,WEST BENGAL,3220,ALIPURDUAR,0,0,0,0,0,0,64,61730,0,0,146406,0,115848,0,0,0,0,272547,546687,0,326723,638827,61730,0,0,56,21.14,24.8,0,NA
2024-2025,Jan,32,WEST BENGAL,3225,PURBA BARDHAMAN,0,0,0,0,0,3,215,24891,0,0,504702,0,98181,0,0,0,0,669971,1377938,0,914301,1821310,24894,0,0,7,9.13,0,0,NA
2024-2025,Dec,32,WEST BENGAL,3201,NADIA,0,0,0,0,0,0,185,22419,0,0,121059,0,13075,712.97747,712.97747,0,0,260685,553860,0,764484,1486281,22419,0,0,52,5.02,0,0,NA
2024-2025,Dec,32,WEST BENGAL,3203,BIRBHUM,0,0,0,0,0,0,167,24977,0,0,336491,0,65420,746.70873,746.70873,0,0,444187,941022,0,677482,1357334,24977,0,0,9,0,0,0,NA
2024-2025,Dec,32,WEST BENGAL,3204,SILIGURI MAHAKUMA PARISAD,0,0,0,0,0,0,22,2282,0,0,43450,0,28962,114.60277,114.60277,0,0,50493,99717,0,116260,215975,2282,0,0,53,0,0,0,NA
2024-2025,Dec,32,WEST BENGAL,3208,COOCHBEHAR,0,0,0,0,0,0,128,73728,0,0,466253,0,5915,593.30655,593.30655,0,0,468297,910058,0,660854,1254240,73728,0,0,39,0,0,0,NA
2024-2025,Dec,32,WEST BENGAL,3209,MALDAH,0,0,0,0,0,0,146,39691,0,0,116008,0,37379,491.0802,491.0802,0,0,334524,570380,0,722764,1170451,39691,0,0,48,0,0,0,NA
2024-2025,Dec,32,WEST BENGAL,3211,PURBA MEDINIPUR,0,0,0,0,0,636,223,76203,0,0,94249,0,3074,938.58968,938.58968,0,0,386183,871147,0,918234,1960247,76839,0,0,61,0,0,0,NA
2024-2025,Dec,32,WEST BENGAL,3217,DINAJPUR DAKSHIN,0,0,0,0,0,0,64,13349,0,0,71275,0,42797,296.58763,296.58763,0,0,130822,262902,0,277900,521654,13349,0,0,35,0,0,0,NA
2024-2025,Dec,32,WEST BENGAL,3222,JHARGRAM,0,0,0,0,0,0,79,18778,0,0,64097,0,91412,0,0,0,0,143160,309790,0,231015,470493,18778,0,0,29,0,0,0,NA
2024-2025,Dec,32,WEST BENGAL,3204,SILIGURI MAHAKUMA PARISAD,0,0,0,0,0,0,22,2282,0,0,43450,0,28962,102.513,102.513,0,0,50493,99717,0,116260,215975,2282,0,0,53,0,0,0,NA
2024-2025,Dec,32,WEST BENGAL,3210,PASCHIM MEDINIPUR,0,0,0,0,0,0,211,71632,0,0,276098,0,138447,921.2617,921.2617,0,0,589503,1253536,0,888408,1773378,71632,0,0,39,26.91,13.55,0,NA
2024-2025,Dec,32,WEST BENGAL,3214,PURULIA,0,0,0,0,0,1,170,21223,0,0,105564,0,124199,581.80643,581.80643,0,0,251011,582717,0,524700,1130033,21224,0,0,63,0,0,0,NA
2024-2025,Dec,32,WEST BENGAL,3216,24 PARGANAS SOUTH,0,0,0,0,0,0,310,166624,0,0,255762,0,9543,995.29121,995.29121,0,0,767860,1378554,0,1403391,2360563,166624,0,0,63,47.47,0,0,NA
2024-2025,Jan,32,WEST BENGAL,3209,MALDAH,0,0,0,0,0,0,146,39691,0,0,116008,0,37379,607.28776,607.28776,0,0,334524,570380,0,722765,1170452,39691,0,0,48,0,0,0,NA
2024-2025,Jan,32,WEST BENGAL,3221,KALIMPONG,0,0,0,0,0,0,42,4113,0,0,5474,0,28225,45.31546,45.31546,0,0,53592,86549,0,55738,89423,4113,0,0,16,0,0,0,NA
2024-2025,Feb,32,WEST BENGAL,3208,COOCHBEHAR,0,0,0,0,0,0,128,73729,0,0,466253,0,5915,730.77149,730.77149,0,0,468290,910048,0,660894,1254316,73729,0,0,39,0,0,0,NA
2024-2025,Feb,32,WEST BENGAL,3214,PURULIA,0,0,0,0,0,1,170,21223,0,0,105094,0,124097,718.65273,718.65273,0,0,250832,581753,0,523907,1126851,21224,0,0,63,0,0,0,NA
2024-2025,Feb,32,WEST BENGAL,3225,PURBA BARDHAMAN,0,0,0,0,0,3,215,24891,0,0,504706,0,98181,0,0,0,0,669971,1377952,0,914303,1821329,24894,0,0,7,9.13,0,0,NA
2024-2025,Jan,32,WEST BENGAL,3204,SILIGURI MAHAKUMA PARISAD,0,0,0,0,0,0,22,2282,0,0,43450,0,28963,114.60277,114.60277,0,0,50493,99719,0,116262,215984,2282,0,0,53,0,0,0,NA
2024-2025,Jan,32,WEST BENGAL,3215,24 PARGANAS (NORTH),0,0,0,0,0,0,199,33730,0,0,173404,0,29397,803.25509,803.25509,0,0,313170,581724,0,873398,1521138,33730,0,0,35,0,0,0,NA
2024-2025,Jan,32,WEST BENGAL,3204,SILIGURI MAHAKUMA PARISAD,0,0,0,0,0,0,22,2282,0,0,43450,0,28962,114.60277,114.60277,0,0,50493,99717,0,116261,215977,2282,0,0,53,0,0,0,NA
2024-2025,Jan,32,WEST BENGAL,3211,PURBA MEDINIPUR,0,0,0,0,0,1862,223,76132,0,0,94249,0,3074,1050.0829,1050.0829,0,0,386183,871147,0,918236,1960251,77994,0,0,61,0,0,0,NA
2024-2025,Jan,32,WEST BENGAL,3212,MURSHIDABAD,0,0,0,0,0,0,250,88974,0,0,64990,0,7652,947.1264,947.1264,0,0,327900,595583,0,1232077,2083434,88974,0,0,82,0,0,0,NA
2024-2025,Jan,32,WEST BENGAL,3211,PURBA MEDINIPUR,0,0,0,0,0,2583,223,76085,0,0,94250,0,3074,1050.7579,1050.7579,0,0,386183,871151,0,918242,1960274,78668,0,0,61,0,0,0,NA
2024-2025,Jan,32,WEST BENGAL,3208,COOCHBEHAR,0,0,0,0,0,0,128,73729,0,0,466255,0,5915,662.30716,662.30716,0,0,468294,910051,0,660897,1254317,73729,0,0,39,0,0,0,NA
2024-2025,Jan,32,WEST BENGAL,3215,24 PARGANAS (NORTH),0,0,0,0,0,0,199,33730,0,0,173404,0,29397,803.25509,803.25509,0,0,313170,581726,0,873402,1521162,33730,0,0,35,0,0,0,NA
2024-2025,Jan,32,WEST BENGAL,3216,24 PARGANAS SOUTH,0,0,0,0,0,0,310,166623,0,0,255667,0,9543,1113.00164,1113.00164,0,0,767593,1377399,0,1402163,2357111,166623,0,0,63,96.76,0,0,NA
2024-2025,Jan,32,WEST BENGAL,3225,PURBA BARDHAMAN,0,0,0,0,0,3,215,24891,0,0,504706,0,98181,0,0,0,0,669971,1377951,0,914302,1821326,24894,0,0,7,9.13,0,0,NA
2024-2025,Jan,32,WEST BENGAL,3208,COOCHBEHAR,0,0,0,0,0,0,128,73729,0,0,466255,0,5915,662.30716,662.30716,0,0,468294,910051,0,660882,1254289,73729,0,0,39,0,0,0,NA
2024-2025,Jan,32,WEST BENGAL,3209,MALDAH,0,0,0,0,0,0,146,39691,0,0,116008,0,37379,549.26429,549.26429,0,0,334524,570380,0,722764,1170451,39691,0,0,48,0,0,0,NA
2024-2025,Jan,32,WEST BENGAL,3214,PURULIA,0,0,0,0,0,1,170,21223,0,0,105094,0,124097,650.22454,650.22454,0,0,250832,581753,0,523893,1126824,21224,0,0,63,0,0,0,NA
2024-2025,Jan,32,WEST BENGAL,3203,BIRBHUM,0,0,0,0,0,0,167,24977,0,0,336501,0,65421,746.70873,746.70873,0,0,444187,941046,0,677517,1357406,24977,0,0,9,0,0,0,NA
2024-2025,Jan,32,WEST BENGAL,3205,HOWRAH,0,0,0,0,0,0,157,16594,0,0,54681,0,800,380.26916,380.26916,0,0,161738,261427,0,406451,578741,16594,0,0,12,0,0,0,NA
2024-2025,April,32,WEST BENGAL,3216,24 PARGANAS SOUTH,0,0,0,0,0,0,310,191888,0,0,255822,0,9543,9.06,9.06,0,0,767945,1379428,0,1403495,2361920,191888,0,0,68,0,0,0,NA
2024-2025,April,32,WEST BENGAL,3225,PURBA BARDHAMAN,0,0,0,0,0,0,215,30168,0,0,504716,0,98174,0,0,0,0,669981,1377876,0,914285,1821158,30168,0,0,23,0,0,0,NA
2024-2025,April,32,WEST BENGAL,3203,BIRBHUM,0,0,0,0,0,0,167,26930,0,0,336424,0,65400,6,6,0,0,444190,940806,0,677395,1356875,26930,0,0,16,0,0,0,NA
2024-2025,April,32,WEST BENGAL,3216,24 PARGANAS SOUTH,0,0,0,0,0,0,310,191888,0,0,255822,0,9543,11.05269,11.05269,0,0,767945,1379428,0,1403495,2361921,191888,0,0,68,0,0,0,NA
2024-2025,April,32,WEST BENGAL,3219,Darjeeling Gorkha Hill Council (DGHC),0,0,0,0,0,0,70,10272,0,0,14319,0,63312,0,0,0,0,116127,192312,0,127896,208798,10272,0,0,18,0,0,0,NA
2024-2025,April,32,WEST BENGAL,3225,PURBA BARDHAMAN,0,0,0,0,0,0,215,30168,0,0,504716,0,98174,0,0,0,0,669981,1377879,0,914285,1821163,30168,0,0,23,0,0,0,NA
2024-2025,April,32,WEST BENGAL,3205,HOWRAH,0,0,0,0,0,0,157,18268,0,0,54658,0,799,1.57516,1.57516,0,0,161738,261290,0,404798,576700,18268,0,0,20,0,0,0,NA
2024-2025,April,32,WEST BENGAL,3208,COOCHBEHAR,0,0,0,0,0,0,128,73782,0,0,466272,0,5918,8.01,8.01,0,0,468290,910043,0,660592,1253777,73782,0,0,39,0,0,0,NA
2024-2025,April,32,WEST BENGAL,3206,HOOGHLY,0,0,0,0,0,0,207,32921,0,0,518147,0,101719,3.12,3.12,0,0,669811,1271185,0,839472,1530562,32921,0,0,10,0,0,0,NA
2024-2025,May,32,WEST BENGAL,3203,BIRBHUM,0,0,0,0,0,0,167,26930,0,0,336428,0,65400,86.16313,86.16313,0,0,444190,940814,0,677398,1356891,26930,0,0,16,0,0,0,NA
2024-2025,May,32,WEST BENGAL,3214,PURULIA,0,0,0,0,0,0,170,24060,0,0,105725,0,124769,69.10515,69.10515,0,0,251062,584078,0,524954,1132736,24060,0,0,67,0,0,0,NA
2024-2025,April,32,WEST BENGAL,3214,PURULIA,0,0,0,0,0,0,170,24060,0,0,105725,0,124769,0.54,0.54,0,0,251062,584077,0,524954,1132733,24060,0,0,67,0,0,0,NA
2024-2025,May,32,WEST BENGAL,3220,ALIPURDUAR,0,0,0,0,0,0,64,64330,0,0,146404,0,115839,0,0,0,0,272547,546673,0,326714,638797,64330,0,0,58,0,0,0,NA
2024-2025,June,32,WEST BENGAL,3203,BIRBHUM,0,0,0,0,0,0,167,26930,0,0,336429,0,65401,166.24766,166.24766,0,0,444190,940819,0,677399,1356905,26930,0,0,16,0,0,0,NA
2024-2025,June,32,WEST BENGAL,3203,BIRBHUM,0,0,0,0,0,0,167,26930,0,0,336429,0,65401,166.24766,166.24766,0,0,444189,940818,0,677275,1356776,26930,0,0,16,0,0,0,NA
2024-2025,June,32,WEST BENGAL,3207,JALPAIGURI,0,0,0,0,0,0,80,31776,0,0,236058,0,81868,85.1493,85.1493,0,0,300581,600167,0,404316,775827,31776,0,0,16,0,0,0,NA
2024-2025,June,32,WEST BENGAL,3211,PURBA MEDINIPUR,0,0,0,0,0,0,223,80949,0,0,94238,0,3074,226.1946,226.1946,0,0,386183,871074,0,918126,1959820,80949,0,0,63,0,0,0,NA
2024-2025,June,32,WEST BENGAL,3222,JHARGRAM,0,0,0,0,0,0,79,23787,0,0,64089,0,91430,0,0,0,0,143162,309792,0,231017,470492,23787,0,0,44,0,0,0,NA
2024-2025,May,32,WEST BENGAL,3222,JHARGRAM,0,0,0,0,0,0,79,23787,0,0,64089,0,91430,0,0,0,0,143162,309792,0,231017,470492,23787,0,0,44,0,0,0,NA
2024-2025,June,32,WEST BENGAL,3203,BIRBHUM,0,0,0,0,0,0,167,26930,0,0,336429,0,65401,166.24766,166.24766,0,0,444189,940818,0,677301,1356806,26930,0,0,16,0,0,0,NA
2024-2025,June,32,WEST BENGAL,3221,KALIMPONG,0,0,0,0,0,0,42,4520,0,0,5482,0,28237,11.90058,11.90058,0,0,53635,86604,0,55785,89481,4520,0,0,23,0,0,0,NA
2024-2025,June,32,WEST BENGAL,3225,PURBA BARDHAMAN,0,0,0,0,0,0,215,30168,0,0,504716,0,98174,0,0,0,0,669981,1377887,0,914285,1821176,30168,0,0,23,0,0,0,NA
2024-2025,Aug,32,WEST BENGAL,3202,PASCHIM BARDHAMAN,0,0,0,0,0,0,62,2608,0,0,78436,0,21982,130.28235,130.28235,0,0,69781,152667,0,140167,286662,2608,0,0,29,0,0,0,NA
2024-2025,Aug,32,WEST BENGAL,3214,PURULIA,0,0,0,0,0,0,170,24060,0,0,105729,0,124772,274.41808,274.41808,0,0,251062,584120,0,525052,1133042,24060,0,0,67,0,0,0,NA
2024-2025,Sep,32,WEST BENGAL,3203,BIRBHUM,0,0,0,0,0,0,167,26930,0,0,336447,0,65413,407.57325,407.57325,0,0,444187,940913,0,677331,1357026,26930,0,0,16,0,0,0,NA
2024-2025,Sep,32,WEST BENGAL,3205,HOWRAH,0,0,0,0,0,0,157,18268,0,0,54678,0,800,206.5233,206.5233,0,0,161738,261407,0,405992,578202,18268,0,0,20,0,0,0,NA
2024-2025,Sep,32,WEST BENGAL,3206,HOOGHLY,0,0,0,0,0,0,207,32921,0,0,518206,0,101729,511.90508,511.90508,0,0,669811,1271391,0,839704,1531109,32921,0,0,10,0,0,0,NA
2024-2025,Sep,32,WEST BENGAL,3213,BANKURA,0,0,0,0,0,0,190,29967,0,0,429033,0,122505,464.96009,464.96009,0,0,428793,1038520,0,686071,1538373,29967,0,0,56,0,0,0,NA
2024-2025,Sep,32,WEST BENGAL,3221,KALIMPONG,0,0,0,0,0,0,42,4520,0,0,5477,0,28225,19.8343,19.8343,0,0,53594,86552,0,55740,89426,4520,0,0,23,0,0,0,NA
2024-2025,Sep,32,WEST BENGAL,3204,SILIGURI MAHAKUMA PARISAD,0,0,0,0,0,0,22,2336,0,0,43515,0,29028,61.88369,61.88369,0,0,50505,99894,0,116312,216363,2336,0,0,54,0,0,0,NA
2024-2025,Sep,32,WEST BENGAL,3203,BIRBHUM,0,0,0,0,0,0,167,26930,0,0,336448,0,65413,407.57325,407.57325,0,0,444187,940915,0,677335,1357032,26930,0,0,16,0,0,0,NA
2024-2025,Sep,32,WEST BENGAL,3208,COOCHBEHAR,0,0,0,0,0,0,128,73782,0,0,466229,0,5915,364.38132,364.38132,0,0,468295,909993,0,660799,1254049,73782,0,0,39,0,0,0,NA
2024-2025,Sep,32,WEST BENGAL,3211,PURBA MEDINIPUR,0,0,0,0,0,7,223,80947,0,0,94244,0,3074,563.28182,563.28182,0,0,386183,871126,0,918143,1960035,80954,0,0,63,0,0,0,NA
2024-2025,Sep,32,WEST BENGAL,3208,COOCHBEHAR,0,0,0,0,0,0,128,73782,0,0,466228,0,5915,364.38132,364.38132,0,0,468295,909992,0,660797,1254047,73782,0,0,39,0,0,0,NA
2024-2025,Sep,32,WEST BENGAL,3210,PASCHIM MEDINIPUR,0,0,0,0,0,0,211,87860,0,0,276183,0,138488,554.49621,554.49621,0,0,589515,1253773,0,888478,1773825,87860,0,0,50,0,0,0,NA
2024-2025,Sep,32,WEST BENGAL,3225,PURBA BARDHAMAN,0,0,0,0,0,1,215,30168,0,0,504722,0,98175,0,0,0,0,669977,1377950,0,914292,1821296,30169,0,0,23,0,0,0,NA
2024-2025,Sep,32,WEST BENGAL,3202,PASCHIM BARDHAMAN,0,0,0,0,0,0,62,2608,0,0,78437,0,21982,162.42342,162.42342,0,0,69781,152668,0,140168,286667,2608,0,0,29,0,0,0,NA
2024-2025,Sep,32,WEST BENGAL,3204,SILIGURI MAHAKUMA PARISAD,0,0,0,0,0,0,22,2336,0,0,43515,0,29028,61.88369,61.88369,0,0,50505,99894,0,116315,216366,2336,0,0,54,0,0,0,NA
2024-2025,Sep,32,WEST BENGAL,3212,MURSHIDABAD,0,0,0,0,0,0,250,106885,0,0,64990,0,7652,526.5289,526.5289,0,0,327900,595578,0,1232020,2083311,106885,0,0,85,0,0,0,NA
2024-2025,Sep,32,WEST BENGAL,3201,NADIA,0,0,0,0,0,0,185,23808,0,0,121053,0,13075,436.28773,436.28773,0,0,260685,553844,0,764476,1486233,23808,0,0,55,0,0,0,NA
2024-2025,Sep,32,WEST BENGAL,3205,HOWRAH,0,0,0,0,0,0,157,18268,0,0,54678,0,800,206.5233,206.5233,0,0,161738,261412,0,406255,578499,18268,0,0,20,0,0,0,NA
2024-2025,Sep,32,WEST BENGAL,3208,COOCHBEHAR,0,0,0,0,0,0,128,73782,0,0,466233,0,5915,364.38132,364.38132,0,0,468295,910000,0,660801,1254060,73782,0,0,39,0,0,0,NA
2024-2025,Sep,32,WEST BENGAL,3214,PURULIA,0,0,0,0,0,0,170,24060,0,0,105730,0,124776,342.69811,342.69811,0,0,251062,584129,0,525066,1133094,24060,0,0,67,0,0,0,NA
2024-2025,Sep,32,WEST BENGAL,3216,24 PARGANAS SOUTH,0,0,0,0,0,0,310,191888,0,0,255825,0,9543,604.33213,604.33213,0,0,767936,1379453,0,1403575,2362119,191888,0,0,68,0,0,0,NA
2024-2025,Aug,32,WEST BENGAL,3201,NADIA,0,0,0,0,0,0,185,23808,0,0,121050,0,13075,352.50267,352.50267,0,0,260685,553839,0,764466,1486193,23808,0,0,55,0,0,0,NA
2024-2025,Aug,32,WEST BENGAL,3207,JALPAIGURI,0,0,0,0,0,0,80,31776,0,0,236075,0,81884,169.95036,169.95036,0,0,300581,600208,0,404317,775912,31776,0,0,16,0,0,0,NA
2024-2025,Aug,32,WEST BENGAL,3208,COOCHBEHAR,0,0,0,0,0,0,128,73782,0,0,466245,0,5920,295.11291,295.11291,0,0,468295,910024,0,660706,1253934,73782,0,0,39,0,0,0,NA
2024-2025,Aug,32,WEST BENGAL,3211,PURBA MEDINIPUR,0,0,0,0,0,7,223,80947,0,0,94244,0,3074,450.5742,450.5742,0,0,386183,871108,0,918137,1959979,80954,0,0,63,0,0,0,NA
2024-2025,Aug,32,WEST BENGAL,3201,NADIA,0,0,0,0,0,0,185,23808,0,0,121051,0,13075,352.50267,352.50267,0,0,260685,553841,0,764469,1486208,23808,0,0,55,0,0,0,NA
2024-2025,Aug,32,WEST BENGAL,3210,PASCHIM MEDINIPUR,0,0,0,0,0,0,211,87860,0,0,276201,0,138531,444.03165,444.03165,0,0,589516,1253870,0,888483,1773954,87860,0,0,50,0,0,0,NA
2024-2025,Aug,32,WEST BENGAL,3211,PURBA MEDINIPUR,0,0,0,0,0,7,223,80947,0,0,94244,0,3074,451.2492,451.2492,0,0,386183,871109,0,918141,1959994,80954,0,0,63,0,0,0,NA
2024-2025,Aug,32,WEST BENGAL,3217,DINAJPUR DAKSHIN,0,0,0,0,0,0,64,13890,0,0,71275,0,42797,129.56992,129.56992,0,0,130822,262902,0,277899,521652,13890,0,0,37,0,0,0,NA
2024-2025,July,32,WEST BENGAL,3215,24 PARGANAS (NORTH),0,0,0,0,0,0,199,85386,0,0,173394,0,29397,267.61744,267.61744,0,0,313170,581698,0,873379,1521001,85386,0,0,74,0,0,0,NA
2024-2025,July,32,WEST BENGAL,3218,DINAJPUR UTTAR,0,0,0,0,0,0,98,84348,0,0,95228,0,9389,117.80091,117.80091,0,0,187051,374805,0,509962,952310,84348,0,0,85,0,0,0,NA
2024-2025,Sep,32,WEST BENGAL,3220,ALIPURDUAR,0,0,0,0,0,0,64,64330,0,0,146406,0,115848,0,0,0,0,272547,546686,0,326721,638823,64330,0,0,58,41.11,0,0,NA
2024-2025,Sep,32,WEST BENGAL,3211,PURBA MEDINIPUR,0,0,0,0,0,7,223,80947,0,0,94249,0,3074,563.28182,563.28182,0,0,386183,871138,0,918178,1960109,80954,0,0,63,0,0,0,NA
2024-2025,Sep,32,WEST BENGAL,3214,PURULIA,0,0,0,0,0,0,170,24060,0,0,105731,0,124777,352.62191,352.62191,0,0,251062,584132,0,525071,1133110,24060,0,0,67,0,0,0,NA
2024-2025,Sep,32,WEST BENGAL,3205,HOWRAH,0,0,0,0,0,0,157,18268,0,0,54678,0,800,206.72514,206.72514,0,0,161738,261413,0,406290,578540,18268,0,0,20,0,0,0,NA
2024-2025,Sep,32,WEST BENGAL,3209,MALDAH,0,0,0,0,0,0,146,73561,0,0,116007,0,37378,302.89008,302.89008,0,0,334524,570376,0,722752,1170423,73561,0,0,72,0,0,0,NA
2024-2025,Aug,32,WEST BENGAL,3203,BIRBHUM,0,0,0,0,0,0,167,26930,0,0,336446,0,65410,327.79805,327.79805,0,0,444187,940908,0,677312,1356994,26930,0,0,16,0,0,0,NA
2024-2025,Aug,32,WEST BENGAL,3206,HOOGHLY,0,0,0,0,0,0,207,32921,0,0,518206,0,101729,409.13556,409.13556,0,0,669811,1271385,0,839698,1531094,32921,0,0,10,0,0,0,NA
2024-2025,Aug,32,WEST BENGAL,3207,JALPAIGURI,0,0,0,0,0,0,80,31776,0,0,236076,0,81886,171.22907,171.22907,0,0,300581,600216,0,404317,775924,31776,0,0,16,0,0,0,NA
2024-2025,Sep,32,WEST BENGAL,3205,HOWRAH,0,0,0,0,0,0,157,18268,0,0,54678,0,800,206.5233,206.5233,0,0,161738,261407,0,406082,578300,18268,0,0,20,0,0,0,NA
2024-2025,Sep,32,WEST BENGAL,3215,24 PARGANAS (NORTH),0,0,0,0,0,0,199,85386,0,0,173401,0,29397,438.98131,438.98131,0,0,313170,581718,0,873391,1521097,85386,0,0,74,0,0,0,NA
2024-2025,July,32,WEST BENGAL,3213,BANKURA,0,0,0,0,0,0,190,29967,0,0,429054,0,122514,281.31667,281.31667,0,0,428799,1038564,0,686133,1538481,29967,0,0,56,0,0,0,NA
2024-2025,July,32,WEST BENGAL,3214,PURULIA,0,0,0,0,0,0,170,24060,0,0,105729,0,124772,206.14113,206.14113,0,0,251062,584119,0,525046,1133021,24060,0,0,67,0,0,0,NA
2024-2025,Aug,32,WEST BENGAL,3208,COOCHBEHAR,0,0,0,0,0,0,128,73782,0,0,466228,0,5915,295.11291,295.11291,0,0,468295,909987,0,660790,1254026,73782,0,0,39,0,0,0,NA
2024-2025,Aug,32,WEST BENGAL,3209,MALDAH,0,0,0,0,0,0,146,73561,0,0,116007,0,37378,241.83716,241.83716,0,0,334524,570374,0,722701,1170344,73561,0,0,72,0,0,0,NA
2024-2025,Aug,32,WEST BENGAL,3212,MURSHIDABAD,0,0,0,0,0,0,250,106885,0,0,64990,0,7652,426.3237,426.3237,0,0,327900,595571,0,1232020,2083299,106885,0,0,85,0,0,0,NA
2024-2025,Aug,32,WEST BENGAL,3218,DINAJPUR UTTAR,0,0,0,0,0,0,98,84348,0,0,93585,0,9199,154.90788,154.90788,0,0,185988,367638,0,504645,934135,84348,0,0,85,0,0,0,NA
2024-2025,Aug,32,WEST BENGAL,3202,PASCHIM BARDHAMAN,0,0,0,0,0,0,62,2608,0,0,78436,0,21982,130.28235,130.28235,0,0,69781,152667,0,140168,286666,2608,0,0,29,0,0,0,NA
2024-2025,Aug,32,WEST BENGAL,3221,KALIMPONG,0,0,0,0,0,0,42,4520,0,0,5477,0,28225,19.8343,19.8343,0,0,53594,86554,0,55739,89427,4520,0,0,23,0,0,0,NA
2024-2025,Aug,32,WEST BENGAL,3203,BIRBHUM,0,0,0,0,0,0,167,26930,0,0,336446,0,65413,327.79805,327.79805,0,0,444187,940912,0,677328,1357020,26930,0,0,16,0,0,0,NA
2024-2025,Aug,32,WEST BENGAL,3211,PURBA MEDINIPUR,0,0,0,0,0,7,223,80947,0,0,94244,0,3074,451.2492,451.2492,0,0,386183,871121,0,918142,1960019,80954,0,0,63,0,0,0,NA
2024-2025,Aug,32,WEST BENGAL,3212,MURSHIDABAD,0,0,0,0,0,0,250,106885,0,0,64995,0,7656,425.4237,425.4237,0,0,327922,595620,0,1232351,2083763,106885,0,0,85,0,0,0,NA
2024-2025,Aug,32,WEST BENGAL,3216,24 PARGANAS SOUTH,0,0,0,0,0,0,310,191888,0,0,255822,0,9543,485.83181,485.83181,0,0,767939,1379432,0,1403533,2361999,191888,0,0,68,0,0,0,NA
2024-2025,July,32,WEST BENGAL,3202,PASCHIM BARDHAMAN,0,0,0,0,0,0,62,2608,0,0,78436,0,21982,98.14128,98.14128,0,0,69781,152667,0,140159,286651,2608,0,0,29,0,0,0,NA
2024-2025,July,32,WEST BENGAL,3207,JALPAIGURI,0,0,0,0,0,0,80,31776,0,0,236075,0,81884,128.11554,128.11554,0,0,300581,600208,0,404317,775911,31776,0,0,16,0,0,0,NA
2024-2025,July,32,WEST BENGAL,3212,MURSHIDABAD,0,0,0,0,0,0,250,106885,0,0,64995,0,7656,325.68375,325.68375,0,0,327922,595618,0,1232343,2083726,106885,0,0,85,0,0,0,NA
2024-2025,July,32,WEST BENGAL,3218,DINAJPUR UTTAR,0,0,0,0,0,0,98,84348,0,0,95231,0,9390,117.80091,117.80091,0,0,187051,374811,0,509974,952357,84348,0,0,85,0,0,0,NA
2024-2025,July,32,WEST BENGAL,3222,JHARGRAM,0,0,0,0,0,0,79,23787,0,0,64091,0,91430,0,0,0,0,143161,309800,0,231016,470516,23787,0,0,44,0,0,0,NA
2024-2025,Aug,32,WEST BENGAL,3218,DINAJPUR UTTAR,0,0,0,0,0,0,98,84348,0,0,94171,0,9266,154.90788,154.90788,0,0,186246,369353,0,506225,939521,84348,0,0,85,0,0,0,NA
2024-2025,Sep,32,WEST BENGAL,3210,PASCHIM MEDINIPUR,0,0,0,0,0,0,211,87860,0,0,276132,0,138482,554.49621,554.49621,0,0,589513,1253673,0,888462,1773648,87860,0,0,50,0,0,0,NA
2024-2025,Sep,32,WEST BENGAL,3211,PURBA MEDINIPUR,0,0,0,0,0,7,223,80947,0,0,94248,0,3074,563.28182,563.28182,0,0,386183,871130,0,918147,1960049,80954,0,0,63,0,0,0,NA
2024-2025,Sep,32,WEST BENGAL,3213,BANKURA,0,0,0,0,0,0,190,29967,0,0,429021,0,122501,465.46884,465.46884,0,0,428788,1038488,0,686011,1538204,29967,0,0,56,0,0,0,NA
2024-2025,Sep,32,WEST BENGAL,3214,PURULIA,0,0,0,0,0,0,170,24060,0,0,105730,0,124776,342.69811,342.69811,0,0,251062,584129,0,525067,1133096,24060,0,0,67,0,0,0,NA
2024-2025,Sep,32,WEST BENGAL,3215,24 PARGANAS (NORTH),0,0,0,0,0,0,199,85386,0,0,173403,0,29397,438.98131,438.98131,0,0,313170,581720,0,873395,1521109,85386,0,0,74,0,0,0,NA
2024-2025,Sep,32,WEST BENGAL,3216,24 PARGANAS SOUTH,0,0,0,0,0,0,310,191888,0,0,255825,0,9543,604.33213,604.33213,0,0,767936,1379453,0,1403580,2362129,191888,0,0,68,0,0,0,NA
2024-2025,Aug,32,WEST BENGAL,3206,HOOGHLY,0,0,0,0,0,0,207,32921,0,0,518205,0,101729,409.13556,409.13556,0,0,669811,1271376,0,839678,1531059,32921,0,0,10,0,0,0,NA
2024-2025,Aug,32,WEST BENGAL,3213,BANKURA,0,0,0,0,0,0,190,29967,0,0,429050,0,122514,373.13838,373.13838,0,0,428798,1038570,0,686127,1538494,29967,0,0,56,0,0,0,NA
2024-2025,Aug,32,WEST BENGAL,3225,PURBA BARDHAMAN,0,0,0,0,0,1,215,30168,0,0,504721,0,98175,0,0,0,0,669977,1377945,0,914292,1821291,30169,0,0,23,0,0,0,NA
2024-2025,Aug,32,WEST BENGAL,3211,PURBA MEDINIPUR,0,0,0,0,0,7,223,80947,0,0,94244,0,3074,451.2492,451.2492,0,0,386183,871111,0,918142,1960000,80954,0,0,63,0,0,0,NA
2024-2025,Sep,32,WEST BENGAL,3209,MALDAH,0,0,0,0,0,0,146,73561,0,0,116007,0,37378,298.82928,298.82928,0,0,334524,570376,0,722747,1170414,73561,0,0,72,0,0,0,NA
2024-2025,Sep,32,WEST BENGAL,3208,COOCHBEHAR,0,0,0,0,0,0,128,73782,0,0,466234,0,5915,364.38132,364.38132,0,0,468295,910003,0,660802,1254066,73782,0,0,39,0,0,0,NA
2024-2025,Sep,32,WEST BENGAL,3209,MALDAH,0,0,0,0,0,0,146,73561,0,0,116007,0,37378,296.3139,296.3139,0,0,334524,570376,0,722747,1170414,73561,0,0,72,0,0,0,NA
2024-2025,July,32,WEST BENGAL,3204,SILIGURI MAHAKUMA PARISAD,0,0,0,0,0,0,22,2336,0,0,43510,0,29024,37.00421,37.00421,0,0,50505,99881,0,116298,216306,2336,0,0,54,0,0,0,NA
2024-2025,July,32,WEST BENGAL,3212,MURSHIDABAD,0,0,0,0,0,0,250,106885,0,0,64997,0,7656,325.68375,325.68375,0,0,327925,595627,0,1232371,2083752,106885,0,0,85,0,0,0,NA
2024-2025,July,32,WEST BENGAL,3216,24 PARGANAS SOUTH,0,0,0,0,0,0,310,191888,0,0,255825,0,9543,367.1743,367.1743,0,0,767944,1379440,0,1403536,2362004,191888,0,0,68,0,0,0,NA
2024-2025,July,32,WEST BENGAL,3205,HOWRAH,0,0,0,0,0,0,157,18268,0,0,54658,0,799,125.87163,125.87163,0,0,161738,261292,0,404893,576804,18268,0,0,20,0,0,0,NA
2024-2025,July,32,WEST BENGAL,3211,PURBA MEDINIPUR,0,0,0,0,0,7,223,80947,0,0,94243,0,3074,338.3844,338.3844,0,0,386183,871102,0,918137,1959958,80954,0,0,63,0,0,0,NA
2024-2025,July,32,WEST BENGAL,3214,PURULIA,0,0,0,0,0,0,170,24060,0,0,105729,0,124772,206.14113,206.14113,0,0,251062,584109,0,525025,1132964,24060,0,0,67,0,0,0,NA
2024-2025,July,32,WEST BENGAL,3216,24 PARGANAS SOUTH,0,0,0,0,0,0,310,191888,0,0,255824,0,9543,367.1743,367.1743,0,0,767944,1379438,0,1403530,2361994,191888,0,0,68,0,0,0,NA
2024-2025,July,32,WEST BENGAL,3218,DINAJPUR UTTAR,0,0,0,0,0,0,98,84348,0,0,95227,0,9389,117.80091,117.80091,0,0,187051,374804,0,509959,952304,84348,0,0,85,0,0,0,NA
2024-2025,Aug,32,WEST BENGAL,3205,HOWRAH,0,0,0,0,0,0,157,18268,0,0,54659,0,799,165.74495,165.74495,0,0,161738,261293,0,404904,576822,18268,0,0,20,0,0,0,NA
2024-2025,Aug,32,WEST BENGAL,3206,HOOGHLY,0,0,0,0,0,0,207,32921,0,0,518200,0,101729,409.13556,409.13556,0,0,669811,1271362,0,839618,1530971,32921,0,0,10,0,0,0,NA
2024-2025,Aug,32,WEST BENGAL,3209,MALDAH,0,0,0,0,0,0,146,73561,0,0,116007,0,37378,183.63712,183.63712,0,0,334524,570373,0,722668,1170273,73561,0,0,72,0,0,0,NA
2024-2025,Aug,32,WEST BENGAL,3211,PURBA MEDINIPUR,0,0,0,0,0,7,223,80947,0,0,94244,0,3074,451.2492,451.2492,0,0,386183,871109,0,918137,1959985,80954,0,0,63,0,0,0,NA
2024-2025,Aug,32,WEST BENGAL,3216,24 PARGANAS SOUTH,0,0,0,0,0,0,310,191888,0,0,255823,0,9543,485.83181,485.83181,0,0,767938,1379437,0,1403544,2362025,191888,0,0,68,0,0,0,NA
2024-2025,July,32,WEST BENGAL,3207,JALPAIGURI,0,0,0,0,0,0,80,31776,0,0,236071,0,81878,128.11554,128.11554,0,0,300581,600195,0,404317,775885,31776,0,0,16,0,0,0,NA
2024-2025,July,32,WEST BENGAL,3208,COOCHBEHAR,0,0,0,0,0,0,128,73782,0,0,466272,0,5920,225.8445,225.8445,0,0,468295,910066,0,660660,1253921,73782,0,0,39,0,0,0,NA
2024-2025,July,32,WEST BENGAL,3214,PURULIA,0,0,0,0,0,0,170,24060,0,0,105728,0,124772,206.14113,206.14113,0,0,251062,584104,0,525002,1132912,24060,0,0,67,0,0,0,NA
2024-2025,July,32,WEST BENGAL,3222,JHARGRAM,0,0,0,0,0,0,79,23787,0,0,64090,0,91431,0,0,0,0,143162,309797,0,231017,470513,23787,0,0,44,0,0,0,NA
2024-2025,Sep,32,WEST BENGAL,3201,NADIA,0,0,0,0,0,0,185,23808,0,0,121053,0,13075,436.28773,436.28773,0,0,260685,553846,0,764476,1486236,23808,0,0,55,0,0,0,NA
2024-2025,Sep,32,WEST BENGAL,3206,HOOGHLY,0,0,0,0,0,0,207,32921,0,0,518213,0,101731,512.87183,512.87183,0,0,669811,1271421,0,839733,1531184,32921,0,0,10,0,0,0,NA
2024-2025,Sep,32,WEST BENGAL,3211,PURBA MEDINIPUR,0,0,0,0,0,7,223,80947,0,0,94249,0,3074,563.28182,563.28182,0,0,386183,871139,0,918181,1960114,80954,0,0,63,0,0,0,NA
2024-2025,Sep,32,WEST BENGAL,3213,BANKURA,0,0,0,0,0,0,190,29967,0,0,429018,0,122500,465.46884,465.46884,0,0,428788,1038489,0,686010,1538204,29967,0,0,56,100,0,0,NA
2024-2025,Sep,32,WEST BENGAL,3216,24 PARGANAS SOUTH,0,0,0,0,0,0,310,191888,0,0,255814,0,9543,604.33213,604.33213,0,0,767925,1379381,0,1403565,2362021,191888,0,0,68,0,0,0,NA
2024-2025,Sep,32,WEST BENGAL,3218,DINAJPUR UTTAR,0,0,0,0,0,0,98,84348,0,0,93586,0,9199,192.01485,192.01485,0,0,185988,367640,0,504680,934237,84348,0,0,85,0,0,0,NA
2024-2025,Aug,32,WEST BENGAL,3201,NADIA,0,0,0,0,0,0,185,23808,0,0,121051,0,13075,352.50267,352.50267,0,0,260685,553840,0,764469,1486206,23808,0,0,55,0,0,0,NA
2024-2025,Aug,32,WEST BENGAL,3203,BIRBHUM,0,0,0,0,0,0,167,26930,0,0,336455,0,65410,327.79805,327.79805,0,0,444189,940915,0,677430,1357114,26930,0,0,16,0,0,0,NA
2024-2025,Aug,32,WEST BENGAL,3212,MURSHIDABAD,0,0,0,0,0,0,250,106885,0,0,64995,0,7656,425.4237,425.4237,0,0,327921,595621,0,1232322,2083751,106885,0,0,85,0,0,0,NA
2024-2025,Aug,32,WEST BENGAL,3216,24 PARGANAS SOUTH,0,0,0,0,0,0,310,191888,0,0,255824,0,9543,485.83181,485.83181,0,0,767938,1379438,0,1403545,2362032,191888,0,0,68,0,0,0,NA
2024-2025,Aug,32,WEST BENGAL,3219,Darjeeling Gorkha Hill Council (DGHC),0,0,0,0,0,0,70,10272,0,0,14319,0,63312,0,0,0,0,116126,192312,0,127895,208798,10272,0,0,18,0,0,0,NA
2024-2025,Aug,32,WEST BENGAL,3222,JHARGRAM,0,0,0,0,0,0,79,23787,0,0,64092,0,91431,0,0,0,0,143161,309804,0,231016,470523,23787,0,0,44,0,0,0,NA
2024-2025,Aug,32,WEST BENGAL,3203,BIRBHUM,0,0,0,0,0,0,167,26930,0,0,336456,0,65410,327.79805,327.79805,0,0,444189,940918,0,677436,1357129,26930,0,0,16,0,0,0,NA
2024-2025,Aug,32,WEST BENGAL,3211,PURBA MEDINIPUR,0,0,0,0,0,7,223,80947,0,0,94244,0,3074,451.2492,451.2492,0,0,386183,871110,0,918141,1959995,80954,0,0,63,0,0,0,NA
2024-2025,Aug,32,WEST BENGAL,3216,24 PARGANAS SOUTH,0,0,0,0,0,0,310,191888,0,0,255824,0,9543,485.83181,485.83181,0,0,767937,1379440,0,1403546,2362043,191888,0,0,68,0,0,0,NA
2024-2025,Aug,32,WEST BENGAL,3220,ALIPURDUAR,0,0,0,0,0,0,64,64330,0,0,146406,0,115848,0,0,0,0,272547,546686,0,326719,638821,64330,0,0,58,0,0,0,NA
2024-2025,Aug,32,WEST BENGAL,3203,BIRBHUM,0,0,0,0,0,0,167,26930,0,0,336455,0,65410,327.79805,327.79805,0,0,444189,940913,0,677430,1357111,26930,0,0,16,0,0,0,NA
2024-2025,Aug,32,WEST BENGAL,3205,HOWRAH,0,0,0,0,0,0,157,18268,0,0,54659,0,799,165.74495,165.74495,0,0,161738,261297,0,404981,576916,18268,0,0,20,0,0,0,NA
2024-2025,Aug,32,WEST BENGAL,3212,MURSHIDABAD,0,0,0,0,0,0,250,106885,0,0,64995,0,7656,425.4237,425.4237,0,0,327921,595620,0,1232321,2083739,106885,0,0,85,0,0,0,NA
2024-2025,Aug,32,WEST BENGAL,3215,24 PARGANAS (NORTH),0,0,0,0,0,0,199,85386,0,0,173396,0,29397,353.23019,353.23019,0,0,313170,581703,0,873386,1521043,85386,0,0,74,0,0,0,NA
2024-2025,Aug,32,WEST BENGAL,3225,PURBA BARDHAMAN,0,0,0,0,0,1,215,30168,0,0,504726,0,98176,0,0,0,0,669981,1377952,0,914300,1821299,30169,0,0,23,0,0,0,NA
2024-2025,June,32,WEST BENGAL,3208,COOCHBEHAR,0,0,0,0,0,0,128,73782,0,0,466274,0,5918,150.3554,150.3554,0,0,468290,910050,0,660601,1253803,73782,0,0,39,0,0,0,NA
2024-2025,June,32,WEST BENGAL,3215,24 PARGANAS (NORTH),0,0,0,0,0,0,199,85386,0,0,173393,0,29397,181.82002,181.82002,0,0,313170,581682,0,873368,1520935,85386,0,0,74,0,0,0,NA
2024-2025,June,32,WEST BENGAL,3225,PURBA BARDHAMAN,0,0,0,0,0,0,215,30168,0,0,504716,0,98174,0,0,0,0,669981,1377896,0,914286,1821187,30168,0,0,23,0,0,0,NA
2024-2025,June,32,WEST BENGAL,3210,PASCHIM MEDINIPUR,0,0,0,0,0,0,211,87860,0,0,276199,0,138531,223.10253,223.10253,0,0,589516,1253841,0,888473,1773898,87860,0,0,50,0,0,0,NA
2024-2025,June,32,WEST BENGAL,3209,MALDAH,0,0,0,0,0,0,146,73561,0,0,116007,0,37378,125.03208,125.03208,0,0,334524,570373,0,722613,1170183,73561,0,0,72,0,0,0,NA
2024-2025,Aug,32,WEST BENGAL,3201,NADIA,0,0,0,0,0,0,185,23808,0,0,121051,0,13075,352.50267,352.50267,0,0,260685,553841,0,764473,1486220,23808,0,0,55,0,0,0,NA
2024-2025,Aug,32,WEST BENGAL,3208,COOCHBEHAR,0,0,0,0,0,0,128,73782,0,0,466228,0,5915,364.38132,364.38132,0,0,468295,909990,0,660795,1254039,73782,0,0,39,0,0,0,NA
2024-2025,Aug,32,WEST BENGAL,3213,BANKURA,0,0,0,0,0,0,190,29967,0,0,429037,0,122506,464.96009,464.96009,0,0,428794,1038530,0,686077,1538390,29967,0,0,56,0,0,0,NA
2024-2025,Aug,32,WEST BENGAL,3214,PURULIA,0,0,0,0,0,0,170,24060,0,0,105730,0,124776,342.69811,342.69811,0,0,251062,584128,0,525064,1133085,24060,0,0,67,0,0,0,NA
2024-2025,Aug,32,WEST BENGAL,3215,24 PARGANAS (NORTH),0,0,0,0,0,0,199,85386,0,0,173401,0,29397,438.98131,438.98131,0,0,313170,581716,0,873391,1521087,85386,0,0,74,0,0,0,NA
2024-2025,Sep,32,WEST BENGAL,3205,HOWRAH,0,0,0,0,0,0,157,18268,0,0,54678,0,800,206.5233,206.5233,0,0,161738,261407,0,405937,578146,18268,0,0,20,0,0,0,NA
2024-2025,Sep,32,WEST BENGAL,3207,JALPAIGURI,0,0,0,0,0,0,80,31776,0,0,236076,0,81886,213.06389,213.06389,0,0,300581,600216,0,404317,775924,31776,0,0,16,0,0,0,NA
2024-2025,Sep,32,WEST BENGAL,3208,COOCHBEHAR,0,0,0,0,0,0,128,73782,0,0,466228,0,5915,364.38132,364.38132,0,0,468295,909990,0,660795,1254039,73782,0,0,39,0,0,0,NA
2024-2025,Sep,32,WEST BENGAL,3210,PASCHIM MEDINIPUR,0,0,0,0,0,0,211,87860,0,0,276183,0,138492,554.49621,554.49621,0,0,589515,1253781,0,888478,1773834,87860,0,0,50,0,0,0,NA
2024-2025,Sep,32,WEST BENGAL,3218,DINAJPUR UTTAR,0,0,0,0,0,0,98,84348,0,0,93586,0,9199,192.01485,192.01485,0,0,185988,367639,0,504660,934178,84348,0,0,85,0,0,0,NA
2024-2025,May,32,WEST BENGAL,3203,BIRBHUM,0,0,0,0,0,0,167,26930,0,0,336429,0,65401,86.16313,86.16313,0,0,444190,940817,0,677398,1356899,26930,0,0,16,0,0,0,NA
2024-2025,July,32,WEST BENGAL,3205,HOWRAH,0,0,0,0,0,0,157,18268,0,0,54658,0,799,125.87163,125.87163,0,0,161738,261292,0,404891,576799,18268,0,0,20,0,0,0,NA
2024-2025,July,32,WEST BENGAL,3211,PURBA MEDINIPUR,0,0,0,0,0,7,223,80947,0,0,94243,0,3074,338.3844,338.3844,0,0,386183,871100,0,918136,1959954,80954,0,0,63,0,0,0,NA
2024-2025,July,32,WEST BENGAL,3210,PASCHIM MEDINIPUR,0,0,0,0,0,0,211,87860,0,0,276199,0,138531,333.56709,333.56709,0,0,589516,1253857,0,888477,1773925,87860,0,0,50,0,0,0,NA
2024-2025,July,32,WEST BENGAL,3214,PURULIA,0,0,0,0,0,0,170,24060,0,0,105728,0,124772,206.14113,206.14113,0,0,251062,584103,0,524988,1132880,24060,0,0,67,0,0,0,NA
2024-2025,July,32,WEST BENGAL,3215,24 PARGANAS (NORTH),0,0,0,0,0,0,199,85386,0,0,173393,0,29397,267.61744,267.61744,0,0,313170,581693,0,873378,1520980,85386,0,0,74,0,0,0,NA
2024-2025,July,32,WEST BENGAL,3210,PASCHIM MEDINIPUR,0,0,0,0,0,0,211,87860,0,0,276199,0,138531,333.56709,333.56709,0,0,589516,1253857,0,888477,1773926,87860,0,0,50,0,0,0,NA
2024-2025,July,32,WEST BENGAL,3211,PURBA MEDINIPUR,0,0,0,0,0,7,223,80947,0,0,94243,0,3074,338.3844,338.3844,0,0,386183,871098,0,918135,1959945,80954,0,0,63,0,0,0,NA
2024-2025,July,32,WEST BENGAL,3216,24 PARGANAS SOUTH,0,0,0,0,0,0,310,191888,0,0,255824,0,9543,367.1743,367.1743,0,0,767944,1379438,0,1403524,2361980,191888,0,0,68,0,0,0,NA
2024-2025,June,32,WEST BENGAL,3204,SILIGURI MAHAKUMA PARISAD,0,0,0,0,0,0,22,2336,0,0,43505,0,29024,24.70947,24.70947,0,0,50505,99875,0,116298,216294,2336,0,0,54,0,0,0,NA
2024-2025,June,32,WEST BENGAL,3210,PASCHIM MEDINIPUR,0,0,0,0,0,0,211,87860,0,0,276199,0,138531,223.10253,223.10253,0,0,589516,1253844,0,888474,1773904,87860,0,0,50,0,0,0,NA
2024-2025,June,32,WEST BENGAL,3216,24 PARGANAS SOUTH,0,0,0,0,0,0,310,191888,0,0,255822,0,9543,248.51679,248.51679,0,0,767945,1379430,0,1403504,2361936,191888,0,0,68,0,0,0,NA
2024-2025,June,32,WEST BENGAL,3225,PURBA BARDHAMAN,0,0,0,0,0,0,215,30168,0,0,504717,0,98174,0,0,0,0,669981,1377900,0,914286,1821195,30168,0,0,23,0,0,0,NA
2024-2025,July,32,WEST BENGAL,3206,HOOGHLY,0,0,0,0,0,0,207,32921,0,0,518150,0,101719,307.8739,307.8739,0,0,669811,1271194,0,839485,1530588,32921,0,0,10,0,0,0,NA
2024-2025,July,32,WEST BENGAL,3210,PASCHIM MEDINIPUR,0,0,0,0,0,0,211,87860,0,0,276199,0,138531,333.56709,333.56709,0,0,589516,1253845,0,888476,1773909,87860,0,0,50,0,0,0,NA
2024-2025,July,32,WEST BENGAL,3216,24 PARGANAS SOUTH,0,0,0,0,0,0,310,191888,0,0,255822,0,9543,367.1743,367.1743,0,0,767945,1379432,0,1403511,2361954,191888,0,0,68,0,0,0,NA
2024-2025,Sep,32,WEST BENGAL,3207,JALPAIGURI,0,0,0,0,0,0,80,31776,0,0,236076,0,81887,213.06389,213.06389,0,0,300581,600219,0,404317,775931,31776,0,0,16,0,0,0,NA
2024-2025,Sep,32,WEST BENGAL,3214,PURULIA,0,0,0,0,0,0,170,24060,0,0,105730,0,124776,342.69811,342.69811,0,0,251062,584129,0,525065,1133091,24060,0,0,67,0,0,0,NA
2024-2025,Sep,32,WEST BENGAL,3225,PURBA BARDHAMAN,0,0,0,0,0,1,215,30168,0,0,504722,0,98175,0,0,0,0,669977,1377951,0,914293,1821298,30169,0,0,23,0,0,0,NA
2024-2025,Aug,32,WEST BENGAL,3201,NADIA,0,0,0,0,0,0,185,23808,0,0,121051,0,13075,352.50267,352.50267,0,0,260685,553841,0,764470,1486213,23808,0,0,55,0,0,0,NA
2024-2025,Aug,32,WEST BENGAL,3212,MURSHIDABAD,0,0,0,0,0,0,250,106885,0,0,64991,0,7653,425.4237,425.4237,0,0,327900,595576,0,1232031,2083323,106885,0,0,85,0,0,0,NA
2024-2025,Aug,32,WEST BENGAL,3213,BANKURA,0,0,0,0,0,0,190,29967,0,0,429049,0,122514,373.13838,373.13838,0,0,428798,1038569,0,686127,1538492,29967,0,0,56,0,0,0,NA
2024-2025,Aug,32,WEST BENGAL,3215,24 PARGANAS (NORTH),0,0,0,0,0,0,199,85386,0,0,173397,0,29397,353.23019,353.23019,0,0,313170,581706,0,873388,1521057,85386,0,0,74,0,0,0,NA
2024-2025,Sep,32,WEST BENGAL,3206,HOOGHLY,0,0,0,0,0,0,207,32921,0,0,518212,0,101731,512.87183,512.87183,0,0,669811,1271420,0,839732,1531182,32921,0,0,10,0,0,0,NA
2024-2025,Sep,32,WEST BENGAL,3225,PURBA BARDHAMAN,0,0,0,0,0,2,215,30167,0,0,504724,0,98175,0,0,0,0,669977,1377971,0,914300,1821327,30169,0,0,23,0,0,0,NA
2024-2025,Sep,32,WEST BENGAL,3201,NADIA,0,0,0,0,0,0,185,23808,0,0,121053,0,13075,436.28773,436.28773,0,0,260685,553846,0,764477,1486239,23808,0,0,55,0,0,0,NA
2024-2025,Sep,32,WEST BENGAL,3212,MURSHIDABAD,0,0,0,0,0,0,250,106885,0,0,64990,0,7652,529.15657,529.15657,0,0,327900,595578,0,1232041,2083340,106885,0,0,85,0,0,0,NA
2024-2025,Sep,32,WEST BENGAL,3217,DINAJPUR DAKSHIN,0,0,0,0,0,0,64,13890,0,0,71275,0,42797,161.3487,161.3487,0,0,130822,262902,0,277900,521654,13890,0,0,37,0,0,0,NA
2024-2025,July,32,WEST BENGAL,3215,24 PARGANAS (NORTH),0,0,0,0,0,0,199,85386,0,0,173393,0,29397,267.61744,267.61744,0,0,313170,581691,0,873377,1520975,85386,0,0,74,0,0,0,NA
2024-2025,July,32,WEST BENGAL,3203,BIRBHUM,0,0,0,0,0,0,167,26930,0,0,336434,0,65408,246.02285,246.02285,0,0,444189,940858,0,677298,1356867,26930,0,0,16,0,0,0,NA
2024-2025,July,32,WEST BENGAL,3213,BANKURA,0,0,0,0,0,0,190,29967,0,0,429066,0,122518,280.54912,280.54912,0,0,428805,1038595,0,686187,1538558,29967,0,0,56,0,0,0,NA
2024-2025,July,32,WEST BENGAL,3201,NADIA,0,0,0,0,0,0,185,23808,0,0,121045,0,13075,268.44379,268.44379,0,0,260685,553811,0,764455,1486082,23808,0,0,55,0,0,0,NA
2024-2025,July,32,WEST BENGAL,3215,24 PARGANAS (NORTH),0,0,0,0,0,0,199,85386,0,0,173393,0,29397,267.61744,267.61744,0,0,313170,581690,0,873375,1520971,85386,0,0,74,0,0,0,NA
2024-2025,July,32,WEST BENGAL,3218,DINAJPUR UTTAR,0,0,0,0,0,0,98,84348,0,0,95214,0,9388,117.80091,117.80091,0,0,187051,374786,0,509622,951915,84348,0,0,85,0,0,0,NA
2024-2025,July,32,WEST BENGAL,3201,NADIA,0,0,0,0,0,0,185,23808,0,0,121046,0,13075,268.44379,268.44379,0,0,260685,553818,0,764459,1486114,23808,0,0,55,0,0,0,NA
2024-2025,June,32,WEST BENGAL,3201,NADIA,0,0,0,0,0,0,185,23808,0,0,121043,0,13075,184.32998,184.32998,0,0,260685,553793,0,764455,1486044,23808,0,0,55,0,0,0,NA
2024-2025,June,32,WEST BENGAL,3207,JALPAIGURI,0,0,0,0,0,0,80,31776,0,0,236062,0,81877,85.99089,85.99089,0,0,300581,600182,0,404316,775854,31776,0,0,16,0,0,0,NA
2024-2025,June,32,WEST BENGAL,3213,BANKURA,0,0,0,0,0,0,190,29967,0,0,429067,0,122515,188.72741,188.72741,0,0,428809,1038577,0,686217,1538538,29967,0,0,56,0,0,0,NA
2024-2025,June,32,WEST BENGAL,3203,BIRBHUM,0,0,0,0,0,0,167,26930,0,0,336430,0,65402,166.24766,166.24766,0,0,444189,940832,0,677284,1356807,26930,0,0,16,0,0,0,NA
2024-2025,June,32,WEST BENGAL,3214,PURULIA,0,0,0,0,0,0,170,24060,0,0,105726,0,124770,137.6703,137.6703,0,0,251062,584084,0,524959,1132756,24060,0,0,67,0,0,0,NA
2024-2025,June,32,WEST BENGAL,3216,24 PARGANAS SOUTH,0,0,0,0,0,0,310,191888,0,0,255822,0,9543,248.51679,248.51679,0,0,767945,1379432,0,1403506,2361947,191888,0,0,68,0,0,0,NA
2024-2025,June,32,WEST BENGAL,3202,PASCHIM BARDHAMAN,0,0,0,0,0,0,62,2608,0,0,78434,0,21981,65.70752,65.70752,0,0,69781,152662,0,140106,286586,2608,0,0,29,0,0,0,NA
2024-2025,June,32,WEST BENGAL,3203,BIRBHUM,0,0,0,0,0,0,167,26930,0,0,336433,0,65406,166.24766,166.24766,0,0,444189,940846,0,677291,1356837,26930,0,0,16,0,0,0,NA
2024-2025,June,32,WEST BENGAL,3204,SILIGURI MAHAKUMA PARISAD,0,0,0,0,0,0,22,2336,0,0,43509,0,29024,24.70947,24.70947,0,0,50505,99879,0,116298,216300,2336,0,0,54,0,0,0,NA
2024-2025,June,32,WEST BENGAL,3205,HOWRAH,0,0,0,0,0,0,157,18268,0,0,54658,0,799,84.65002,84.65002,0,0,161738,261290,0,404857,576760,18268,0,0,20,0,0,0,NA
2024-2025,June,32,WEST BENGAL,3210,PASCHIM MEDINIPUR,0,0,0,0,0,0,211,87860,0,0,276199,0,138531,223.10253,223.10253,0,0,589516,1253845,0,888476,1773909,87860,0,0,50,0,0,0,NA
2024-2025,June,32,WEST BENGAL,3213,BANKURA,0,0,0,0,0,0,190,29967,0,0,429064,0,122515,188.72741,188.72741,0,0,428805,1038576,0,686187,1538512,29967,0,0,56,0,0,0,NA
2024-2025,June,32,WEST BENGAL,3215,24 PARGANAS (NORTH),0,0,0,0,0,0,199,85386,0,0,173393,0,29397,181.82002,181.82002,0,0,313170,581688,0,873375,1520965,85386,0,0,74,0,0,0,NA
2024-2025,June,32,WEST BENGAL,3222,JHARGRAM,0,0,0,0,0,0,79,23787,0,0,64090,0,91431,0,0,0,0,143162,309794,0,231017,470502,23787,0,0,44,0,0,0,NA
2024-2025,June,32,WEST BENGAL,3213,BANKURA,0,0,0,0,0,0,190,29967,0,0,429068,0,122515,188.72741,188.72741,0,0,428809,1038579,0,686217,1538547,29967,0,0,56,0,0,0,NA
2024-2025,June,32,WEST BENGAL,3214,PURULIA,0,0,0,0,0,0,170,24060,0,0,105726,0,124770,137.6703,137.6703,0,0,251062,584084,0,524961,1132764,24060,0,0,67,0,0,0,NA
2024-2025,June,32,WEST BENGAL,3201,NADIA,0,0,0,0,0,0,185,23808,0,0,121043,0,13075,184.32998,184.32998,0,0,260685,553791,0,764454,1486037,23808,0,0,55,0,0,0,NA
2024-2025,June,32,WEST BENGAL,3212,MURSHIDABAD,0,0,0,0,0,0,250,106885,0,0,64996,0,7656,219.04229,219.04229,0,0,328032,595649,0,1232673,2083664,106885,0,0,85,0,0,0,NA
2024-2025,June,32,WEST BENGAL,3207,JALPAIGURI,0,0,0,0,0,0,80,31776,0,0,236059,0,81871,85.1493,85.1493,0,0,300581,600171,0,404316,775833,31776,0,0,16,0,0,0,NA
2024-2025,June,32,WEST BENGAL,3215,24 PARGANAS (NORTH),0,0,0,0,0,0,199,85386,0,0,173393,0,29397,181.82002,181.82002,0,0,313170,581682,0,873367,1520932,85386,0,0,74,0,0,0,NA
2024-2025,June,32,WEST BENGAL,3216,24 PARGANAS SOUTH,0,0,0,0,0,0,310,191888,0,0,255822,0,9543,248.51679,248.51679,0,0,767945,1379428,0,1403495,2361921,191888,0,0,68,0,0,0,NA
2024-2025,June,32,WEST BENGAL,3225,PURBA BARDHAMAN,0,0,0,0,0,0,215,30168,0,0,504716,0,98174,0,0,0,0,669981,1377893,0,914286,1821184,30168,0,0,23,0,0,0,NA
2024-2025,June,32,WEST BENGAL,3203,BIRBHUM,0,0,0,0,0,0,167,26930,0,0,336429,0,65401,166.24766,166.24766,0,0,444189,940819,0,677275,1356779,26930,0,0,16,0,0,0,NA
2024-2025,June,32,WEST BENGAL,3206,HOOGHLY,0,0,0,0,0,0,207,32921,0,0,518148,0,101719,206.79322,206.79322,0,0,669811,1271188,0,839472,1530566,32921,0,0,10,0,0,0,NA
2024-2025,June,32,WEST BENGAL,3225,PURBA BARDHAMAN,0,0,0,0,0,0,215,30168,0,0,504716,0,98174,0,0,0,0,669981,1377891,0,914286,1821182,30168,0,0,23,0,0,0,NA
2024-2025,May,32,WEST BENGAL,3209,MALDAH,0,0,0,0,0,0,146,73493,0,0,116007,0,37378,66.43104,66.43104,0,0,334524,570373,0,722610,1170178,73493,0,0,72,0,0,0,NA
2024-2025,July,32,WEST BENGAL,3206,HOOGHLY,0,0,0,0,0,0,207,32921,0,0,518164,0,101721,307.8739,307.8739,0,0,669811,1271241,0,839505,1530684,32921,0,0,10,0,0,0,NA
2024-2025,July,32,WEST BENGAL,3203,BIRBHUM,0,0,0,0,0,0,167,26930,0,0,336434,0,65408,246.02285,246.02285,0,0,444189,940852,0,677295,1356852,26930,0,0,16,0,0,0,NA
2024-2025,July,32,WEST BENGAL,3215,24 PARGANAS (NORTH),0,0,0,0,0,0,199,85386,0,0,173393,0,29397,267.61744,267.61744,0,0,313170,581689,0,873375,1520966,85386,0,0,74,0,0,0,NA
2024-2025,July,32,WEST BENGAL,3201,NADIA,0,0,0,0,0,0,185,23808,0,0,121045,0,13075,268.44379,268.44379,0,0,260685,553812,0,764455,1486084,23808,0,0,55,0,0,0,NA
2024-2025,July,32,WEST BENGAL,3203,BIRBHUM,0,0,0,0,0,0,167,26930,0,0,336435,0,65409,248.02285,248.02285,0,0,444189,940870,0,677301,1356891,26930,0,0,16,0,0,0,NA
2024-2025,July,32,WEST BENGAL,3219,Darjeeling Gorkha Hill Council (DGHC),0,0,0,0,0,0,70,10272,0,0,14319,0,63312,0,0,0,0,116127,192312,0,127896,208798,10272,0,0,18,0,0,0,NA
2024-2025,July,32,WEST BENGAL,3206,HOOGHLY,0,0,0,0,0,0,207,32921,0,0,518172,0,101722,307.8739,307.8739,0,0,669811,1271270,0,839520,1530736,32921,0,0,10,0,0,0,NA
2024-2025,July,32,WEST BENGAL,3208,COOCHBEHAR,0,0,0,0,0,0,128,73782,0,0,466266,0,5918,225.8445,225.8445,0,0,468295,910056,0,660644,1253871,73782,0,0,39,0,0,0,NA
2024-2025,July,32,WEST BENGAL,3211,PURBA MEDINIPUR,0,0,0,0,0,7,223,80947,0,0,94241,0,3074,338.3844,338.3844,0,0,386183,871092,0,918134,1959925,80954,0,0,63,0,0,0,NA
2024-2025,July,32,WEST BENGAL,3220,ALIPURDUAR,0,0,0,0,0,0,64,64330,0,0,146404,0,115843,0,0,0,0,272547,546679,0,326717,638809,64330,0,0,58,0,0,0,NA
2024-2025,July,32,WEST BENGAL,3203,BIRBHUM,0,0,0,0,0,0,167,26930,0,0,336437,0,65410,248.02285,248.02285,0,0,444189,940877,0,677337,1356952,26930,0,0,16,0,0,0,NA
2024-2025,July,32,WEST BENGAL,3204,SILIGURI MAHAKUMA PARISAD,0,0,0,0,0,0,22,2336,0,0,43509,0,29024,37.00421,37.00421,0,0,50505,99880,0,116298,216301,2336,0,0,54,0,0,0,NA
2024-2025,July,32,WEST BENGAL,3207,JALPAIGURI,0,0,0,0,0,0,80,31776,0,0,236070,0,81878,128.11554,128.11554,0,0,300581,600194,0,404316,775880,31776,0,0,16,0,0,0,NA
2024-2025,July,32,WEST BENGAL,3211,PURBA MEDINIPUR,0,0,0,0,0,7,223,80947,0,0,94241,0,3074,338.3844,338.3844,0,0,386183,871092,0,918134,1959927,80954,0,0,63,0,0,0,NA
2024-2025,July,32,WEST BENGAL,3214,PURULIA,0,0,0,0,0,0,170,24060,0,0,105727,0,124772,206.14113,206.14113,0,0,251062,584101,0,524974,1132844,24060,0,0,67,0,0,0,NA
2024-2025,July,32,WEST BENGAL,3216,24 PARGANAS SOUTH,0,0,0,0,0,0,310,191888,0,0,255824,0,9543,367.1743,367.1743,0,0,767945,1379437,0,1403519,2361970,191888,0,0,68,0,0,0,NA
2024-2025,July,32,WEST BENGAL,3206,HOOGHLY,0,0,0,0,0,0,207,32921,0,0,518179,0,101725,307.8739,307.8739,0,0,669811,1271304,0,839545,1530814,32921,0,0,10,0,0,0,NA
2024-2025,July,32,WEST BENGAL,3218,DINAJPUR UTTAR,0,0,0,0,0,0,98,84348,0,0,95219,0,9388,117.80091,117.80091,0,0,187051,374792,0,509899,952220,84348,0,0,85,0,0,0,NA
2024-2025,June,32,WEST BENGAL,3212,MURSHIDABAD,0,0,0,0,0,0,250,106885,0,0,64996,0,7656,219.04229,219.04229,0,0,328032,595651,0,1232690,2083686,106885,0,0,85,0,0,0,NA
2024-2025,May,32,WEST BENGAL,3202,PASCHIM BARDHAMAN,0,0,0,0,0,0,62,2608,0,0,78434,0,21981,33.27376,33.27376,0,0,69781,152662,0,140106,286585,2608,0,0,29,0,0,0,NA
2024-2025,May,32,WEST BENGAL,3217,DINAJPUR DAKSHIN,0,0,0,0,0,0,64,13890,0,0,71272,0,42797,34.05878,34.05878,0,0,130822,262897,0,277898,521641,13890,0,0,37,0,0,0,NA
2024-2025,May,32,WEST BENGAL,3218,DINAJPUR UTTAR,0,0,0,0,0,0,98,84348,0,0,95214,0,9388,43.58697,43.58697,0,0,187051,374783,0,509610,951878,84348,0,0,85,0,0,0,NA
2024-2025,March,32,WEST BENGAL,3203,BIRBHUM,0,0,0,0,0,0,167,24977,0,0,336506,0,65423,903.03583,903.03583,0,0,444187,941078,0,677543,1357478,24977,0,0,9,0,0,0,NA
2024-2025,March,32,WEST BENGAL,3208,COOCHBEHAR,0,0,0,0,0,0,128,73729,0,0,466274,0,5915,799.23582,799.23582,0,0,468290,910079,0,660946,1254466,73729,0,0,39,0,0,0,NA
2024-2025,March,32,WEST BENGAL,3216,24 PARGANAS SOUTH,0,0,0,0,0,0,310,166610,0,0,255670,0,9543,1347.72181,1347.72181,0,0,767592,1377411,0,1402166,2357133,166610,0,0,63,99.02,0,0,NA
2024-2025,March,32,WEST BENGAL,3209,MALDAH,0,0,0,0,0,0,146,39691,0,0,116008,0,37379,666.01361,666.01361,0,0,334524,570380,0,722770,1170464,39691,0,0,48,0,0,0,NA
2024-2025,Feb,32,WEST BENGAL,3214,PURULIA,0,0,0,0,0,1,170,21223,0,0,105097,0,124098,718.65273,718.65273,0,0,250832,581758,0,523961,1126942,21224,0,0,63,0,0,0,NA
2024-2025,Feb,32,WEST BENGAL,3215,24 PARGANAS (NORTH),0,0,0,0,0,0,199,33730,0,0,173408,0,29399,888.11497,888.11497,0,0,313170,581746,0,873410,1521233,33730,0,0,35,0,0,0,NA
2024-2025,Feb,32,WEST BENGAL,3216,24 PARGANAS SOUTH,0,0,0,0,0,0,310,166614,0,0,255668,0,9543,1230.31847,1230.31847,0,0,767593,1377407,0,1402164,2357123,166614,0,0,63,98.74,0,0,NA
2024-2025,Feb,32,WEST BENGAL,3217,DINAJPUR DAKSHIN,0,0,0,0,0,0,64,13349,0,0,71275,0,42797,327.87409,327.87409,0,0,130822,262902,0,277900,521654,13349,0,0,35,0,0,0,NA
2024-2025,Feb,32,WEST BENGAL,3219,Darjeeling Gorkha Hill Council (DGHC),0,0,0,0,0,0,70,9799,0,0,14319,0,63316,25.96915,25.96915,0,0,116126,192322,0,127895,208809,9799,0,0,14,0,0,0,NA
2024-2025,Feb,32,WEST BENGAL,3221,KALIMPONG,0,0,0,0,0,0,42,4113,0,0,5474,0,28225,47.40645,47.40645,0,0,53592,86549,0,55738,89423,4113,0,0,16,0,0,0,NA
2024-2025,Feb,32,WEST BENGAL,3222,JHARGRAM,0,0,0,0,0,0,79,18777,0,0,64099,0,91414,0,0,0,0,143160,309800,0,231016,470521,18777,0,0,29,0,0,0,NA
2024-2025,March,32,WEST BENGAL,3211,PURBA MEDINIPUR,0,0,0,0,0,2772,223,77892,0,0,94251,0,3074,1162.0444,1162.0444,0,0,386183,871157,0,918270,1960331,80664,0,0,60,0,0,0,NA
2024-2025,March,32,WEST BENGAL,3212,MURSHIDABAD,0,0,0,0,0,0,250,88969,0,0,64990,0,7652,1144.91722,1144.91722,0,0,327900,595594,0,1232098,2083501,88969,0,0,82,0,0,0,NA
2024-2025,March,32,WEST BENGAL,3225,PURBA BARDHAMAN,0,0,0,0,0,3,215,24891,0,0,504710,0,98182,0,0,0,0,669971,1377970,0,914308,1821359,24894,0,0,7,9.13,0,0,NA
2024-2025,Feb,32,WEST BENGAL,3214,PURULIA,0,0,0,0,0,1,170,21223,0,0,105097,0,124098,718.65273,718.65273,0,0,250832,581758,0,523961,1126941,21224,0,0,63,0,0,0,NA
2024-2025,Feb,32,WEST BENGAL,3225,PURBA BARDHAMAN,0,0,0,0,0,3,215,24891,0,0,504710,0,98182,0,0,0,0,669971,1377968,0,914305,1821354,24894,0,0,7,9.13,0,0,NA
2024-2025,March,32,WEST BENGAL,3208,COOCHBEHAR,0,0,0,0,0,0,128,73729,0,0,466271,0,5915,799.23582,799.23582,0,0,468290,910075,0,660934,1254436,73729,0,0,39,0,0,0,NA
2024-2025,March,32,WEST BENGAL,3225,PURBA BARDHAMAN,0,0,0,0,0,3,215,24891,0,0,504710,0,98184,0,0,0,0,669971,1377972,0,914308,1821361,24894,0,0,7,9.13,0,0,NA
2024-2025,March,32,WEST BENGAL,3202,PASCHIM BARDHAMAN,0,0,0,0,0,0,62,2054,0,0,78437,0,21986,398.63548,398.63548,0,0,69781,152674,0,140168,286678,2054,0,0,10,0,0,0,NA
2024-2025,March,32,WEST BENGAL,3206,HOOGHLY,0,0,0,0,0,0,207,30872,0,0,518195,0,101732,1253.62256,1253.62256,0,0,669805,1271346,0,839736,1531118,30872,0,0,5,0,0,0,NA
2024-2025,March,32,WEST BENGAL,3207,JALPAIGURI,0,0,0,0,0,0,80,29988,0,0,236095,0,81889,518.72141,518.72141,0,0,300581,600257,0,404321,776007,29988,0,0,11,0,0,0,NA
2024-2025,March,32,WEST BENGAL,3209,MALDAH,0,0,0,0,0,0,146,39689,0,0,116008,0,37379,733.80213,733.80213,0,0,334524,570381,0,722772,1170468,39689,0,0,48,0,0,0,NA
2024-2025,March,32,WEST BENGAL,3210,PASCHIM MEDINIPUR,0,0,0,0,0,0,211,71624,0,0,276103,0,138449,1365.18612,1365.18612,0,0,589503,1253557,0,888411,1773412,71624,0,0,39,26.91,13.55,0,NA
2024-2025,March,32,WEST BENGAL,3213,BANKURA,0,0,0,0,0,0,190,28590,0,0,429014,0,122501,1150.22567,1150.22567,0,0,428788,1038491,0,686013,1538214,28590,0,0,54,100,0,0,NA
2024-2025,March,32,WEST BENGAL,3220,ALIPURDUAR,0,0,0,0,0,0,64,61730,0,0,146407,0,115849,0,0,0,0,272547,546693,0,326724,638835,61730,0,0,56,21.14,24.8,0,NA
2024-2025,March,32,WEST BENGAL,3221,KALIMPONG,0,0,0,0,0,0,42,4113,0,0,5474,0,28225,53.4643,53.4643,0,0,53592,86549,0,55738,89423,4113,0,0,16,0,0,0,NA
2024-2025,March,32,WEST BENGAL,3211,PURBA MEDINIPUR,0,0,0,0,0,2772,223,77891,0,0,94251,0,3074,1273.3309,1273.3309,0,0,386183,871157,0,918271,1960336,80663,0,0,60,0,0,0,NA
2024-2025,March,32,WEST BENGAL,3216,24 PARGANAS SOUTH,0,0,0,0,0,0,310,166610,0,0,255670,0,9543,1347.72181,1347.72181,0,0,767592,1377411,0,1402170,2357142,166610,0,0,63,99.02,0,0,NA
2024-2025,March,32,WEST BENGAL,3218,DINAJPUR UTTAR,0,0,0,0,0,0,98,78462,0,0,93592,0,9199,421.37726,421.37726,0,0,185983,367643,0,504710,934351,78462,0,0,84,100,0,0,NA
2024-2025,Dec,32,WEST BENGAL,3204,SILIGURI MAHAKUMA PARISAD,0,0,0,0,0,0,22,2282,0,0,43475,0,28965,101.753,101.753,0,0,50498,99755,0,116270,216073,2282,0,0,53,0,0,0,NA
2024-2025,Dec,32,WEST BENGAL,3207,JALPAIGURI,0,0,0,0,0,0,80,29988,0,0,236093,0,81889,351.7363,351.7363,0,0,300581,600245,0,404318,775974,29988,0,0,11,0,0,0,NA
2024-2025,March,32,WEST BENGAL,3206,HOOGHLY,0,0,0,0,0,0,207,30872,0,0,518195,0,101732,1147.32622,1147.32622,0,0,669805,1271344,0,839735,1531115,30872,0,0,5,0,0,0,NA
2024-2025,March,32,WEST BENGAL,3208,COOCHBEHAR,0,0,0,0,0,0,128,73729,0,0,466274,0,5915,799.23582,799.23582,0,0,468290,910079,0,660946,1254467,73729,0,0,39,0,0,0,NA
2024-2025,March,32,WEST BENGAL,3208,COOCHBEHAR,0,0,0,0,0,0,128,73729,0,0,466274,0,5915,799.23582,799.23582,0,0,468290,910079,0,660947,1254469,73729,0,0,39,0,0,0,NA
2024-2025,Oct,32,WEST BENGAL,3205,HOWRAH,0,0,0,0,0,0,157,18268,0,0,54679,0,800,260.14093,260.14093,0,0,161738,261415,0,406315,578572,18268,0,0,20,0,0,0,NA
2024-2025,Oct,32,WEST BENGAL,3206,HOOGHLY,0,0,0,0,0,0,207,32921,0,0,518214,0,101731,746.47731,746.47731,0,0,669811,1271424,0,839734,1531191,32921,0,0,10,0,0,0,NA
2024-2025,Oct,32,WEST BENGAL,3208,COOCHBEHAR,0,0,0,0,0,0,128,73782,0,0,466240,0,5915,524.03814,524.03814,0,0,468295,910023,0,660848,1254183,73782,0,0,39,0,0,0,NA
2024-2025,Oct,32,WEST BENGAL,3222,JHARGRAM,0,0,0,0,0,0,79,23787,0,0,64094,0,91412,0,0,0,0,143160,309784,0,231015,470485,23787,0,0,44,0,0,0,NA
2024-2025,Nov,32,WEST BENGAL,3206,HOOGHLY,0,0,0,0,0,0,207,32921,0,0,518214,0,101732,746.47731,746.47731,0,0,669811,1271425,0,839734,1531194,32921,0,0,10,0,0,0,NA
2024-2025,Nov,32,WEST BENGAL,3208,COOCHBEHAR,0,0,0,0,0,0,128,73782,0,0,466241,0,5915,524.03814,524.03814,0,0,468295,910025,0,660849,1254187,73782,0,0,39,0,0,0,NA
2024-2025,March,32,WEST BENGAL,3225,PURBA BARDHAMAN,0,0,0,0,0,3,215,24891,0,0,504719,0,98185,0,0,0,0,669971,1377993,0,914311,1821393,24894,0,0,7,9.13,0,0,NA
2024-2025,Oct,32,WEST BENGAL,3203,BIRBHUM,0,0,0,0,0,0,167,26930,0,0,336459,0,65414,509.18741,509.18741,0,0,444187,940942,0,677380,1357114,26930,0,0,16,0,0,0,NA
2024-2025,Oct,32,WEST BENGAL,3209,MALDAH,0,0,0,0,0,0,146,73561,0,0,116007,0,37378,374.05012,374.05012,0,0,334524,570376,0,722755,1170428,73561,0,0,72,0,0,0,NA
2024-2025,Oct,32,WEST BENGAL,3210,PASCHIM MEDINIPUR,0,0,0,0,0,0,211,87860,0,0,276115,0,138464,701.29694,701.29694,0,0,589506,1253613,0,888425,1773501,87860,0,0,50,0,0,0,NA
2024-2025,Oct,32,WEST BENGAL,3215,24 PARGANAS (NORTH),0,0,0,0,0,0,199,85386,0,0,173404,0,29397,547.13151,547.13151,0,0,313170,581721,0,873397,1521126,85386,0,0,74,0,0,0,NA
2024-2025,Nov,32,WEST BENGAL,3203,BIRBHUM,0,0,0,0,0,0,167,26930,0,0,336462,0,65414,588.67441,588.67441,0,0,444187,940947,0,677380,1357120,26930,0,0,16,0,0,0,NA
2024-2025,Oct,32,WEST BENGAL,3201,NADIA,0,0,0,0,0,0,185,23808,0,0,121054,0,13075,546.23616,546.23616,0,0,260685,553847,0,764477,1486240,23808,0,0,55,0,0,0,NA
2024-2025,Oct,32,WEST BENGAL,3204,SILIGURI MAHAKUMA PARISAD,0,0,0,0,0,0,22,2336,0,0,43516,0,29030,77.57346,77.57346,0,0,50505,99897,0,116315,216373,2336,0,0,54,0,0,0,NA
2024-2025,Oct,32,WEST BENGAL,3212,MURSHIDABAD,0,0,0,0,0,0,250,106885,0,0,64990,0,7652,649.28649,649.28649,0,0,327900,595579,0,1232052,2083370,106885,0,0,85,0,0,0,NA
2024-2025,Oct,32,WEST BENGAL,3215,24 PARGANAS (NORTH),0,0,0,0,0,0,199,85386,0,0,173404,0,29397,547.13151,547.13151,0,0,313170,581721,0,873396,1521124,85386,0,0,74,0,0,0,NA
2024-2025,Oct,32,WEST BENGAL,3218,DINAJPUR UTTAR,0,0,0,0,0,0,98,84348,0,0,93584,0,9199,236.26182,236.26182,0,0,185983,367628,0,504665,934214,84348,0,0,85,0,0,0,NA
2024-2025,Oct,32,WEST BENGAL,3220,ALIPURDUAR,0,0,0,0,0,0,64,64330,0,0,146406,0,115848,0,0,0,0,272547,546686,0,326721,638823,64330,0,0,58,41.11,0,0,NA
2024-2025,July,32,WEST BENGAL,3207,JALPAIGURI,0,0,0,0,0,0,80,31776,0,0,236072,0,81878,128.11554,128.11554,0,0,300581,600198,0,404317,775891,31776,0,0,16,0,0,0,NA
2024-2025,July,32,WEST BENGAL,3211,PURBA MEDINIPUR,0,0,0,0,0,7,223,80947,0,0,94243,0,3074,338.3844,338.3844,0,0,386183,871102,0,918137,1959960,80954,0,0,63,0,0,0,NA
2024-2025,July,32,WEST BENGAL,3215,24 PARGANAS (NORTH),0,0,0,0,0,0,199,85386,0,0,173393,0,29397,267.61744,267.61744,0,0,313170,581697,0,873379,1521000,85386,0,0,74,0,0,0,NA
2024-2025,July,32,WEST BENGAL,3212,MURSHIDABAD,0,0,0,0,0,0,250,106885,0,0,64996,0,7656,318.99371,318.99371,0,0,328032,595689,0,1232711,2083881,106885,0,0,85,0,0,0,NA
2024-2025,July,32,WEST BENGAL,3218,DINAJPUR UTTAR,0,0,0,0,0,0,98,84348,0,0,95214,0,9388,117.80091,117.80091,0,0,187051,374786,0,509622,951916,84348,0,0,85,0,0,0,NA
2024-2025,Oct,32,WEST BENGAL,3214,PURULIA,0,0,0,0,0,1,170,24059,0,0,105731,0,124778,444.439,444.439,0,0,251062,584145,0,525086,1133172,24060,0,0,67,0,0,0,NA
2024-2025,Oct,32,WEST BENGAL,3214,PURULIA,0,0,0,0,0,1,170,24059,0,0,105731,0,124778,444.439,444.439,0,0,251062,584145,0,525085,1133170,24060,0,0,67,0,0,0,NA
2024-2025,Oct,32,WEST BENGAL,3208,COOCHBEHAR,0,0,0,0,0,0,128,73782,0,0,466240,0,5915,454.76973,454.76973,0,0,468295,910021,0,660848,1254179,73782,0,0,39,0,0,0,NA
2024-2025,Oct,32,WEST BENGAL,3212,MURSHIDABAD,0,0,0,0,0,0,250,106885,0,0,64990,0,7652,649.28649,649.28649,0,0,327900,595578,0,1232041,2083343,106885,0,0,85,0,0,0,NA
2024-2025,Oct,32,WEST BENGAL,3225,PURBA BARDHAMAN,0,0,0,0,0,2,215,30167,0,0,504692,0,98175,0,0,0,0,669971,1377883,0,914296,1821230,30169,0,0,23,9.13,0,0,NA
2024-2025,Oct,32,WEST BENGAL,3204,SILIGURI MAHAKUMA PARISAD,0,0,0,0,0,0,22,2336,0,0,43515,0,29030,77.57346,77.57346,0,0,50505,99896,0,116315,216369,2336,0,0,54,0,0,0,NA
2024-2025,Oct,32,WEST BENGAL,3210,PASCHIM MEDINIPUR,0,0,0,0,0,0,211,87860,0,0,276115,0,138465,701.29694,701.29694,0,0,589506,1253619,0,888425,1773509,87860,0,0,50,0,0,0,NA
2024-2025,Sep,32,WEST BENGAL,3201,NADIA,0,0,0,0,0,0,185,23808,0,0,121051,0,13075,352.50267,352.50267,0,0,260685,553841,0,764473,1486220,23808,0,0,55,0,0,0,NA
2024-2025,Sep,32,WEST BENGAL,3211,PURBA MEDINIPUR,0,0,0,0,0,7,223,80947,0,0,94244,0,3074,563.28182,563.28182,0,0,386183,871123,0,918143,1960025,80954,0,0,63,0,0,0,NA
2024-2025,Oct,32,WEST BENGAL,3216,24 PARGANAS SOUTH,0,0,0,0,0,0,310,191888,0,0,255814,0,9543,758.00626,758.00626,0,0,767925,1379385,0,1403570,2362037,191888,0,0,68,0,0,0,NA
2024-2025,Oct,32,WEST BENGAL,3218,DINAJPUR UTTAR,0,0,0,0,0,0,98,84348,0,0,93583,0,9199,236.26182,236.26182,0,0,185983,367627,0,504651,934187,84348,0,0,85,0,0,0,NA
2024-2025,Oct,32,WEST BENGAL,3214,PURULIA,0,0,0,0,0,1,170,24059,0,0,105731,0,124778,444.439,444.439,0,0,251062,584144,0,525072,1133136,24060,0,0,67,0,0,0,NA
2024-2025,Oct,32,WEST BENGAL,3218,DINAJPUR UTTAR,0,0,0,0,0,0,98,84348,0,0,93583,0,9199,236.26182,236.26182,0,0,185983,367627,0,504662,934207,84348,0,0,85,0,0,0,NA
2024-2025,July,32,WEST BENGAL,3208,COOCHBEHAR,0,0,0,0,0,0,128,73782,0,0,466272,0,5920,225.8445,225.8445,0,0,468295,910071,0,660693,1253976,73782,0,0,39,0,0,0,NA
2024-2025,July,32,WEST BENGAL,3210,PASCHIM MEDINIPUR,0,0,0,0,0,0,211,87860,0,0,276200,0,138531,333.56709,333.56709,0,0,589516,1253862,0,888478,1773935,87860,0,0,50,0,0,0,NA
2024-2025,July,32,WEST BENGAL,3218,DINAJPUR UTTAR,0,0,0,0,0,0,98,84348,0,0,95229,0,9390,117.80091,117.80091,0,0,187051,374807,0,509964,952319,84348,0,0,85,0,0,0,NA
2024-2025,Aug,32,WEST BENGAL,3201,NADIA,0,0,0,0,0,0,185,23808,0,0,121050,0,13075,352.50267,352.50267,0,0,260685,553839,0,764466,1486195,23808,0,0,55,0,0,0,NA
2024-2025,Aug,32,WEST BENGAL,3203,BIRBHUM,0,0,0,0,0,0,167,26930,0,0,336454,0,65410,327.79805,327.79805,0,0,444189,940909,0,677426,1357103,26930,0,0,16,0,0,0,NA
2024-2025,Aug,32,WEST BENGAL,3206,HOOGHLY,0,0,0,0,0,0,207,32921,0,0,518197,0,101729,409.13556,409.13556,0,0,669811,1271356,0,839615,1530958,32921,0,0,10,0,0,0,NA
2024-2025,Aug,32,WEST BENGAL,3215,24 PARGANAS (NORTH),0,0,0,0,0,0,199,85386,0,0,173394,0,29397,353.23019,353.23019,0,0,313170,581698,0,873380,1521010,85386,0,0,74,0,0,0,NA
2024-2025,Aug,32,WEST BENGAL,3216,24 PARGANAS SOUTH,0,0,0,0,0,0,310,191888,0,0,255822,0,9543,485.83181,485.83181,0,0,767939,1379430,0,1403533,2361996,191888,0,0,68,0,0,0,NA
2024-2025,Aug,32,WEST BENGAL,3203,BIRBHUM,0,0,0,0,0,0,167,26930,0,0,336455,0,65410,327.79805,327.79805,0,0,444189,940912,0,677429,1357109,26930,0,0,16,0,0,0,NA
2024-2025,Aug,32,WEST BENGAL,3213,BANKURA,0,0,0,0,0,0,190,29967,0,0,429048,0,122513,373.13838,373.13838,0,0,428798,1038558,0,686125,1538469,29967,0,0,56,0,0,0,NA
2024-2025,Aug,32,WEST BENGAL,3201,NADIA,0,0,0,0,0,0,185,23808,0,0,121051,0,13075,352.50267,352.50267,0,0,260685,553840,0,764466,1486196,23808,0,0,55,0,0,0,NA
2024-2025,Aug,32,WEST BENGAL,3207,JALPAIGURI,0,0,0,0,0,0,80,31776,0,0,236075,0,81885,169.95036,169.95036,0,0,300581,600209,0,404317,775913,31776,0,0,16,0,0,0,NA
2024-2025,Aug,32,WEST BENGAL,3218,DINAJPUR UTTAR,0,0,0,0,0,0,98,84348,0,0,93661,0,9220,154.90788,154.90788,0,0,186052,368033,0,504951,935402,84348,0,0,85,0,0,0,NA
2024-2025,Aug,32,WEST BENGAL,3221,KALIMPONG,0,0,0,0,0,0,42,4520,0,0,5482,0,28234,19.8343,19.8343,0,0,53634,86600,0,55785,89479,4520,0,0,23,0,0,0,NA
2024-2025,Aug,32,WEST BENGAL,3213,BANKURA,0,0,0,0,0,0,190,29967,0,0,429048,0,122513,373.13838,373.13838,0,0,428798,1038560,0,686126,1538473,29967,0,0,56,0,0,0,NA
2024-2025,Aug,32,WEST BENGAL,3214,PURULIA,0,0,0,0,0,0,170,24060,0,0,105729,0,124772,274.41808,274.41808,0,0,251062,584119,0,525050,1133036,24060,0,0,67,0,0,0,NA
2024-2025,Aug,32,WEST BENGAL,3204,SILIGURI MAHAKUMA PARISAD,0,0,0,0,0,0,22,2336,0,0,43510,0,29024,49.29895,49.29895,0,0,50505,99881,0,116299,216311,2336,0,0,54,0,0,0,NA
2024-2025,Aug,32,WEST BENGAL,3208,COOCHBEHAR,0,0,0,0,0,0,128,73782,0,0,466231,0,5915,295.11291,295.11291,0,0,468295,909995,0,660716,1253902,73782,0,0,39,0,0,0,NA
2024-2025,Aug,32,WEST BENGAL,3214,PURULIA,0,0,0,0,0,0,170,24060,0,0,105729,0,124772,274.41808,274.41808,0,0,251062,584120,0,525050,1133038,24060,0,0,67,0,0,0,NA
2024-2025,Aug,32,WEST BENGAL,3225,PURBA BARDHAMAN,0,0,0,0,0,1,215,30168,0,0,504726,0,98176,0,0,0,0,669981,1377952,0,914300,1821300,30169,0,0,23,0,0,0,NA
2024-2025,Aug,32,WEST BENGAL,3203,BIRBHUM,0,0,0,0,0,0,167,26930,0,0,336456,0,65410,327.79805,327.79805,0,0,444189,940918,0,677435,1357128,26930,0,0,16,0,0,0,NA
2024-2025,Aug,32,WEST BENGAL,3209,MALDAH,0,0,0,0,0,0,146,73561,0,0,116007,0,37378,241.83716,241.83716,0,0,334524,570373,0,722676,1170290,73561,0,0,72,0,0,0,NA
2024-2025,Aug,32,WEST BENGAL,3218,DINAJPUR UTTAR,0,0,0,0,0,0,98,84348,0,0,93596,0,9199,154.90788,154.90788,0,0,186006,367718,0,504677,934258,84348,0,0,85,0,0,0,NA
2024-2025,Aug,32,WEST BENGAL,3220,ALIPURDUAR,0,0,0,0,0,0,64,64330,0,0,146406,0,115844,0,0,0,0,272547,546682,0,326719,638817,64330,0,0,58,0,0,0,NA
2024-2025,Aug,32,WEST BENGAL,3222,JHARGRAM,0,0,0,0,0,0,79,23787,0,0,64092,0,91431,0,0,0,0,143161,309805,0,231016,470524,23787,0,0,44,0,0,0,NA
2024-2025,Aug,32,WEST BENGAL,3213,BANKURA,0,0,0,0,0,0,190,29967,0,0,429044,0,122514,373.13838,373.13838,0,0,428794,1038561,0,686123,1538487,29967,0,0,56,0,0,0,NA
2024-2025,Aug,32,WEST BENGAL,3216,24 PARGANAS SOUTH,0,0,0,0,0,0,310,191888,0,0,255824,0,9543,485.83181,485.83181,0,0,767936,1379443,0,1403559,2362071,191888,0,0,68,0,0,0,NA
2024-2025,Dec,32,WEST BENGAL,3210,PASCHIM MEDINIPUR,0,0,0,0,0,0,211,71632,0,0,276098,0,138447,833.56998,833.56998,0,0,589503,1253536,0,888406,1773372,71632,0,0,39,26.91,13.55,0,NA
2024-2025,Dec,32,WEST BENGAL,3204,SILIGURI MAHAKUMA PARISAD,0,0,0,0,0,0,22,2282,0,0,43477,0,28970,101.753,101.753,0,0,50498,99765,0,116273,216100,2282,0,0,53,0,0,0,NA
2024-2025,Dec,32,WEST BENGAL,3213,BANKURA,0,0,0,0,0,0,190,28592,0,0,429012,0,122500,771.87481,771.87481,0,0,428788,1038485,0,686014,1538202,28592,0,0,54,100,0,0,NA
2024-2025,Dec,32,WEST BENGAL,3214,PURULIA,0,0,0,0,0,1,170,21223,0,0,105684,0,124705,580.8695,580.8695,0,0,251037,583897,0,524924,1132641,21224,0,0,63,0,0,0,NA
2024-2025,Dec,32,WEST BENGAL,3208,COOCHBEHAR,0,0,0,0,0,0,128,73728,0,0,466253,0,5915,593.30655,593.30655,0,0,468297,910058,0,660854,1254239,73728,0,0,39,0,0,0,NA
2024-2025,Dec,32,WEST BENGAL,3218,DINAJPUR UTTAR,0,0,0,0,0,0,98,78462,0,0,93585,0,9199,310.47549,310.47549,0,0,185983,367635,0,504673,934253,78462,0,0,84,0,0,0,NA
2024-2025,Sep,32,WEST BENGAL,3206,HOOGHLY,0,0,0,0,0,0,207,32921,0,0,518209,0,101730,512.87183,512.87183,0,0,669811,1271406,0,839723,1531155,32921,0,0,10,0,0,0,NA
2024-2025,Sep,32,WEST BENGAL,3213,BANKURA,0,0,0,0,0,0,190,29967,0,0,429022,0,122502,464.96009,464.96009,0,0,428790,1038492,0,686014,1538209,29967,0,0,56,0,0,0,NA
2024-2025,Sep,32,WEST BENGAL,3212,MURSHIDABAD,0,0,0,0,0,0,250,106885,0,0,64990,0,7652,526.5289,526.5289,0,0,327900,595577,0,1232020,2083310,106885,0,0,85,0,0,0,NA
2024-2025,Sep,32,WEST BENGAL,3214,PURULIA,0,0,0,0,0,0,170,24060,0,0,105731,0,124776,342.69811,342.69811,0,0,251062,584131,0,525070,1133104,24060,0,0,67,0,0,0,NA
2024-2025,Sep,32,WEST BENGAL,3215,24 PARGANAS (NORTH),0,0,0,0,0,0,199,85386,0,0,173403,0,29397,438.98131,438.98131,0,0,313170,581720,0,873396,1521111,85386,0,0,74,0,0,0,NA
2024-2025,Jan,32,WEST BENGAL,3203,BIRBHUM,0,0,0,0,0,0,167,24977,0,0,336496,0,65420,746.70873,746.70873,0,0,444187,941032,0,677495,1357367,24977,0,0,9,0,0,0,NA
2024-2025,Jan,32,WEST BENGAL,3206,HOOGHLY,0,0,0,0,0,0,207,30872,0,0,518187,0,101732,947.20906,947.20906,0,0,669805,1271327,0,839722,1531080,30872,0,0,5,0,0,0,NA
2024-2025,Jan,32,WEST BENGAL,3225,PURBA BARDHAMAN,0,0,0,0,0,3,215,24891,0,0,504702,0,98180,0,0,0,0,669971,1377934,0,914302,1821306,24894,0,0,7,9.13,0,0,NA
2024-2025,Jan,32,WEST BENGAL,3205,HOWRAH,0,0,0,0,0,0,157,16594,0,0,54679,0,800,380.26916,380.26916,0,0,161738,261422,0,406441,578714,16594,0,0,12,0,0,0,NA
2024-2025,Jan,32,WEST BENGAL,3211,PURBA MEDINIPUR,0,0,0,0,0,2132,223,76116,0,0,94250,0,3074,1050.7579,1050.7579,0,0,386183,871149,0,918236,1960256,78248,0,0,62,0,0,0,NA
2024-2025,Jan,32,WEST BENGAL,3212,MURSHIDABAD,0,0,0,0,0,0,250,88974,0,0,64990,0,7652,947.1264,947.1264,0,0,327900,595583,0,1232081,2083443,88974,0,0,82,0,0,0,NA
2024-2025,Jan,32,WEST BENGAL,3206,HOOGHLY,0,0,0,0,0,0,207,30872,0,0,518189,0,101732,1047.36049,1047.36049,0,0,669805,1271332,0,839723,1531087,30872,0,0,5,0,0,0,NA
2024-2025,Jan,32,WEST BENGAL,3208,COOCHBEHAR,0,0,0,0,0,0,128,73729,0,0,466255,0,5915,730.77149,730.77149,0,0,468294,910051,0,660897,1254317,73729,0,0,39,0,0,0,NA
2024-2025,Jan,32,WEST BENGAL,3211,PURBA MEDINIPUR,0,0,0,0,0,2644,223,76078,0,0,94250,0,3074,1162.0444,1162.0444,0,0,386183,871151,0,918251,1960283,78722,0,0,61,0,0,0,NA
2024-2025,Jan,32,WEST BENGAL,3211,PURBA MEDINIPUR,0,0,0,0,0,2602,223,76078,0,0,94250,0,3074,1050.7579,1050.7579,0,0,386183,871151,0,918249,1960281,78680,0,0,61,0,0,0,NA
2024-2025,Jan,32,WEST BENGAL,3213,BANKURA,0,0,0,0,0,0,190,28592,0,0,429011,0,122500,863.56552,863.56552,0,0,428788,1038484,0,686013,1538200,28592,0,0,54,100,0,0,NA
2024-2025,Dec,32,WEST BENGAL,3210,PASCHIM MEDINIPUR,0,0,0,0,0,0,211,71632,0,0,276098,0,138447,811.32978,811.32978,0,0,589503,1253536,0,888406,1773372,71632,0,0,39,26.91,13.55,0,NA
2024-2025,Dec,32,WEST BENGAL,3216,24 PARGANAS SOUTH,0,0,0,0,0,0,310,166625,0,0,255771,0,9543,995.29121,995.29121,0,0,767865,1378643,0,1403369,2360679,166625,0,0,63,47.47,0,0,NA
2024-2025,Nov,32,WEST BENGAL,3203,BIRBHUM,0,0,0,0,0,0,167,24978,0,0,336479,0,65418,588.67441,588.67441,0,0,444187,940999,0,677422,1357229,24978,0,0,9,0,0,0,NA
2024-2025,Nov,32,WEST BENGAL,3205,HOWRAH,0,0,0,0,0,0,157,16594,0,0,54679,0,800,300.89201,300.89201,0,0,161738,261415,0,406380,578643,16594,0,0,12,0,0,0,NA
2024-2025,Nov,32,WEST BENGAL,3207,JALPAIGURI,0,0,0,0,0,0,80,29988,0,0,236087,0,81888,310.4042,310.4042,0,0,300581,600236,0,404317,775959,29988,0,0,11,0,0,0,NA
2024-2025,Nov,32,WEST BENGAL,3208,COOCHBEHAR,0,0,0,0,0,0,128,73728,0,0,466246,0,5915,524.03814,524.03814,0,0,468295,910044,0,660850,1254217,73728,0,0,39,0,0,0,NA
2024-2025,Nov,32,WEST BENGAL,3215,24 PARGANAS (NORTH),0,0,0,0,0,0,199,33730,0,0,173404,0,29397,632.649,632.649,0,0,313170,581722,0,873397,1521129,33730,0,0,35,0,0,0,NA
2024-2025,Nov,32,WEST BENGAL,3222,JHARGRAM,0,0,0,0,0,0,79,18778,0,0,64096,0,91412,0,0,0,0,143160,309788,0,231015,470490,18778,0,0,29,0,0,0,NA
2024-2025,Dec,32,WEST BENGAL,3208,COOCHBEHAR,0,0,0,0,0,0,128,73728,0,0,466248,0,5915,593.30655,593.30655,0,0,468295,910049,0,660850,1254226,73728,0,0,39,0,0,0,NA
2024-2025,Dec,32,WEST BENGAL,3216,24 PARGANAS SOUTH,0,0,0,0,0,0,310,166625,0,0,255771,0,9543,995.29121,995.29121,0,0,767867,1378655,0,1403379,2360705,166625,0,0,63,0,0,0,NA
2024-2025,Dec,32,WEST BENGAL,3201,NADIA,0,0,0,0,0,0,185,22419,0,0,121059,0,13075,629.74317,629.74317,0,0,260685,553857,0,764479,1486266,22419,0,0,52,5.02,0,0,NA
2024-2025,Dec,32,WEST BENGAL,3206,HOOGHLY,0,0,0,0,0,0,207,30872,0,0,518217,0,101733,746.47731,746.47731,0,0,669811,1271435,0,839738,1531212,30872,0,0,5,0,0,0,NA
2024-2025,Dec,32,WEST BENGAL,3207,JALPAIGURI,0,0,0,0,0,0,80,29988,0,0,236093,0,81888,310.4042,310.4042,0,0,300581,600244,0,404317,775970,29988,0,0,11,0,0,0,NA
2024-2025,Dec,32,WEST BENGAL,3208,COOCHBEHAR,0,0,0,0,0,0,128,73728,0,0,466247,0,5915,524.03814,524.03814,0,0,468295,910045,0,660850,1254221,73728,0,0,39,0,0,0,NA
2024-2025,Dec,32,WEST BENGAL,3218,DINAJPUR UTTAR,0,0,0,0,0,0,98,78462,0,0,93584,0,9199,273.26787,273.26787,0,0,185983,367632,0,504673,934249,78462,0,0,84,0,0,0,NA
2024-2025,Dec,32,WEST BENGAL,3221,KALIMPONG,0,0,0,0,0,0,42,4113,0,0,5474,0,28225,33.41488,33.41488,0,0,53592,86549,0,55738,89423,4113,0,0,16,0,0,0,NA
2024-2025,Dec,32,WEST BENGAL,3201,NADIA,0,0,0,0,0,0,185,22419,0,0,121058,0,13075,629.74317,629.74317,0,0,260685,553856,0,764479,1486265,22419,0,0,52,5.02,0,0,NA
2024-2025,Dec,32,WEST BENGAL,3215,24 PARGANAS (NORTH),0,0,0,0,0,0,199,33730,0,0,173404,0,29397,632.649,632.649,0,0,313170,581722,0,873397,1521129,33730,0,0,35,0,0,0,NA
2024-2025,Dec,32,WEST BENGAL,3216,24 PARGANAS SOUTH,0,0,0,0,0,0,310,166625,0,0,255772,0,9543,876.76469,876.76469,0,0,767868,1378723,0,1403391,2360848,166625,0,0,63,0,0,0,NA
2024-2025,Dec,32,WEST BENGAL,3225,PURBA BARDHAMAN,0,0,0,0,0,3,215,24891,0,0,504699,0,98180,0,0,0,0,669971,1377918,0,914302,1821288,24894,0,0,7,9.13,0,0,NA
2024-2025,Dec,32,WEST BENGAL,3203,BIRBHUM,0,0,0,0,0,0,167,24978,0,0,336481,0,65420,668.02174,668.02174,0,0,444187,941009,0,677441,1357270,24978,0,0,9,0,0,0,NA
2024-2025,Dec,32,WEST BENGAL,3208,COOCHBEHAR,0,0,0,0,0,0,128,73728,0,0,466253,0,5915,593.30655,593.30655,0,0,468297,910056,0,660852,1254234,73728,0,0,39,0,0,0,NA
2024-2025,Dec,32,WEST BENGAL,3204,SILIGURI MAHAKUMA PARISAD,0,0,0,0,0,0,22,2282,0,0,43477,0,28971,101.753,101.753,0,0,50498,99766,0,116273,216101,2282,0,0,53,0,0,0,NA
2024-2025,Dec,32,WEST BENGAL,3213,BANKURA,0,0,0,0,0,0,190,28592,0,0,429012,0,122500,771.87481,771.87481,0,0,428788,1038485,0,686014,1538203,28592,0,0,54,100,0,0,NA
2024-2025,Dec,32,WEST BENGAL,3216,24 PARGANAS SOUTH,0,0,0,0,0,0,310,166625,0,0,255762,0,9543,995.29121,995.29121,0,0,767860,1378553,0,1403357,2360527,166625,0,0,63,47.47,0,0,NA
2024-2025,Sep,32,WEST BENGAL,3214,PURULIA,0,0,0,0,0,0,170,24060,0,0,105731,0,124776,342.69811,342.69811,0,0,251062,584131,0,525069,1133101,24060,0,0,67,0,0,0,NA
2024-2025,Sep,32,WEST BENGAL,3215,24 PARGANAS (NORTH),0,0,0,0,0,0,199,85386,0,0,173403,0,29397,438.98131,438.98131,0,0,313170,581720,0,873395,1521110,85386,0,0,74,0,0,0,NA
2024-2025,Sep,32,WEST BENGAL,3201,NADIA,0,0,0,0,0,0,185,23808,0,0,121051,0,13075,436.28773,436.28773,0,0,260685,553842,0,764473,1486226,23808,0,0,55,0,0,0,NA
2024-2025,Sep,32,WEST BENGAL,3203,BIRBHUM,0,0,0,0,0,0,167,26930,0,0,336449,0,65413,407.57325,407.57325,0,0,444187,940917,0,677335,1357034,26930,0,0,16,0,0,0,NA
2024-2025,Sep,32,WEST BENGAL,3208,COOCHBEHAR,0,0,0,0,0,0,128,73782,0,0,466231,0,5915,364.38132,364.38132,0,0,468295,909995,0,660800,1254053,73782,0,0,39,0,0,0,NA
2024-2025,Sep,32,WEST BENGAL,3211,PURBA MEDINIPUR,0,0,0,0,0,7,223,80947,0,0,94245,0,3074,563.28182,563.28182,0,0,386183,871127,0,918144,1960038,80954,0,0,63,0,0,0,NA
2024-2025,Sep,32,WEST BENGAL,3201,NADIA,0,0,0,0,0,0,185,23808,0,0,121053,0,13075,436.28773,436.28773,0,0,260685,553846,0,764476,1486237,23808,0,0,55,0,0,0,NA
2024-2025,Sep,32,WEST BENGAL,3210,PASCHIM MEDINIPUR,0,0,0,0,0,0,211,87860,0,0,276122,0,138478,554.49621,554.49621,0,0,589509,1253643,0,888446,1773573,87860,0,0,50,0,0,0,NA
2024-2025,Sep,32,WEST BENGAL,3212,MURSHIDABAD,0,0,0,0,0,0,250,106885,0,0,64990,0,7652,529.15657,529.15657,0,0,327900,595578,0,1232038,2083335,106885,0,0,85,0,0,0,NA
2024-2025,Sep,32,WEST BENGAL,3215,24 PARGANAS (NORTH),0,0,0,0,0,0,199,85386,0,0,173403,0,29397,438.98131,438.98131,0,0,313170,581720,0,873396,1521119,85386,0,0,74,0,0,0,NA
2024-2025,Sep,32,WEST BENGAL,3216,24 PARGANAS SOUTH,0,0,0,0,0,0,310,191888,0,0,255814,0,9543,604.33213,604.33213,0,0,767925,1379383,0,1403572,2362034,191888,0,0,68,0,0,0,NA
2024-2025,Sep,32,WEST BENGAL,3225,PURBA BARDHAMAN,0,0,0,0,0,2,215,30167,0,0,504698,0,98175,0,0,0,0,669977,1377905,0,914303,1821254,30169,0,0,23,0,0,0,NA
2024-2025,Aug,32,WEST BENGAL,3213,BANKURA,0,0,0,0,0,0,190,29967,0,0,429043,0,122514,373.13838,373.13838,0,0,428794,1038562,0,686077,1538442,29967,0,0,56,0,0,0,NA
2024-2025,Aug,32,WEST BENGAL,3202,PASCHIM BARDHAMAN,0,0,0,0,0,0,62,2608,0,0,78437,0,21982,162.42342,162.42342,0,0,69781,152668,0,140168,286667,2608,0,0,29,0,0,0,NA
2024-2025,Aug,32,WEST BENGAL,3204,SILIGURI MAHAKUMA PARISAD,0,0,0,0,0,0,22,2336,0,0,43515,0,29027,49.58895,49.58895,0,0,50505,99893,0,116308,216351,2336,0,0,54,0,0,0,NA
2024-2025,Aug,32,WEST BENGAL,3207,JALPAIGURI,0,0,0,0,0,0,80,31776,0,0,236076,0,81886,213.06389,213.06389,0,0,300581,600216,0,404317,775924,31776,0,0,16,0,0,0,NA
2024-2025,Aug,32,WEST BENGAL,3209,MALDAH,0,0,0,0,0,0,146,73561,0,0,116007,0,37378,241.83716,241.83716,0,0,334524,570376,0,722732,1170386,73561,0,0,72,0,0,0,NA
2024-2025,Aug,32,WEST BENGAL,3212,MURSHIDABAD,0,0,0,0,0,0,250,106885,0,0,64990,0,7652,526.5289,526.5289,0,0,327900,595574,0,1232001,2083275,106885,0,0,85,0,0,0,NA
2024-2025,Aug,32,WEST BENGAL,3216,24 PARGANAS SOUTH,0,0,0,0,0,0,310,191888,0,0,255824,0,9543,604.33213,604.33213,0,0,767936,1379447,0,1403566,2362092,191888,0,0,68,0,0,0,NA
2024-2025,Aug,32,WEST BENGAL,3217,DINAJPUR DAKSHIN,0,0,0,0,0,0,64,13890,0,0,71275,0,42797,161.3487,161.3487,0,0,130822,262902,0,277900,521654,13890,0,0,37,0,0,0,NA
2024-2025,Aug,32,WEST BENGAL,3222,JHARGRAM,0,0,0,0,0,0,79,23787,0,0,64093,0,91431,0,0,0,0,143161,309806,0,231017,470529,23787,0,0,44,0,0,0,NA
2024-2025,Sep,32,WEST BENGAL,3203,BIRBHUM,0,0,0,0,0,0,167,26930,0,0,336452,0,65414,407.57325,407.57325,0,0,444187,940929,0,677355,1357071,26930,0,0,16,0,0,0,NA
2024-2025,Sep,32,WEST BENGAL,3204,SILIGURI MAHAKUMA PARISAD,0,0,0,0,0,0,22,2336,0,0,43515,0,29030,61.88369,61.88369,0,0,50505,99896,0,116315,216369,2336,0,0,54,0,0,0,NA
2024-2025,Sep,32,WEST BENGAL,3208,COOCHBEHAR,0,0,0,0,0,0,128,73782,0,0,466239,0,5915,364.38132,364.38132,0,0,468295,910013,0,660841,1254155,73782,0,0,39,0,0,0,NA
2024-2025,Sep,32,WEST BENGAL,3216,24 PARGANAS SOUTH,0,0,0,0,0,0,310,191888,0,0,255814,0,9543,604.33213,604.33213,0,0,767925,1379385,0,1403569,2362036,191888,0,0,68,0,0,0,NA
2024-2025,Sep,32,WEST BENGAL,3225,PURBA BARDHAMAN,0,0,0,0,0,2,215,30167,0,0,504699,0,98175,0,0,0,0,669977,1377909,0,914304,1821259,30169,0,0,23,9.13,0,0,NA
2024-2025,Sep,32,WEST BENGAL,3208,COOCHBEHAR,0,0,0,0,0,0,128,73782,0,0,466234,0,5915,364.38132,364.38132,0,0,468295,910007,0,660837,1254140,73782,0,0,39,0,0,0,NA
2024-2025,Sep,32,WEST BENGAL,3210,PASCHIM MEDINIPUR,0,0,0,0,0,0,211,87860,0,0,276115,0,138465,554.49621,554.49621,0,0,589506,1253616,0,888425,1773503,87860,0,0,50,0,0,0,NA
2024-2025,Sep,32,WEST BENGAL,3212,MURSHIDABAD,0,0,0,0,0,0,250,106885,0,0,64990,0,7652,529.15657,529.15657,0,0,327900,595578,0,1232039,2083337,106885,0,0,85,0,0,0,NA
2024-2025,Sep,32,WEST BENGAL,3214,PURULIA,0,0,0,0,0,0,170,24060,0,0,105731,0,124777,352.62191,352.62191,0,0,251062,584134,0,525071,1133113,24060,0,0,67,0,0,0,NA
2024-2025,Sep,32,WEST BENGAL,3218,DINAJPUR UTTAR,0,0,0,0,0,0,98,84348,0,0,93583,0,9199,192.01485,192.01485,0,0,185985,367631,0,504642,934164,84348,0,0,85,0,0,0,NA
2024-2025,Sep,32,WEST BENGAL,3222,JHARGRAM,0,0,0,0,0,0,79,23787,0,0,64095,0,91431,0,0,0,0,143161,309809,0,231015,470530,23787,0,0,44,0,0,0,NA
2024-2025,Sep,32,WEST BENGAL,3225,PURBA BARDHAMAN,0,0,0,0,0,2,215,30167,0,0,504700,0,98176,0,0,0,0,669977,1377918,0,914302,1821269,30169,0,0,23,0,0,0,NA
2024-2025,Oct,32,WEST BENGAL,3214,PURULIA,0,0,0,0,0,1,170,24059,0,0,105731,0,124778,444.439,444.439,0,0,251062,584144,0,525071,1133133,24060,0,0,67,0,0,0,NA
2024-2025,Oct,32,WEST BENGAL,3215,24 PARGANAS (NORTH),0,0,0,0,0,0,199,85386,0,0,173403,0,29397,547.13151,547.13151,0,0,313170,581720,0,873396,1521122,85386,0,0,74,0,0,0,NA
2024-2025,Oct,32,WEST BENGAL,3218,DINAJPUR UTTAR,0,0,0,0,0,0,98,84348,0,0,93584,0,9199,236.26182,236.26182,0,0,185983,367628,0,504646,934179,84348,0,0,85,0,0,0,NA
2024-2025,Jan,32,WEST BENGAL,3211,PURBA MEDINIPUR,0,0,0,0,0,1289,223,76173,0,0,94249,0,3074,1050.0829,1050.0829,0,0,386183,871147,0,918235,1960250,77462,0,0,61,0,0,0,NA
2024-2025,Dec,32,WEST BENGAL,3202,PASCHIM BARDHAMAN,0,0,0,0,0,0,62,2054,0,0,78437,0,21985,268.80663,268.80663,0,0,69781,152671,0,140168,286671,2054,0,0,10,0,0,0,NA
2024-2025,Dec,32,WEST BENGAL,3203,BIRBHUM,0,0,0,0,0,0,167,24977,0,0,336491,0,65420,668.02174,668.02174,0,0,444187,941022,0,677482,1357334,24977,0,0,9,0,0,0,NA
2024-2025,Dec,32,WEST BENGAL,3215,24 PARGANAS (NORTH),0,0,0,0,0,0,199,33730,0,0,173404,0,29397,718.16798,718.16798,0,0,313170,581723,0,873397,1521135,33730,0,0,35,0,0,0,NA
2024-2025,Dec,32,WEST BENGAL,3217,DINAJPUR DAKSHIN,0,0,0,0,0,0,64,13349,0,0,71275,0,42797,265.24031,265.24031,0,0,130822,262902,0,277900,521654,13349,0,0,35,0,0,0,NA
2024-2025,Jan,32,WEST BENGAL,3207,JALPAIGURI,0,0,0,0,0,0,80,29988,0,0,236093,0,81889,392.92929,392.92929,0,0,300581,600248,0,404318,775984,29988,0,0,11,0,0,0,NA
2024-2025,Dec,32,WEST BENGAL,3225,PURBA BARDHAMAN,0,0,0,0,0,3,215,24891,0,0,504699,0,98180,0,0,0,0,669971,1377927,0,914303,1821299,24894,0,0,7,9.13,0,0,NA
2024-2025,Dec,32,WEST BENGAL,3225,PURBA BARDHAMAN,0,0,0,0,0,3,215,24891,0,0,504699,0,98180,0,0,0,0,669971,1377923,0,914302,1821294,24894,0,0,7,9.13,0,0,NA
2024-2025,Dec,32,WEST BENGAL,3203,BIRBHUM,0,0,0,0,0,0,167,24978,0,0,336479,0,65418,588.67441,588.67441,0,0,444187,940999,0,677422,1357229,24978,0,0,9,0,0,0,NA
2024-2025,Dec,32,WEST BENGAL,3205,HOWRAH,0,0,0,0,0,0,157,16594,0,0,54679,0,800,300.89201,300.89201,0,0,161738,261415,0,406380,578643,16594,0,0,12,0,0,0,NA
2024-2025,Jan,32,WEST BENGAL,3203,BIRBHUM,0,0,0,0,0,0,167,24977,0,0,336501,0,65421,746.70873,746.70873,0,0,444187,941046,0,677520,1357409,24977,0,0,9,0,0,0,NA
2024-2025,Jan,32,WEST BENGAL,3202,PASCHIM BARDHAMAN,0,0,0,0,0,0,62,2054,0,0,78437,0,21985,300.80572,300.80572,0,0,69781,152673,0,140168,286675,2054,0,0,10,0,0,0,NA
2024-2025,Jan,32,WEST BENGAL,3203,BIRBHUM,0,0,0,0,0,0,167,24977,0,0,336497,0,65421,746.70873,746.70873,0,0,444187,941037,0,677502,1357381,24977,0,0,9,0,0,0,NA
2024-2025,Jan,32,WEST BENGAL,3205,HOWRAH,0,0,0,0,0,0,157,16594,0,0,54679,0,800,380.26916,380.26916,0,0,161738,261422,0,406446,578721,16594,0,0,12,0,0,0,NA
2024-2025,Jan,32,WEST BENGAL,3208,COOCHBEHAR,0,0,0,0,0,0,128,73729,0,0,466256,0,5915,662.30716,662.30716,0,0,468295,910058,0,660855,1254250,73729,0,0,39,0,0,0,NA
2024-2025,Jan,32,WEST BENGAL,3201,NADIA,0,0,0,0,0,0,185,22419,0,0,121059,0,13075,795.56601,795.56601,0,0,260685,553862,0,764484,1486288,22419,0,0,52,5.02,0,0,NA
2024-2025,Jan,32,WEST BENGAL,3202,PASCHIM BARDHAMAN,0,0,0,0,0,0,62,2054,0,0,78437,0,21985,300.80572,300.80572,0,0,69781,152673,0,140168,286674,2054,0,0,10,0,0,0,NA
2024-2025,Jan,32,WEST BENGAL,3203,BIRBHUM,0,0,0,0,0,0,167,24977,0,0,336496,0,65421,746.70873,746.70873,0,0,444187,941033,0,677495,1357368,24977,0,0,9,0,0,0,NA
2024-2025,Jan,32,WEST BENGAL,3221,KALIMPONG,0,0,0,0,0,0,42,4113,0,0,5474,0,28225,39.15786,39.15786,0,0,53592,86549,0,55738,89423,4113,0,0,16,0,0,0,NA
2024-2025,Jan,32,WEST BENGAL,3225,PURBA BARDHAMAN,0,0,0,0,0,3,215,24891,0,0,504702,0,98180,0,0,0,0,669971,1377934,0,914301,1821305,24894,0,0,7,9.13,0,0,NA
2024-2025,Aug,32,WEST BENGAL,3202,PASCHIM BARDHAMAN,0,0,0,0,0,0,62,2608,0,0,78437,0,21982,130.28235,130.28235,0,0,69781,152668,0,140168,286667,2608,0,0,29,0,0,0,NA
2024-2025,Aug,32,WEST BENGAL,3213,BANKURA,0,0,0,0,0,0,190,29967,0,0,429042,0,122514,373.13838,373.13838,0,0,428794,1038561,0,686077,1538438,29967,0,0,56,0,0,0,NA
2024-2025,Aug,32,WEST BENGAL,3221,KALIMPONG,0,0,0,0,0,0,42,4520,0,0,5477,0,28225,19.8343,19.8343,0,0,53594,86552,0,55739,89425,4520,0,0,23,0,0,0,NA
2024-2025,Sep,32,WEST BENGAL,3215,24 PARGANAS (NORTH),0,0,0,0,0,0,199,85386,0,0,173401,0,29397,438.98131,438.98131,0,0,313170,581717,0,873391,1521090,85386,0,0,74,0,0,0,NA
2024-2025,Sep,32,WEST BENGAL,3216,24 PARGANAS SOUTH,0,0,0,0,0,0,310,191888,0,0,255824,0,9543,604.33213,604.33213,0,0,767936,1379447,0,1403566,2362095,191888,0,0,68,0,0,0,NA
2024-2025,Sep,32,WEST BENGAL,3225,PURBA BARDHAMAN,0,0,0,0,0,1,215,30168,0,0,504723,0,98175,0,0,0,0,669977,1377964,0,914298,1821318,30169,0,0,23,0,0,0,NA
2024-2025,June,32,WEST BENGAL,3207,JALPAIGURI,0,0,0,0,0,0,80,31776,0,0,236059,0,81868,85.1493,85.1493,0,0,300581,600168,0,404316,775828,31776,0,0,16,0,0,0,NA
2024-2025,June,32,WEST BENGAL,3215,24 PARGANAS (NORTH),0,0,0,0,0,0,199,85386,0,0,173393,0,29397,181.82002,181.82002,0,0,313170,581681,0,873367,1520930,85386,0,0,74,0,0,0,NA
2024-2025,June,32,WEST BENGAL,3218,DINAJPUR UTTAR,0,0,0,0,0,0,98,84348,0,0,95214,0,9388,80.69394,80.69394,0,0,187051,374783,0,509610,951881,84348,0,0,85,0,0,0,NA
2024-2025,June,32,WEST BENGAL,3218,DINAJPUR UTTAR,0,0,0,0,0,0,98,84348,0,0,95214,0,9388,80.69394,80.69394,0,0,187051,374783,0,509610,951880,84348,0,0,85,0,0,0,NA
2024-2025,June,32,WEST BENGAL,3205,HOWRAH,0,0,0,0,0,0,157,18268,0,0,54658,0,799,84.65002,84.65002,0,0,161738,261290,0,404821,576724,18268,0,0,20,0,0,0,NA
2024-2025,June,32,WEST BENGAL,3213,BANKURA,0,0,0,0,0,0,190,29967,0,0,429105,0,122534,188.72741,188.72741,0,0,428825,1038669,0,686318,1538800,29967,0,0,56,0,0,0,NA
2024-2025,June,32,WEST BENGAL,3218,DINAJPUR UTTAR,0,0,0,0,0,0,98,84348,0,0,95214,0,9388,80.69394,80.69394,0,0,187051,374783,0,509613,951887,84348,0,0,85,0,0,0,NA
2024-2025,May,32,WEST BENGAL,3201,NADIA,0,0,0,0,0,0,185,23808,0,0,121043,0,13075,96.40099,96.40099,0,0,260685,553791,0,764454,1486037,23808,0,0,55,0,0,0,NA
2024-2025,May,32,WEST BENGAL,3210,PASCHIM MEDINIPUR,0,0,0,0,0,0,211,87860,0,0,276199,0,138531,112.63796,112.63796,0,0,589516,1253838,0,888471,1773892,87860,0,0,50,0,0,0,NA
2024-2025,May,32,WEST BENGAL,3212,MURSHIDABAD,0,0,0,0,0,0,250,106885,0,0,64995,0,7656,19.58,19.58,0,0,328032,595647,0,1232671,2083654,106885,0,0,85,0,0,0,NA
2024-2025,April,32,WEST BENGAL,3206,HOOGHLY,0,0,0,0,0,0,207,32921,0,0,518147,0,101719,3.12,3.12,0,0,669811,1271186,0,839472,1530564,32921,0,0,10,0,0,0,NA
2024-2025,April,32,WEST BENGAL,3207,JALPAIGURI,0,0,0,0,0,0,80,31776,0,0,236058,0,81867,0.9,0.9,0,0,300581,600165,0,404315,775820,31776,0,0,16,0,0,0,NA
2024-2025,June,32,WEST BENGAL,3214,PURULIA,0,0,0,0,0,0,170,24060,0,0,105725,0,124770,137.6703,137.6703,0,0,251062,584079,0,524956,1132741,24060,0,0,67,0,0,0,NA
2024-2025,May,32,WEST BENGAL,3205,HOWRAH,0,0,0,0,0,0,157,18268,0,0,54658,0,799,44.06268,44.06268,0,0,161738,261290,0,404798,576700,18268,0,0,20,0,0,0,NA
2024-2025,May,32,WEST BENGAL,3208,COOCHBEHAR,0,0,0,0,0,0,128,73782,0,0,466272,0,5918,77.6225,77.6225,0,0,468290,910045,0,660593,1253783,73782,0,0,39,0,0,0,NA
2024-2025,May,32,WEST BENGAL,3203,BIRBHUM,0,0,0,0,0,0,167,26930,0,0,336429,0,65401,86.16313,86.16313,0,0,444190,940818,0,677404,1356908,26930,0,0,16,0,0,0,NA
2024-2025,May,32,WEST BENGAL,3211,PURBA MEDINIPUR,0,0,0,0,0,0,223,80949,0,0,94238,0,3074,114.0048,114.0048,0,0,386183,871072,0,918126,1959818,80949,0,0,63,0,0,0,NA
2024-2025,June,32,WEST BENGAL,3203,BIRBHUM,0,0,0,0,0,0,167,26930,0,0,336429,0,65401,166.24766,166.24766,0,0,444190,940819,0,677409,1356915,26930,0,0,16,0,0,0,NA
2024-2025,June,32,WEST BENGAL,3220,ALIPURDUAR,0,0,0,0,0,0,64,64330,0,0,146404,0,115840,0,0,0,0,272547,546674,0,326714,638798,64330,0,0,58,0,0,0,NA
2024-2025,May,32,WEST BENGAL,3204,SILIGURI MAHAKUMA PARISAD,0,0,0,0,0,0,22,2336,0,0,43505,0,29024,24.70947,24.70947,0,0,50505,99875,0,116298,216294,2336,0,0,54,0,0,0,NA
2024-2025,May,32,WEST BENGAL,3209,MALDAH,0,0,0,0,0,0,146,73493,0,0,116007,0,37378,66.70104,66.70104,0,0,334524,570373,0,722613,1170183,73493,0,0,72,0,0,0,NA
2024-2025,May,32,WEST BENGAL,3217,DINAJPUR DAKSHIN,0,0,0,0,0,0,64,13890,0,0,71272,0,42797,65.83756,65.83756,0,0,130822,262897,0,277898,521641,13890,0,0,37,0,0,0,NA
2024-2025,May,32,WEST BENGAL,3225,PURBA BARDHAMAN,0,0,0,0,0,0,215,30168,0,0,504716,0,98174,0,0,0,0,669981,1377887,0,914285,1821176,30168,0,0,23,0,0,0,NA
2024-2025,May,32,WEST BENGAL,3203,BIRBHUM,0,0,0,0,0,0,167,26930,0,0,336429,0,65401,86.16313,86.16313,0,0,444190,940816,0,677398,1356893,26930,0,0,16,0,0,0,NA
2024-2025,April,32,WEST BENGAL,3220,ALIPURDUAR,0,0,0,0,0,0,64,64330,0,0,146404,0,115839,0,0,0,0,272547,546673,0,326712,638794,64330,0,0,58,0,0,0,NA
2024-2025,April,32,WEST BENGAL,3221,KALIMPONG,0,0,0,0,0,0,42,4520,0,0,5504,0,28319,3.96686,3.96686,0,0,53777,86823,0,55953,89732,4520,0,0,23,0,0,0,NA
2024-2025,May,32,WEST BENGAL,3201,NADIA,0,0,0,0,0,0,185,23808,0,0,121042,0,13075,95.45919,95.45919,0,0,260685,553790,0,764454,1486035,23808,0,0,55,0,0,0,NA
2024-2025,May,32,WEST BENGAL,3206,HOOGHLY,0,0,0,0,0,0,207,32921,0,0,518147,0,101719,105.71254,105.71254,0,0,669811,1271187,0,839472,1530565,32921,0,0,10,0,0,0,NA
2024-2025,May,32,WEST BENGAL,3225,PURBA BARDHAMAN,0,0,0,0,0,0,215,30168,0,0,504716,0,98174,0,0,0,0,669981,1377886,0,914285,1821174,30168,0,0,23,0,0,0,NA
2024-2025,April,32,WEST BENGAL,3201,NADIA,0,0,0,0,0,0,185,23808,0,0,121042,0,13075,4.08,4.08,0,0,260685,553790,0,764452,1486030,23808,0,0,55,0,0,0,NA
2024-2025,April,32,WEST BENGAL,3209,MALDAH,0,0,0,0,0,0,146,73493,0,0,116007,0,37378,8.1,8.1,0,0,334524,570373,0,722609,1170175,73493,0,0,72,0,0,0,NA
2024-2025,April,32,WEST BENGAL,3221,KALIMPONG,0,0,0,0,0,0,42,4520,0,0,5504,0,28319,2.19074,2.19074,0,0,53777,86823,0,55953,89732,4520,0,0,23,0,0,0,NA
2024-2025,April,32,WEST BENGAL,3210,PASCHIM MEDINIPUR,0,0,0,0,0,0,211,87860,0,0,276199,0,138531,1.98,1.98,0,0,589516,1253838,0,888463,1773884,87860,0,0,50,0,0,0,NA
2024-2025,March,32,WEST BENGAL,3203,BIRBHUM,0,0,0,0,0,0,167,24977,0,0,336505,0,65421,903.03583,903.03583,0,0,444187,941070,0,677528,1357453,24977,0,0,9,0,0,0,NA
2024-2025,March,32,WEST BENGAL,3214,PURULIA,0,0,0,0,0,1,170,21223,0,0,105097,0,124098,787.09028,787.09028,0,0,250832,581758,0,523978,1126966,21224,0,0,63,0,0,0,NA
2024-2025,March,32,WEST BENGAL,3201,NADIA,0,0,0,0,0,0,185,22419,0,0,121061,0,13075,959.60035,959.60035,0,0,260685,553906,0,764487,1486366,22419,0,0,52,0,0,0,NA
2024-2025,March,32,WEST BENGAL,3207,JALPAIGURI,0,0,0,0,0,0,80,29988,0,0,236095,0,81889,518.72141,518.72141,0,0,300581,600256,0,404321,776006,29988,0,0,11,0,0,0,NA
2024-2025,March,32,WEST BENGAL,3215,24 PARGANAS (NORTH),0,0,0,0,0,0,199,33730,0,0,173408,0,29400,998.61188,998.61188,0,0,313170,581757,0,873453,1521311,33730,0,0,35,0,0,0,NA
2024-2025,March,32,WEST BENGAL,3218,DINAJPUR UTTAR,0,0,0,0,0,0,98,78462,0,0,93592,0,9199,421.37726,421.37726,0,0,185983,367643,0,504689,934311,78462,0,0,84,100,0,0,NA
2024-2025,March,32,WEST BENGAL,3203,BIRBHUM,0,0,0,0,0,0,167,24977,0,0,336505,0,65421,903.03583,903.03583,0,0,444187,941067,0,677526,1357448,24977,0,0,9,0,0,0,NA
2024-2025,March,32,WEST BENGAL,3205,HOWRAH,0,0,0,0,0,0,157,16594,0,0,54682,0,800,459.48107,459.48107,0,0,161738,261432,0,406508,578818,16594,0,0,12,0,0,0,NA
2024-2025,March,32,WEST BENGAL,3210,PASCHIM MEDINIPUR,0,0,0,0,0,0,211,71624,0,0,276102,0,138450,1250.32818,1250.32818,0,0,589503,1253557,0,888410,1773408,71624,0,0,39,26.91,13.55,0,NA
2024-2025,March,32,WEST BENGAL,3215,24 PARGANAS (NORTH),0,0,0,0,0,0,199,33730,0,0,173408,0,29399,972.75073,972.75073,0,0,313170,581751,0,873410,1521248,33730,0,0,35,0,0,0,NA
2024-2025,March,32,WEST BENGAL,3211,PURBA MEDINIPUR,0,0,0,0,0,2772,223,77892,0,0,94251,0,3074,1273.3309,1273.3309,0,0,386183,871157,0,918271,1960333,80664,0,0,60,0,0,0,NA
2024-2025,March,32,WEST BENGAL,3210,PASCHIM MEDINIPUR,0,0,0,0,0,0,211,71624,0,0,276102,0,138449,1250.32818,1250.32818,0,0,589503,1253556,0,888411,1773410,71624,0,0,39,26.91,13.55,0,NA
2024-2025,Feb,32,WEST BENGAL,3201,NADIA,0,0,0,0,0,0,185,22419,0,0,121061,0,13075,877.71248,877.71248,0,0,260685,553901,0,764486,1486355,22419,0,0,52,0,0,0,NA
2024-2025,Feb,32,WEST BENGAL,3207,JALPAIGURI,0,0,0,0,0,0,80,29988,0,0,236095,0,81889,434.12228,434.12228,0,0,300581,600255,0,404319,775999,29988,0,0,11,0,0,0,NA
2024-2025,Feb,32,WEST BENGAL,3218,DINAJPUR UTTAR,0,0,0,0,0,0,98,78462,0,0,93592,0,9199,384.46249,384.46249,0,0,185983,367643,0,504688,934307,78462,0,0,84,100,0,0,NA
2024-2025,Feb,32,WEST BENGAL,3212,MURSHIDABAD,0,0,0,0,0,0,250,88969,0,0,64990,0,7652,1047.2574,1047.2574,0,0,327900,595590,0,1232098,2083497,88969,0,0,82,0,0,0,NA
2024-2025,March,32,WEST BENGAL,3214,PURULIA,0,0,0,0,0,1,170,21223,0,0,105097,0,124098,787.09028,787.09028,0,0,250832,581758,0,523968,1126956,21224,0,0,63,0,0,0,NA
2024-2025,Jan,32,WEST BENGAL,3211,PURBA MEDINIPUR,0,0,0,0,0,2536,223,76085,0,0,94250,0,3074,1050.7579,1050.7579,0,0,386183,871151,0,918240,1960271,78621,0,0,61,0,0,0,NA
2024-2025,Jan,32,WEST BENGAL,3212,MURSHIDABAD,0,0,0,0,0,0,250,88974,0,0,64990,0,7652,947.1264,947.1264,0,0,327900,595584,0,1232089,2083456,88974,0,0,82,0,0,0,NA
2024-2025,Jan,32,WEST BENGAL,3218,DINAJPUR UTTAR,0,0,0,0,0,0,98,78462,0,0,93588,0,9199,347.54772,347.54772,0,0,185983,367638,0,504680,934281,78462,0,0,84,0,0,0,NA
2024-2025,Jan,32,WEST BENGAL,3225,PURBA BARDHAMAN,0,0,0,0,0,3,215,24891,0,0,504704,0,98181,0,0,0,0,669971,1377949,0,914301,1821322,24894,0,0,7,9.13,0,0,NA
2024-2025,Jan,32,WEST BENGAL,3201,NADIA,0,0,0,0,0,0,185,22419,0,0,121061,0,13075,795.56601,795.56601,0,0,260685,553874,0,764484,1486312,22419,0,0,52,5.02,0,0,NA
2024-2025,Jan,32,WEST BENGAL,3207,JALPAIGURI,0,0,0,0,0,0,80,29988,0,0,236093,0,81889,392.92929,392.92929,0,0,300581,600251,0,404319,775992,29988,0,0,11,0,0,0,NA
2024-2025,Feb,32,WEST BENGAL,3203,BIRBHUM,0,0,0,0,0,0,167,24977,0,0,336501,0,65421,824.93778,824.93778,0,0,444187,941051,0,677523,1357419,24977,0,0,9,0,0,0,NA
2024-2025,Feb,32,WEST BENGAL,3206,HOOGHLY,0,0,0,0,0,0,207,30872,0,0,518189,0,101732,1047.36049,1047.36049,0,0,669805,1271332,0,839727,1531093,30872,0,0,5,0,0,0,NA
2024-2025,Feb,32,WEST BENGAL,3211,PURBA MEDINIPUR,0,0,0,0,0,2701,223,76076,0,0,94250,0,3074,1162.0444,1162.0444,0,0,386183,871152,0,918251,1960287,78777,0,0,61,0,0,0,NA
2024-2025,Feb,32,WEST BENGAL,3212,MURSHIDABAD,0,0,0,0,0,0,250,88970,0,0,64990,0,7652,1045.2574,1045.2574,0,0,327900,595584,0,1232094,2083470,88970,0,0,82,0,0,0,NA
2024-2025,Feb,32,WEST BENGAL,3225,PURBA BARDHAMAN,0,0,0,0,0,3,215,24891,0,0,504709,0,98182,0,0,0,0,669971,1377962,0,914303,1821341,24894,0,0,7,9.13,0,0,NA
2024-2025,Feb,32,WEST BENGAL,3205,HOWRAH,0,0,0,0,0,0,157,16594,0,0,54682,0,800,419.95861,419.95861,0,0,161738,261429,0,406466,578764,16594,0,0,12,0,0,0,NA
2024-2025,Feb,32,WEST BENGAL,3207,JALPAIGURI,0,0,0,0,0,0,80,29988,0,0,236095,0,81889,434.12228,434.12228,0,0,300581,600254,0,404319,775996,29988,0,0,11,0,0,0,NA
2024-2025,Feb,32,WEST BENGAL,3208,COOCHBEHAR,0,0,0,0,0,0,128,73729,0,0,466254,0,5915,730.77149,730.77149,0,0,468290,910051,0,660910,1254353,73729,0,0,39,0,0,0,NA
2024-2025,Feb,32,WEST BENGAL,3210,PASCHIM MEDINIPUR,0,0,0,0,0,0,211,71625,0,0,276102,0,138450,1140.80964,1140.80964,0,0,589503,1253554,0,888410,1773404,71625,0,0,39,26.91,13.55,0,NA
2024-2025,Feb,32,WEST BENGAL,3211,PURBA MEDINIPUR,0,0,0,0,0,2750,223,77893,0,0,94251,0,3074,1162.0444,1162.0444,0,0,386183,871155,0,918264,1960312,80643,0,0,60,0,0,0,NA
2024-2025,Feb,32,WEST BENGAL,3214,PURULIA,0,0,0,0,0,1,170,21223,0,0,105097,0,124097,718.65273,718.65273,0,0,250832,581757,0,523947,1126920,21224,0,0,63,0,0,0,NA
2024-2025,Feb,32,WEST BENGAL,3203,BIRBHUM,0,0,0,0,0,0,167,24977,0,0,336501,0,65421,824.93778,824.93778,0,0,444187,941055,0,677542,1357448,24977,0,0,9,0,0,0,NA
2024-2025,Feb,32,WEST BENGAL,3211,PURBA MEDINIPUR,0,0,0,0,0,2750,223,77893,0,0,94251,0,3074,1162.0444,1162.0444,0,0,386183,871155,0,918263,1960309,80643,0,0,60,0,0,0,NA
2024-2025,Feb,32,WEST BENGAL,3205,HOWRAH,0,0,0,0,0,0,157,16594,0,0,54682,0,800,419.95861,419.95861,0,0,161738,261429,0,406468,578767,16594,0,0,12,0,0,0,NA
2024-2025,Feb,32,WEST BENGAL,3201,NADIA,0,0,0,0,0,0,185,22419,0,0,121061,0,13075,877.71248,877.71248,0,0,260685,553894,0,764486,1486346,22419,0,0,52,0,0,0,NA
2024-2025,Feb,32,WEST BENGAL,3205,HOWRAH,0,0,0,0,0,0,157,16594,0,0,54682,0,800,419.95861,419.95861,0,0,161738,261429,0,406474,578777,16594,0,0,12,0,0,0,NA
2024-2025,Dec,32,WEST BENGAL,3216,24 PARGANAS SOUTH,0,0,0,0,0,0,310,166625,0,0,255762,0,9543,995.29121,995.29121,0,0,767860,1378554,0,1403360,2360531,166625,0,0,63,47.47,0,0,NA
2024-2025,Dec,32,WEST BENGAL,3203,BIRBHUM,0,0,0,0,0,0,167,24977,0,0,336489,0,65420,668.02174,668.02174,0,0,444187,941018,0,677471,1357317,24977,0,0,9,0,0,0,NA
2024-2025,Dec,32,WEST BENGAL,3206,HOOGHLY,0,0,0,0,0,0,207,30872,0,0,518187,0,101732,846.89455,846.89455,0,0,669805,1271326,0,839720,1531076,30872,0,0,5,0,0,0,NA
2024-2025,Dec,32,WEST BENGAL,3210,PASCHIM MEDINIPUR,0,0,0,0,0,0,211,71632,0,0,276098,0,138447,921.2617,921.2617,0,0,589503,1253536,0,888407,1773376,71632,0,0,39,26.91,13.55,0,NA
2024-2025,Dec,32,WEST BENGAL,3207,JALPAIGURI,0,0,0,0,0,0,80,29988,0,0,236093,0,81889,351.7363,351.7363,0,0,300581,600246,0,404318,775980,29988,0,0,11,0,0,0,NA
2024-2025,Dec,32,WEST BENGAL,3211,PURBA MEDINIPUR,0,0,0,0,0,310,223,76228,0,0,94249,0,3074,938.58968,938.58968,0,0,386183,871147,0,918234,1960247,76538,0,0,61,0,0,0,NA
2024-2025,Dec,32,WEST BENGAL,3214,PURULIA,0,0,0,0,0,1,170,21223,0,0,105567,0,124204,581.40275,581.40275,0,0,251011,582728,0,524699,1130048,21224,0,0,63,0,0,0,NA
2024-2025,Dec,32,WEST BENGAL,3201,NADIA,0,0,0,0,0,0,185,22419,0,0,121059,0,13075,712.97747,712.97747,0,0,260685,553857,0,764479,1486272,22419,0,0,52,5.02,0,0,NA
2024-2025,Dec,32,WEST BENGAL,3205,HOWRAH,0,0,0,0,0,0,157,16594,0,0,54679,0,800,380.26916,380.26916,0,0,161738,261418,0,406409,578676,16594,0,0,12,0,0,0,NA
2024-2025,Dec,32,WEST BENGAL,3207,JALPAIGURI,0,0,0,0,0,0,80,29988,0,0,236093,0,81889,351.7363,351.7363,0,0,300581,600246,0,404318,775981,29988,0,0,11,0,0,0,NA
2024-2025,Dec,32,WEST BENGAL,3216,24 PARGANAS SOUTH,0,0,0,0,0,0,310,166623,0,0,255762,0,9543,1113.11647,1113.11647,0,0,767860,1378554,0,1403391,2360563,166623,0,0,63,47.47,0,0,NA
2024-2025,Dec,32,WEST BENGAL,3218,DINAJPUR UTTAR,0,0,0,0,0,0,98,78462,0,0,93585,0,9199,310.47549,310.47549,0,0,185983,367635,0,504673,934254,78462,0,0,84,0,0,0,NA
2024-2025,Dec,32,WEST BENGAL,3220,ALIPURDUAR,0,0,0,0,0,0,64,61730,0,0,146406,0,115848,0,0,0,0,272547,546687,0,326723,638827,61730,0,0,56,21.14,24.8,0,NA
2024-2025,Jan,32,WEST BENGAL,3201,NADIA,0,0,0,0,0,0,185,22419,0,0,121059,0,13075,795.45693,795.45693,0,0,260685,553860,0,764484,1486283,22419,0,0,52,5.02,0,0,NA
2024-2025,Jan,32,WEST BENGAL,3218,DINAJPUR UTTAR,0,0,0,0,0,0,98,78462,0,0,93585,0,9199,347.54772,347.54772,0,0,185983,367635,0,504673,934257,78462,0,0,84,0,0,0,NA
2024-2025,Feb,32,WEST BENGAL,3201,NADIA,0,0,0,0,0,0,185,22419,0,0,121061,0,13075,877.71248,877.71248,0,0,260685,553876,0,764484,1486317,22419,0,0,52,5.02,0,0,NA
2024-2025,Feb,32,WEST BENGAL,3203,BIRBHUM,0,0,0,0,0,0,167,24977,0,0,336501,0,65421,824.93778,824.93778,0,0,444187,941051,0,677525,1357422,24977,0,0,9,0,0,0,NA
2024-2025,Feb,32,WEST BENGAL,3211,PURBA MEDINIPUR,0,0,0,0,0,2743,223,76076,0,0,94251,0,3074,1162.0444,1162.0444,0,0,386183,871153,0,918251,1960290,78819,0,0,61,0,0,0,NA
2024-2025,Feb,32,WEST BENGAL,3203,BIRBHUM,0,0,0,0,0,0,167,24977,0,0,336501,0,65421,824.93778,824.93778,0,0,444187,941054,0,677526,1357426,24977,0,0,9,0,0,0,NA
2024-2025,Feb,32,WEST BENGAL,3214,PURULIA,0,0,0,0,0,1,170,21223,0,0,105097,0,124097,718.65273,718.65273,0,0,250832,581757,0,523916,1126876,21224,0,0,63,0,0,0,NA
2024-2025,Feb,32,WEST BENGAL,3215,24 PARGANAS (NORTH),0,0,0,0,0,0,199,33730,0,0,173407,0,29399,888.11497,888.11497,0,0,313170,581742,0,873406,1521206,33730,0,0,35,0,0,0,NA
2024-2025,Feb,32,WEST BENGAL,3218,DINAJPUR UTTAR,0,0,0,0,0,0,98,78462,0,0,93590,0,9199,384.46249,384.46249,0,0,185983,367641,0,504686,934296,78462,0,0,84,100,0,0,NA
2024-2025,Feb,32,WEST BENGAL,3222,JHARGRAM,0,0,0,0,0,0,79,18777,0,0,64097,0,91413,0,0,0,0,143160,309792,0,231016,470497,18777,0,0,29,0,0,0,NA
2024-2025,Feb,32,WEST BENGAL,3203,BIRBHUM,0,0,0,0,0,0,167,24977,0,0,336501,0,65421,824.93778,824.93778,0,0,444187,941054,0,677541,1357443,24977,0,0,9,0,0,0,NA
2024-2025,Feb,32,WEST BENGAL,3208,COOCHBEHAR,0,0,0,0,0,0,128,73729,0,0,466254,0,5915,730.77149,730.77149,0,0,468290,910051,0,660901,1254333,73729,0,0,39,0,0,0,NA
2024-2025,Feb,32,WEST BENGAL,3222,JHARGRAM,0,0,0,0,0,0,79,18777,0,0,64099,0,91414,0,0,0,0,143160,309796,0,231016,470515,18777,0,0,29,0,0,0,NA
2024-2025,Feb,32,WEST BENGAL,3213,BANKURA,0,0,0,0,0,0,190,28592,0,0,429012,0,122500,954.51012,954.51012,0,0,428788,1038488,0,686013,1538206,28592,0,0,54,100,0,0,NA
2024-2025,Feb,32,WEST BENGAL,3204,SILIGURI MAHAKUMA PARISAD,0,0,0,0,0,0,22,2282,0,0,43440,0,28959,126.69254,126.69254,0,0,50489,99700,0,116248,215946,2282,0,0,53,0,0,0,NA
2024-2025,Feb,32,WEST BENGAL,3206,HOOGHLY,0,0,0,0,0,0,207,30872,0,0,518189,0,101732,1047.36049,1047.36049,0,0,669805,1271333,0,839729,1531098,30872,0,0,5,0,0,0,NA
2024-2025,Feb,32,WEST BENGAL,3208,COOCHBEHAR,0,0,0,0,0,0,128,73729,0,0,466271,0,5915,730.77149,730.77149,0,0,468290,910074,0,660930,1254428,73729,0,0,39,0,0,0,NA
2024-2025,Feb,32,WEST BENGAL,3210,PASCHIM MEDINIPUR,0,0,0,0,0,0,211,71624,0,0,276102,0,138450,1140.80964,1140.80964,0,0,589503,1253554,0,888410,1773404,71624,0,0,39,26.91,13.55,0,NA
2024-2025,Feb,32,WEST BENGAL,3218,DINAJPUR UTTAR,0,0,0,0,0,0,98,78462,0,0,93592,0,9199,384.46249,384.46249,0,0,185983,367643,0,504688,934306,78462,0,0,84,100,0,0,NA
2024-2025,March,32,WEST BENGAL,3218,DINAJPUR UTTAR,0,0,0,0,0,0,98,78462,0,0,93592,0,9199,421.37726,421.37726,0,0,185983,367643,0,504694,934322,78462,0,0,84,100,0,0,NA
2024-2025,March,32,WEST BENGAL,3212,MURSHIDABAD,0,0,0,0,0,0,250,88968,0,0,64990,0,7652,1144.91722,1144.91722,0,0,327900,595597,0,1232099,2083512,88968,0,0,82,0,0,0,NA
2024-2025,March,32,WEST BENGAL,3216,24 PARGANAS SOUTH,0,0,0,0,0,0,310,166610,0,0,255669,0,9543,1347.72181,1347.72181,0,0,767592,1377410,0,1402166,2357132,166610,0,0,63,99.02,0,0,NA
2024-2025,March,32,WEST BENGAL,3214,PURULIA,0,0,0,0,0,1,170,21223,0,0,105097,0,124098,787.09028,787.09028,0,0,250832,581759,0,523982,1126978,21224,0,0,63,0,0,0,NA
2024-2025,March,32,WEST BENGAL,3212,MURSHIDABAD,0,0,0,0,0,0,250,88968,0,0,64990,0,7652,1144.91722,1144.91722,0,0,327900,595597,0,1232099,2083511,88968,0,0,82,0,0,0,NA
2024-2025,March,32,WEST BENGAL,3218,DINAJPUR UTTAR,0,0,0,0,0,0,98,78462,0,0,93592,0,9199,421.37726,421.37726,0,0,185983,367643,0,504696,934326,78462,0,0,84,100,0,0,NA
2024-2025,March,32,WEST BENGAL,3206,HOOGHLY,0,0,0,0,0,0,207,30872,0,0,518190,0,101732,1147.32622,1147.32622,0,0,669805,1271334,0,839729,1531099,30872,0,0,5,0,0,0,NA
2024-2025,March,32,WEST BENGAL,3208,COOCHBEHAR,0,0,0,0,0,0,128,73729,0,0,466271,0,5915,799.23582,799.23582,0,0,468290,910075,0,660933,1254434,73729,0,0,39,0,0,0,NA
2024-2025,March,32,WEST BENGAL,3209,MALDAH,0,0,0,0,0,0,146,39691,0,0,116008,0,37379,607.28776,607.28776,0,0,334524,570380,0,722770,1170463,39691,0,0,48,0,0,0,NA
2024-2025,March,32,WEST BENGAL,3215,24 PARGANAS (NORTH),0,0,0,0,0,0,199,33730,0,0,173408,0,29399,972.75073,972.75073,0,0,313170,581749,0,873410,1521243,33730,0,0,35,0,0,0,NA
2024-2025,March,32,WEST BENGAL,3219,Darjeeling Gorkha Hill Council (DGHC),0,0,0,0,0,0,70,9799,0,0,14319,0,63316,25.96915,25.96915,0,0,116126,192322,0,127895,208809,9799,0,0,14,0,0,0,NA
2024-2025,March,32,WEST BENGAL,3203,BIRBHUM,0,0,0,0,0,0,167,24977,0,0,336511,0,65423,989.47507,989.47507,0,0,444187,941094,0,677552,1357512,24977,0,0,9,0,0,0,NA
2024-2025,March,32,WEST BENGAL,3225,PURBA BARDHAMAN,0,0,0,0,0,3,215,24891,0,0,504719,0,98185,0,0,0,0,669971,1377994,0,914311,1821394,24894,0,0,7,9.13,0,0,NA
2024-2025,March,32,WEST BENGAL,3205,HOWRAH,0,0,0,0,0,0,157,16594,0,0,54682,0,800,459.48107,459.48107,0,0,161738,261432,0,406511,578822,16594,0,0,12,0,0,0,NA
2024-2025,March,32,WEST BENGAL,3207,JALPAIGURI,0,0,0,0,0,0,80,29988,0,0,236095,0,81889,475.31527,475.31527,0,0,300581,600256,0,404321,776006,29988,0,0,11,0,0,0,NA
2024-2025,Feb,32,WEST BENGAL,3201,NADIA,0,0,0,0,0,0,185,22419,0,0,121061,0,13075,877.71248,877.71248,0,0,260685,553876,0,764485,1486319,22419,0,0,52,0,0,0,NA
2024-2025,Feb,32,WEST BENGAL,3203,BIRBHUM,0,0,0,0,0,0,167,24977,0,0,336502,0,65421,824.93778,824.93778,0,0,444187,941052,0,677525,1357423,24977,0,0,9,0,0,0,NA
2024-2025,Feb,32,WEST BENGAL,3210,PASCHIM MEDINIPUR,0,0,0,0,0,0,211,71625,0,0,276101,0,138450,1140.80964,1140.80964,0,0,589503,1253552,0,888409,1773401,71625,0,0,39,26.91,13.55,0,NA
2024-2025,Feb,32,WEST BENGAL,3211,PURBA MEDINIPUR,0,0,0,0,0,2750,223,77893,0,0,94251,0,3074,1162.0444,1162.0444,0,0,386183,871153,0,918253,1960296,80643,0,0,60,0,0,0,NA
2024-2025,Feb,32,WEST BENGAL,3222,JHARGRAM,0,0,0,0,0,0,79,18777,0,0,64097,0,91412,0,0,0,0,143160,309791,0,231016,470496,18777,0,0,29,0,0,0,NA
2024-2025,July,32,WEST BENGAL,3204,SILIGURI MAHAKUMA PARISAD,0,0,0,0,0,0,22,2336,0,0,43509,0,29024,37.00421,37.00421,0,0,50505,99879,0,116298,216300,2336,0,0,54,0,0,0,NA
2024-2025,Aug,32,WEST BENGAL,3203,BIRBHUM,0,0,0,0,0,0,167,26930,0,0,336456,0,65410,327.79805,327.79805,0,0,444189,940920,0,677441,1357138,26930,0,0,16,0,0,0,NA
2024-2025,Aug,32,WEST BENGAL,3204,SILIGURI MAHAKUMA PARISAD,0,0,0,0,0,0,22,2336,0,0,43515,0,29027,49.58895,49.58895,0,0,50505,99893,0,116300,216338,2336,0,0,54,0,0,0,NA
2024-2025,Aug,32,WEST BENGAL,3209,MALDAH,0,0,0,0,0,0,146,73561,0,0,116007,0,37378,241.83716,241.83716,0,0,334524,570374,0,722692,1170324,73561,0,0,72,0,0,0,NA
2024-2025,Aug,32,WEST BENGAL,3211,PURBA MEDINIPUR,0,0,0,0,0,7,223,80947,0,0,94244,0,3074,451.2492,451.2492,0,0,386183,871111,0,918142,1959999,80954,0,0,63,0,0,0,NA
2024-2025,July,32,WEST BENGAL,3203,BIRBHUM,0,0,0,0,0,0,167,26930,0,0,336437,0,65409,248.02285,248.02285,0,0,444189,940874,0,677329,1356931,26930,0,0,16,0,0,0,NA
2024-2025,July,32,WEST BENGAL,3206,HOOGHLY,0,0,0,0,0,0,207,32921,0,0,518167,0,101722,307.8739,307.8739,0,0,669811,1271254,0,839509,1530707,32921,0,0,10,0,0,0,NA
2024-2025,July,32,WEST BENGAL,3208,COOCHBEHAR,0,0,0,0,0,0,128,73782,0,0,466265,0,5918,225.8445,225.8445,0,0,468295,910055,0,660634,1253850,73782,0,0,39,0,0,0,NA
2024-2025,July,32,WEST BENGAL,3210,PASCHIM MEDINIPUR,0,0,0,0,0,0,211,87860,0,0,276199,0,138531,333.56709,333.56709,0,0,589516,1253851,0,888477,1773919,87860,0,0,50,0,0,0,NA
2024-2025,July,32,WEST BENGAL,3211,PURBA MEDINIPUR,0,0,0,0,0,7,223,80947,0,0,94241,0,3074,338.3844,338.3844,0,0,386183,871092,0,918134,1959918,80954,0,0,63,0,0,0,NA
2024-2025,July,32,WEST BENGAL,3213,BANKURA,0,0,0,0,0,0,190,29967,0,0,429058,0,122517,281.31667,281.31667,0,0,428805,1038592,0,686165,1538538,29967,0,0,56,0,0,0,NA
2024-2025,July,32,WEST BENGAL,3216,24 PARGANAS SOUTH,0,0,0,0,0,0,310,191888,0,0,255822,0,9543,367.1743,367.1743,0,0,767945,1379434,0,1403516,2361964,191888,0,0,68,0,0,0,NA
2024-2025,July,32,WEST BENGAL,3225,PURBA BARDHAMAN,0,0,0,0,0,1,215,30168,0,0,504720,0,98176,0,0,0,0,669981,1377924,0,914289,1821236,30169,0,0,23,0,0,0,NA
2024-2025,July,32,WEST BENGAL,3201,NADIA,0,0,0,0,0,0,185,23808,0,0,121045,0,13075,268.44379,268.44379,0,0,260685,553816,0,764456,1486098,23808,0,0,55,0,0,0,NA
2024-2025,July,32,WEST BENGAL,3215,24 PARGANAS (NORTH),0,0,0,0,0,0,199,85386,0,0,173393,0,29397,267.61744,267.61744,0,0,313170,581692,0,873378,1520977,85386,0,0,74,0,0,0,NA
2024-2025,July,32,WEST BENGAL,3209,MALDAH,0,0,0,0,0,0,146,73561,0,0,116007,0,37378,183.63712,183.63712,0,0,334524,570373,0,722625,1170202,73561,0,0,72,0,0,0,NA
2024-2025,July,32,WEST BENGAL,3211,PURBA MEDINIPUR,0,0,0,0,0,7,223,80947,0,0,94241,0,3074,338.3844,338.3844,0,0,386183,871091,0,918134,1959912,80954,0,0,63,0,0,0,NA
2024-2025,July,32,WEST BENGAL,3225,PURBA BARDHAMAN,0,0,0,0,0,0,215,30168,0,0,504720,0,98176,0,0,0,0,669981,1377922,0,914289,1821234,30168,0,0,23,0,0,0,NA
2024-2025,July,32,WEST BENGAL,3202,PASCHIM BARDHAMAN,0,0,0,0,0,0,62,2608,0,0,78434,0,21981,98.14128,98.14128,0,0,69781,152662,0,140113,286594,2608,0,0,29,0,0,0,NA
2024-2025,July,32,WEST BENGAL,3205,HOWRAH,0,0,0,0,0,0,157,18268,0,0,54658,0,799,124.51422,124.51422,0,0,161738,261291,0,404882,576789,18268,0,0,20,0,0,0,NA
2024-2025,July,32,WEST BENGAL,3207,JALPAIGURI,0,0,0,0,0,0,80,31776,0,0,236070,0,81878,128.11554,128.11554,0,0,300581,600194,0,404316,775884,31776,0,0,16,0,0,0,NA
2024-2025,July,32,WEST BENGAL,3210,PASCHIM MEDINIPUR,0,0,0,0,0,0,211,87860,0,0,276199,0,138531,333.56709,333.56709,0,0,589516,1253856,0,888477,1773924,87860,0,0,50,0,0,0,NA
2024-2025,July,32,WEST BENGAL,3211,PURBA MEDINIPUR,0,0,0,0,0,7,223,80947,0,0,94241,0,3074,338.3844,338.3844,0,0,386183,871092,0,918134,1959929,80954,0,0,63,0,0,0,NA
2024-2025,July,32,WEST BENGAL,3222,JHARGRAM,0,0,0,0,0,0,79,23787,0,0,64090,0,91431,0,0,0,0,143162,309795,0,231017,470509,23787,0,0,44,0,0,0,NA
2024-2025,July,32,WEST BENGAL,3204,SILIGURI MAHAKUMA PARISAD,0,0,0,0,0,0,22,2336,0,0,43509,0,29024,37.00421,37.00421,0,0,50505,99880,0,116298,216302,2336,0,0,54,0,0,0,NA
2024-2025,July,32,WEST BENGAL,3220,ALIPURDUAR,0,0,0,0,0,0,64,64330,0,0,146404,0,115843,0,0,0,0,272547,546679,0,326718,638810,64330,0,0,58,0,0,0,NA
2024-2025,July,32,WEST BENGAL,3211,PURBA MEDINIPUR,0,0,0,0,0,7,223,80947,0,0,94243,0,3074,338.3844,338.3844,0,0,386183,871094,0,918134,1959933,80954,0,0,63,0,0,0,NA
2024-2025,July,32,WEST BENGAL,3214,PURULIA,0,0,0,0,0,0,170,24060,0,0,105728,0,124772,206.14113,206.14113,0,0,251062,584103,0,524986,1132877,24060,0,0,67,0,0,0,NA
2024-2025,June,32,WEST BENGAL,3203,BIRBHUM,0,0,0,0,0,0,167,26930,0,0,336430,0,65401,166.24766,166.24766,0,0,444189,940829,0,677283,1356802,26930,0,0,16,0,0,0,NA
2024-2025,June,32,WEST BENGAL,3213,BANKURA,0,0,0,0,0,0,190,29967,0,0,429094,0,122529,188.72741,188.72741,0,0,428812,1038637,0,686241,1538684,29967,0,0,56,0,0,0,NA
2024-2025,July,32,WEST BENGAL,3201,NADIA,0,0,0,0,0,0,185,23808,0,0,121045,0,13075,268.44379,268.44379,0,0,260685,553809,0,764455,1486068,23808,0,0,55,0,0,0,NA
2024-2025,July,32,WEST BENGAL,3207,JALPAIGURI,0,0,0,0,0,0,80,31776,0,0,236065,0,81878,128.11554,128.11554,0,0,300581,600186,0,404316,775868,31776,0,0,16,0,0,0,NA
2024-2025,June,32,WEST BENGAL,3212,MURSHIDABAD,0,0,0,0,0,0,250,106885,0,0,64996,0,7656,219.04229,219.04229,0,0,328032,595656,0,1232698,2083721,106885,0,0,85,0,0,0,NA
2024-2025,June,32,WEST BENGAL,3209,MALDAH,0,0,0,0,0,0,146,73561,0,0,116007,0,37378,125.03208,125.03208,0,0,334524,570373,0,722623,1170199,73561,0,0,72,0,0,0,NA
2024-2025,June,32,WEST BENGAL,3219,Darjeeling Gorkha Hill Council (DGHC),0,0,0,0,0,0,70,10272,0,0,14319,0,63312,0,0,0,0,116127,192312,0,127896,208798,10272,0,0,18,0,0,0,NA
2024-2025,July,32,WEST BENGAL,3208,COOCHBEHAR,0,0,0,0,0,0,128,73782,0,0,466275,0,5918,223.8445,223.8445,0,0,468290,910064,0,660608,1253832,73782,0,0,39,100,0,0,NA
2024-2025,July,32,WEST BENGAL,3211,PURBA MEDINIPUR,0,0,0,0,0,7,223,80947,0,0,94240,0,3074,338.3844,338.3844,0,0,386183,871090,0,918132,1959899,80954,0,0,63,0,0,0,NA
2024-2025,July,32,WEST BENGAL,3212,MURSHIDABAD,0,0,0,0,0,0,250,106885,0,0,64996,0,7656,318.99371,318.99371,0,0,328032,595664,0,1232706,2083766,106885,0,0,85,0,0,0,NA
2024-2025,June,32,WEST BENGAL,3215,24 PARGANAS (NORTH),0,0,0,0,0,0,199,85386,0,0,173393,0,29397,181.82002,181.82002,0,0,313170,581688,0,873372,1520961,85386,0,0,74,0,0,0,NA
2024-2025,June,32,WEST BENGAL,3201,NADIA,0,0,0,0,0,0,185,23808,0,0,121044,0,13075,184.32998,184.32998,0,0,260685,553797,0,764455,1486051,23808,0,0,55,0,0,0,NA
2024-2025,June,32,WEST BENGAL,3208,COOCHBEHAR,0,0,0,0,0,0,128,73782,0,0,466274,0,5918,154.232,154.232,0,0,468290,910057,0,660604,1253817,73782,0,0,39,100,0,0,NA
2024-2025,May,32,WEST BENGAL,3204,SILIGURI MAHAKUMA PARISAD,0,0,0,0,0,0,22,2336,0,0,43505,0,29024,12.41473,12.41473,0,0,50505,99875,0,116298,216294,2336,0,0,54,0,0,0,NA
2024-2025,May,32,WEST BENGAL,3208,COOCHBEHAR,0,0,0,0,0,0,128,73782,0,0,466272,0,5918,80.7429,80.7429,0,0,468290,910045,0,660593,1253783,73782,0,0,39,0,0,0,NA
2024-2025,May,32,WEST BENGAL,3216,24 PARGANAS SOUTH,0,0,0,0,0,0,310,191888,0,0,255822,0,9543,129.85928,129.85928,0,0,767945,1379428,0,1403495,2361921,191888,0,0,68,0,0,0,NA
2024-2025,June,32,WEST BENGAL,3208,COOCHBEHAR,0,0,0,0,0,0,128,73782,0,0,466272,0,5918,150.3554,150.3554,0,0,468290,910046,0,660593,1253784,73782,0,0,39,0,0,0,NA
2024-2025,June,32,WEST BENGAL,3217,DINAJPUR DAKSHIN,0,0,0,0,0,0,64,13890,0,0,71272,0,42797,65.83756,65.83756,0,0,130822,262897,0,277898,521641,13890,0,0,37,0,0,0,NA
2024-2025,May,32,WEST BENGAL,3209,MALDAH,0,0,0,0,0,0,146,73493,0,0,116007,0,37378,66.43104,66.43104,0,0,334524,570373,0,722609,1170176,73493,0,0,72,0,0,0,NA
2024-2025,May,32,WEST BENGAL,3225,PURBA BARDHAMAN,0,0,0,0,0,0,215,30168,0,0,504716,0,98174,0,0,0,0,669981,1377887,0,914285,1821175,30168,0,0,23,0,0,0,NA
2024-2025,June,32,WEST BENGAL,3203,BIRBHUM,0,0,0,0,0,0,167,26930,0,0,336429,0,65401,166.24766,166.24766,0,0,444189,940819,0,677280,1356785,26930,0,0,16,0,0,0,NA
2024-2025,June,32,WEST BENGAL,3207,JALPAIGURI,0,0,0,0,0,0,80,31776,0,0,236059,0,81871,85.1493,85.1493,0,0,300581,600171,0,404316,775832,31776,0,0,16,0,0,0,NA
2024-2025,June,32,WEST BENGAL,3212,MURSHIDABAD,0,0,0,0,0,0,250,106885,0,0,64996,0,7656,219.04229,219.04229,0,0,328032,595649,0,1232674,2083665,106885,0,0,85,0,0,0,NA
2024-2025,June,32,WEST BENGAL,3208,COOCHBEHAR,0,0,0,0,0,0,128,73782,0,0,466274,0,5918,150.3554,150.3554,0,0,468290,910050,0,660596,1253796,73782,0,0,39,0,0,0,NA
2024-2025,June,32,WEST BENGAL,3208,COOCHBEHAR,0,0,0,0,0,0,128,73782,0,0,466274,0,5918,152.0582,152.0582,0,0,468290,910055,0,660604,1253815,73782,0,0,39,100,0,0,NA
2024-2025,June,32,WEST BENGAL,3222,JHARGRAM,0,0,0,0,0,0,79,23787,0,0,64089,0,91431,0,0,0,0,143162,309793,0,231017,470497,23787,0,0,44,0,0,0,NA
2024-2025,July,32,WEST BENGAL,3206,HOOGHLY,0,0,0,0,0,0,207,32921,0,0,518155,0,101720,307.8739,307.8739,0,0,669811,1271213,0,839491,1530618,32921,0,0,10,0,0,0,NA
2024-2025,July,32,WEST BENGAL,3214,PURULIA,0,0,0,0,0,0,170,24060,0,0,105727,0,124772,206.14113,206.14113,0,0,251062,584100,0,524969,1132825,24060,0,0,67,0,0,0,NA
2024-2025,July,32,WEST BENGAL,3212,MURSHIDABAD,0,0,0,0,0,0,250,106885,0,0,64996,0,7656,318.99371,318.99371,0,0,328032,595694,0,1232711,2083929,106885,0,0,85,0,0,0,NA
2024-2025,July,32,WEST BENGAL,3215,24 PARGANAS (NORTH),0,0,0,0,0,0,199,85386,0,0,173393,0,29397,267.61744,267.61744,0,0,313170,581690,0,873375,1520972,85386,0,0,74,0,0,0,NA
2024-2025,July,32,WEST BENGAL,3221,KALIMPONG,0,0,0,0,0,0,42,4520,0,0,5482,0,28234,15.86744,15.86744,0,0,53634,86600,0,55784,89477,4520,0,0,23,0,0,0,NA
2024-2025,Jan,32,WEST BENGAL,3204,SILIGURI MAHAKUMA PARISAD,0,0,0,0,0,0,22,2282,0,0,43439,0,28959,126.69254,126.69254,0,0,50489,99699,0,116248,215943,2282,0,0,53,0,0,0,NA
2024-2025,Jan,32,WEST BENGAL,3208,COOCHBEHAR,0,0,0,0,0,0,128,73729,0,0,466255,0,5915,730.77149,730.77149,0,0,468294,910051,0,660898,1254319,73729,0,0,39,0,0,0,NA
2024-2025,Jan,32,WEST BENGAL,3213,BANKURA,0,0,0,0,0,0,190,28592,0,0,429011,0,122500,954.51012,954.51012,0,0,428788,1038484,0,686013,1538201,28592,0,0,54,100,0,0,NA
2024-2025,Jan,32,WEST BENGAL,3215,24 PARGANAS (NORTH),0,0,0,0,0,0,199,33730,0,0,173406,0,29399,888.11497,888.11497,0,0,313170,581735,0,873402,1521183,33730,0,0,35,0,0,0,NA
2024-2025,Jan,32,WEST BENGAL,3217,DINAJPUR DAKSHIN,0,0,0,0,0,0,64,13349,0,0,71275,0,42797,327.87409,327.87409,0,0,130822,262902,0,277900,521654,13349,0,0,35,0,0,0,NA
2024-2025,Jan,32,WEST BENGAL,3218,DINAJPUR UTTAR,0,0,0,0,0,0,98,78462,0,0,93588,0,9199,384.46249,384.46249,0,0,185983,367639,0,504686,934294,78462,0,0,84,0,0,0,NA
2024-2025,Jan,32,WEST BENGAL,3220,ALIPURDUAR,0,0,0,0,0,0,64,61730,0,0,146407,0,115848,0,0,0,0,272547,546689,0,326723,638829,61730,0,0,56,21.14,24.8,0,NA
2024-2025,Feb,32,WEST BENGAL,3205,HOWRAH,0,0,0,0,0,0,157,16594,0,0,54681,0,800,419.95861,419.95861,0,0,161738,261428,0,406456,578750,16594,0,0,12,0,0,0,NA
2024-2025,Feb,32,WEST BENGAL,3210,PASCHIM MEDINIPUR,0,0,0,0,0,0,211,71625,0,0,276099,0,138450,1140.80964,1140.80964,0,0,589503,1253543,0,888409,1773392,71625,0,0,39,26.91,13.55,0,NA
2024-2025,June,32,WEST BENGAL,3209,MALDAH,0,0,0,0,0,0,146,73493,0,0,116007,0,37378,125.03208,125.03208,0,0,334524,570373,0,722613,1170183,73493,0,0,72,0,0,0,NA
2024-2025,Aug,32,WEST BENGAL,3206,HOOGHLY,0,0,0,0,0,0,207,32921,0,0,518206,0,101729,409.13556,409.13556,0,0,669811,1271379,0,839685,1531070,32921,0,0,10,0,0,0,NA
2024-2025,June,32,WEST BENGAL,3213,BANKURA,0,0,0,0,0,0,190,29967,0,0,429094,0,122530,188.72741,188.72741,0,0,428814,1038637,0,686245,1538682,29967,0,0,56,0,0,0,NA
2024-2025,June,32,WEST BENGAL,3222,JHARGRAM,0,0,0,0,0,0,79,23787,0,0,64089,0,91431,0,0,0,0,143162,309793,0,231017,470495,23787,0,0,44,0,0,0,NA
2024-2025,June,32,WEST BENGAL,3216,24 PARGANAS SOUTH,0,0,0,0,0,0,310,191888,0,0,255822,0,9543,248.51679,248.51679,0,0,767945,1379430,0,1403502,2361932,191888,0,0,68,0,0,0,NA
2024-2025,June,32,WEST BENGAL,3201,NADIA,0,0,0,0,0,0,185,23808,0,0,121043,0,13075,184.32998,184.32998,0,0,260685,553792,0,764455,1486042,23808,0,0,55,0,0,0,NA
2024-2025,June,32,WEST BENGAL,3203,BIRBHUM,0,0,0,0,0,0,167,26930,0,0,336429,0,65401,166.24766,166.24766,0,0,444189,940822,0,677283,1356794,26930,0,0,16,0,0,0,NA
2024-2025,June,32,WEST BENGAL,3205,HOWRAH,0,0,0,0,0,0,157,18268,0,0,54658,0,799,84.65002,84.65002,0,0,161738,261290,0,404844,576747,18268,0,0,20,0,0,0,NA
2024-2025,June,32,WEST BENGAL,3214,PURULIA,0,0,0,0,0,0,170,24060,0,0,105725,0,124770,137.6703,137.6703,0,0,251062,584081,0,524957,1132746,24060,0,0,67,0,0,0,NA
2024-2025,May,32,WEST BENGAL,3207,JALPAIGURI,0,0,0,0,0,0,80,31776,0,0,236058,0,81868,43.02465,43.02465,0,0,300581,600166,0,404316,775823,31776,0,0,16,0,0,0,NA
2024-2025,Aug,32,WEST BENGAL,3203,BIRBHUM,0,0,0,0,0,0,167,26930,0,0,336457,0,65410,327.79805,327.79805,0,0,444189,940924,0,677441,1357142,26930,0,0,16,0,0,0,NA
2024-2025,Aug,32,WEST BENGAL,3208,COOCHBEHAR,0,0,0,0,0,0,128,73782,0,0,466235,0,5915,295.11291,295.11291,0,0,468295,909999,0,660725,1253924,73782,0,0,39,0,0,0,NA
2024-2025,Aug,32,WEST BENGAL,3204,SILIGURI MAHAKUMA PARISAD,0,0,0,0,0,0,22,2336,0,0,43513,0,29025,49.58895,49.58895,0,0,50505,99885,0,116299,216324,2336,0,0,54,0,0,0,NA
2024-2025,Aug,32,WEST BENGAL,3205,HOWRAH,0,0,0,0,0,0,157,18268,0,0,54673,0,800,166.85182,166.85182,0,0,161738,261377,0,405519,577640,18268,0,0,20,0,0,0,NA
2024-2025,Aug,32,WEST BENGAL,3204,SILIGURI MAHAKUMA PARISAD,0,0,0,0,0,0,22,2336,0,0,43513,0,29025,49.29895,49.29895,0,0,50505,99885,0,116299,216324,2336,0,0,54,0,0,0,NA
2024-2025,Aug,32,WEST BENGAL,3206,HOOGHLY,0,0,0,0,0,0,207,32921,0,0,518205,0,101729,409.13556,409.13556,0,0,669811,1271375,0,839673,1531049,32921,0,0,10,0,0,0,NA
2024-2025,Aug,32,WEST BENGAL,3207,JALPAIGURI,0,0,0,0,0,0,80,31776,0,0,236076,0,81885,171.22907,171.22907,0,0,300581,600212,0,404317,775918,31776,0,0,16,0,0,0,NA
2024-2025,Aug,32,WEST BENGAL,3208,COOCHBEHAR,0,0,0,0,0,0,128,73782,0,0,466236,0,5915,295.11291,295.11291,0,0,468295,910000,0,660733,1253940,73782,0,0,39,0,0,0,NA
2024-2025,Aug,32,WEST BENGAL,3216,24 PARGANAS SOUTH,0,0,0,0,0,0,310,191888,0,0,255824,0,9543,485.83181,485.83181,0,0,767937,1379442,0,1403549,2362050,191888,0,0,68,0,0,0,NA
2024-2025,April,32,WEST BENGAL,3201,NADIA,0,0,0,0,0,0,185,23808,0,0,121042,0,13075,4.08,4.08,0,0,260685,553790,0,764452,1486028,23808,0,0,55,0,0,0,NA
2024-2025,April,32,WEST BENGAL,3203,BIRBHUM,0,0,0,0,0,0,167,26930,0,0,336422,0,65400,6,6,0,0,444190,940794,0,677395,1356860,26930,0,0,16,0,0,0,NA
2024-2025,Nov,32,WEST BENGAL,3206,HOOGHLY,0,0,0,0,0,0,207,30872,0,0,518216,0,101732,746.47731,746.47731,0,0,669811,1271430,0,839737,1531206,30872,0,0,5,0,0,0,NA
2024-2025,Nov,32,WEST BENGAL,3208,COOCHBEHAR,0,0,0,0,0,0,128,73728,0,0,466246,0,5915,524.03814,524.03814,0,0,468295,910039,0,660850,1254208,73728,0,0,39,0,0,0,NA
2024-2025,Nov,32,WEST BENGAL,3211,PURBA MEDINIPUR,0,0,0,0,0,7,223,76360,0,0,94249,0,3074,826.55706,826.55706,0,0,386183,871146,0,918232,1960232,76367,0,0,61,0,0,0,NA
2024-2025,Nov,32,WEST BENGAL,3218,DINAJPUR UTTAR,0,0,0,0,0,0,98,78462,0,0,93584,0,9199,273.26787,273.26787,0,0,185983,367632,0,504672,934246,78462,0,0,84,0,0,0,NA
2024-2025,Nov,32,WEST BENGAL,3212,MURSHIDABAD,0,0,0,0,0,0,250,88974,0,0,64990,0,7652,749.08925,749.08925,0,0,327900,595583,0,1232070,2083412,88974,0,0,82,0,0,0,NA
2024-2025,Nov,32,WEST BENGAL,3211,PURBA MEDINIPUR,0,0,0,0,0,7,223,76360,0,0,94249,0,3074,826.55706,826.55706,0,0,386183,871146,0,918229,1960226,76367,0,0,61,0,0,0,NA
2024-2025,Nov,32,WEST BENGAL,3203,BIRBHUM,0,0,0,0,0,0,167,24978,0,0,336477,0,65414,588.67441,588.67441,0,0,444187,940986,0,677400,1357192,24978,0,0,9,0,0,0,NA
2024-2025,Nov,32,WEST BENGAL,3211,PURBA MEDINIPUR,0,0,0,0,0,7,223,76360,0,0,94249,0,3074,826.55706,826.55706,0,0,386183,871145,0,918227,1960223,76367,0,0,61,0,0,0,NA
2024-2025,Oct,32,WEST BENGAL,3203,BIRBHUM,0,0,0,0,0,0,167,26930,0,0,336458,0,65414,509.18741,509.18741,0,0,444187,940939,0,677366,1357094,26930,0,0,16,0,0,0,NA
2024-2025,Oct,32,WEST BENGAL,3208,COOCHBEHAR,0,0,0,0,0,0,128,73782,0,0,466240,0,5915,454.76973,454.76973,0,0,468295,910022,0,660848,1254182,73782,0,0,39,0,0,0,NA
2024-2025,Aug,32,WEST BENGAL,3221,KALIMPONG,0,0,0,0,0,0,42,4520,0,0,5477,0,28225,19.8343,19.8343,0,0,53595,86556,0,55741,89430,4520,0,0,23,0,0,0,NA
2024-2025,Aug,32,WEST BENGAL,3206,HOOGHLY,0,0,0,0,0,0,207,32921,0,0,518206,0,101729,409.13556,409.13556,0,0,669811,1271377,0,839684,1531067,32921,0,0,10,0,0,0,NA
2024-2025,Aug,32,WEST BENGAL,3214,PURULIA,0,0,0,0,0,0,170,24060,0,0,105729,0,124774,274.41808,274.41808,0,0,251062,584122,0,525061,1133066,24060,0,0,67,0,0,0,NA
2024-2025,Aug,32,WEST BENGAL,3215,24 PARGANAS (NORTH),0,0,0,0,0,0,199,85386,0,0,173397,0,29397,353.23019,353.23019,0,0,313170,581710,0,873390,1521074,85386,0,0,74,0,0,0,NA
2024-2025,Aug,32,WEST BENGAL,3216,24 PARGANAS SOUTH,0,0,0,0,0,0,310,191888,0,0,255824,0,9543,485.83181,485.83181,0,0,767936,1379443,0,1403556,2362067,191888,0,0,68,0,0,0,NA
2024-2025,Aug,32,WEST BENGAL,3203,BIRBHUM,0,0,0,0,0,0,167,26930,0,0,336457,0,65410,327.79805,327.79805,0,0,444189,940924,0,677445,1357146,26930,0,0,16,0,0,0,NA
2024-2025,Aug,32,WEST BENGAL,3208,COOCHBEHAR,0,0,0,0,0,0,128,73782,0,0,466236,0,5915,295.11291,295.11291,0,0,468295,910003,0,660751,1253977,73782,0,0,39,0,0,0,NA
2024-2025,Sep,32,WEST BENGAL,3210,PASCHIM MEDINIPUR,0,0,0,0,0,0,211,87860,0,0,276174,0,138488,554.49621,554.49621,0,0,589515,1253761,0,888479,1773808,87860,0,0,50,0,0,0,NA
2024-2025,Sep,32,WEST BENGAL,3214,PURULIA,0,0,0,0,0,0,170,24060,0,0,105730,0,124776,342.69811,342.69811,0,0,251062,584129,0,525066,1133093,24060,0,0,67,0,0,0,NA
2024-2025,Oct,32,WEST BENGAL,3206,HOOGHLY,0,0,0,0,0,0,207,32921,0,0,518214,0,101731,646.08266,646.08266,0,0,669811,1271422,0,839734,1531188,32921,0,0,10,0,0,0,NA
2024-2025,Oct,32,WEST BENGAL,3222,JHARGRAM,0,0,0,0,0,0,79,23787,0,0,64094,0,91412,0,0,0,0,143160,309784,0,231014,470482,23787,0,0,44,0,0,0,NA
2024-2025,Nov,32,WEST BENGAL,3222,JHARGRAM,0,0,0,0,0,0,79,23787,0,0,64096,0,91412,0,0,0,0,143160,309786,0,231015,470487,23787,0,0,44,0,0,0,NA
2024-2025,Nov,32,WEST BENGAL,3201,NADIA,0,0,0,0,0,0,185,23808,0,0,121054,0,13075,629.74317,629.74317,0,0,260685,553848,0,764478,1486250,23808,0,0,55,0,0,0,NA
2024-2025,Nov,32,WEST BENGAL,3210,PASCHIM MEDINIPUR,0,0,0,0,0,0,211,87860,0,0,276111,0,138460,811.32978,811.32978,0,0,589506,1253601,0,888424,1773483,87860,0,0,50,23.09,5.87,0,NA
2024-2025,Nov,32,WEST BENGAL,3213,BANKURA,0,0,0,0,0,0,190,29967,0,0,429012,0,122500,679.99609,679.99609,0,0,428788,1038482,0,686009,1538191,29967,0,0,56,100,0,0,NA
2024-2025,Nov,32,WEST BENGAL,3202,PASCHIM BARDHAMAN,0,0,0,0,0,0,62,2054,0,0,78437,0,21985,236.66556,236.66556,0,0,69781,152671,0,140168,286670,2054,0,0,10,0,0,0,NA
2024-2025,Sep,32,WEST BENGAL,3205,HOWRAH,0,0,0,0,0,0,157,18268,0,0,54678,0,800,206.5233,206.5233,0,0,161738,261412,0,406252,578494,18268,0,0,20,0,0,0,NA
2024-2025,Sep,32,WEST BENGAL,3203,BIRBHUM,0,0,0,0,0,0,167,26930,0,0,336450,0,65414,407.57325,407.57325,0,0,444187,940923,0,677346,1357052,26930,0,0,16,0,0,0,NA
2024-2025,Sep,32,WEST BENGAL,3218,DINAJPUR UTTAR,0,0,0,0,0,0,98,84348,0,0,93586,0,9199,192.01485,192.01485,0,0,185988,367640,0,504671,934213,84348,0,0,85,0,0,0,NA
2024-2025,Sep,32,WEST BENGAL,3225,PURBA BARDHAMAN,0,0,0,0,0,2,215,30167,0,0,504724,0,98175,0,0,0,0,669977,1377969,0,914298,1821323,30169,0,0,23,0,0,0,NA
2024-2025,Sep,32,WEST BENGAL,3208,COOCHBEHAR,0,0,0,0,0,0,128,73782,0,0,466234,0,5915,364.38132,364.38132,0,0,468295,910007,0,660816,1254100,73782,0,0,39,0,0,0,NA
2024-2025,Sep,32,WEST BENGAL,3205,HOWRAH,0,0,0,0,0,0,157,18268,0,0,54678,0,800,206.72514,206.72514,0,0,161738,261412,0,406266,578513,18268,0,0,20,0,0,0,NA
2024-2025,Sep,32,WEST BENGAL,3214,PURULIA,0,0,0,0,0,0,170,24060,0,0,105731,0,124777,352.62191,352.62191,0,0,251062,584132,0,525071,1133109,24060,0,0,67,0,0,0,NA
2024-2025,Sep,32,WEST BENGAL,3210,PASCHIM MEDINIPUR,0,0,0,0,0,0,211,87860,0,0,276122,0,138478,554.49621,554.49621,0,0,589509,1253642,0,888446,1773572,87860,0,0,50,0,0,0,NA
2024-2025,Sep,32,WEST BENGAL,3218,DINAJPUR UTTAR,0,0,0,0,0,0,98,84348,0,0,93586,0,9199,192.01485,192.01485,0,0,185988,367640,0,504680,934236,84348,0,0,85,0,0,0,NA
2024-2025,July,32,WEST BENGAL,3210,PASCHIM MEDINIPUR,0,0,0,0,0,0,211,87860,0,0,276200,0,138531,333.56709,333.56709,0,0,589516,1253862,0,888478,1773934,87860,0,0,50,0,0,0,NA
2024-2025,July,32,WEST BENGAL,3213,BANKURA,0,0,0,0,0,0,190,29967,0,0,429056,0,122512,281.31667,281.31667,0,0,428799,1038561,0,686132,1538476,29967,0,0,56,0,0,0,NA
2024-2025,July,32,WEST BENGAL,3214,PURULIA,0,0,0,0,0,0,170,24060,0,0,105729,0,124772,206.14113,206.14113,0,0,251062,584112,0,525037,1132991,24060,0,0,67,0,0,0,NA
2024-2025,July,32,WEST BENGAL,3216,24 PARGANAS SOUTH,0,0,0,0,0,0,310,191888,0,0,255825,0,9543,367.1743,367.1743,0,0,767944,1379440,0,1403533,2362000,191888,0,0,68,0,0,0,NA
2024-2025,July,32,WEST BENGAL,3209,MALDAH,0,0,0,0,0,0,146,73561,0,0,116007,0,37378,183.63712,183.63712,0,0,334524,570373,0,722629,1170210,73561,0,0,72,0,0,0,NA
2024-2025,July,32,WEST BENGAL,3207,JALPAIGURI,0,0,0,0,0,0,80,31776,0,0,236070,0,81878,128.11554,128.11554,0,0,300581,600194,0,404317,775886,31776,0,0,16,0,0,0,NA
2024-2025,July,32,WEST BENGAL,3208,COOCHBEHAR,0,0,0,0,0,0,128,73782,0,0,466272,0,5920,225.8445,225.8445,0,0,468295,910066,0,660651,1253902,73782,0,0,39,0,0,0,NA
2024-2025,July,32,WEST BENGAL,3214,PURULIA,0,0,0,0,0,0,170,24060,0,0,105728,0,124772,206.14113,206.14113,0,0,251062,584104,0,524988,1132881,24060,0,0,67,0,0,0,NA
2024-2025,Aug,32,WEST BENGAL,3204,SILIGURI MAHAKUMA PARISAD,0,0,0,0,0,0,22,2336,0,0,43515,0,29027,49.58895,49.58895,0,0,50505,99893,0,116301,216342,2336,0,0,54,0,0,0,NA
2024-2025,Aug,32,WEST BENGAL,3210,PASCHIM MEDINIPUR,0,0,0,0,0,0,211,87860,0,0,276201,0,138531,444.03165,444.03165,0,0,589516,1253871,0,888485,1773960,87860,0,0,50,0,0,0,NA
2024-2025,Sep,32,WEST BENGAL,3204,SILIGURI MAHAKUMA PARISAD,0,0,0,0,0,0,22,2336,0,0,43515,0,29027,61.88369,61.88369,0,0,50505,99893,0,116308,216351,2336,0,0,54,0,0,0,NA
2024-2025,Sep,32,WEST BENGAL,3205,HOWRAH,0,0,0,0,0,0,157,18268,0,0,54678,0,800,206.5233,206.5233,0,0,161738,261407,0,406045,578260,18268,0,0,20,0,0,0,NA
2024-2025,Sep,32,WEST BENGAL,3208,COOCHBEHAR,0,0,0,0,0,0,128,73782,0,0,466230,0,5915,364.38132,364.38132,0,0,468295,909994,0,660798,1254050,73782,0,0,39,0,0,0,NA
2024-2025,Sep,32,WEST BENGAL,3209,MALDAH,0,0,0,0,0,0,146,73561,0,0,116007,0,37378,295.9764,295.9764,0,0,334524,570376,0,722732,1170386,73561,0,0,72,0,0,0,NA
2024-2025,Sep,32,WEST BENGAL,3210,PASCHIM MEDINIPUR,0,0,0,0,0,0,211,87860,0,0,276183,0,138488,554.49621,554.49621,0,0,589515,1253773,0,888478,1773824,87860,0,0,50,0,0,0,NA
2024-2025,Sep,32,WEST BENGAL,3218,DINAJPUR UTTAR,0,0,0,0,0,0,98,84348,0,0,93586,0,9199,192.01485,192.01485,0,0,185988,367640,0,504661,934183,84348,0,0,85,0,0,0,NA
2024-2025,Sep,32,WEST BENGAL,3209,MALDAH,0,0,0,0,0,0,146,73561,0,0,116007,0,37378,298.82928,298.82928,0,0,334524,570376,0,722751,1170421,73561,0,0,72,0,0,0,NA
2024-2025,Sep,32,WEST BENGAL,3210,PASCHIM MEDINIPUR,0,0,0,0,0,0,211,87860,0,0,276122,0,138478,554.49621,554.49621,0,0,589509,1253641,0,888446,1773570,87860,0,0,50,0,0,0,NA
2024-2025,Sep,32,WEST BENGAL,3211,PURBA MEDINIPUR,0,0,0,0,0,7,223,80947,0,0,94249,0,3074,563.28182,563.28182,0,0,386183,871137,0,918165,1960087,80954,0,0,63,0,0,0,NA
2024-2025,Aug,32,WEST BENGAL,3202,PASCHIM BARDHAMAN,0,0,0,0,0,0,62,2608,0,0,78436,0,21982,130.28235,130.28235,0,0,69781,152667,0,140159,286651,2608,0,0,29,0,0,0,NA
2024-2025,Aug,32,WEST BENGAL,3208,COOCHBEHAR,0,0,0,0,0,0,128,73782,0,0,466273,0,5920,295.11291,295.11291,0,0,468295,910075,0,660709,1254009,73782,0,0,39,0,0,0,NA
2024-2025,July,32,WEST BENGAL,3207,JALPAIGURI,0,0,0,0,0,0,80,31776,0,0,236075,0,81884,128.11554,128.11554,0,0,300581,600207,0,404317,775910,31776,0,0,16,0,0,0,NA
2024-2025,July,32,WEST BENGAL,3208,COOCHBEHAR,0,0,0,0,0,0,128,73782,0,0,466272,0,5920,225.8445,225.8445,0,0,468295,910071,0,660698,1253984,73782,0,0,39,0,0,0,NA
2024-2025,July,32,WEST BENGAL,3206,HOOGHLY,0,0,0,0,0,0,207,32921,0,0,518187,0,101729,307.8739,307.8739,0,0,669811,1271330,0,839561,1530868,32921,0,0,10,0,0,0,NA
2024-2025,July,32,WEST BENGAL,3210,PASCHIM MEDINIPUR,0,0,0,0,0,0,211,87860,0,0,276199,0,138531,333.56709,333.56709,0,0,589516,1253859,0,888478,1773930,87860,0,0,50,0,0,0,NA
2024-2025,July,32,WEST BENGAL,3213,BANKURA,0,0,0,0,0,0,190,29967,0,0,429054,0,122511,281.31667,281.31667,0,0,428799,1038552,0,686131,1538457,29967,0,0,56,0,0,0,NA
2024-2025,July,32,WEST BENGAL,3215,24 PARGANAS (NORTH),0,0,0,0,0,0,199,85386,0,0,173393,0,29397,267.61744,267.61744,0,0,313170,581694,0,873379,1520988,85386,0,0,74,0,0,0,NA
2024-2025,July,32,WEST BENGAL,3225,PURBA BARDHAMAN,0,0,0,0,0,1,215,30168,0,0,504723,0,98176,0,0,0,0,669981,1377945,0,914294,1821279,30169,0,0,23,0,0,0,NA
2024-2025,July,32,WEST BENGAL,3206,HOOGHLY,0,0,0,0,0,0,207,32921,0,0,518152,0,101719,307.8739,307.8739,0,0,669811,1271203,0,839491,1530605,32921,0,0,10,0,0,0,NA
2024-2025,July,32,WEST BENGAL,3214,PURULIA,0,0,0,0,0,0,170,24060,0,0,105727,0,124772,206.14113,206.14113,0,0,251062,584099,0,524969,1132821,24060,0,0,67,0,0,0,NA
2024-2025,July,32,WEST BENGAL,3220,ALIPURDUAR,0,0,0,0,0,0,64,64330,0,0,146404,0,115843,0,0,0,0,272547,546678,0,326715,638804,64330,0,0,58,0,0,0,NA
2024-2025,July,32,WEST BENGAL,3201,NADIA,0,0,0,0,0,0,185,23808,0,0,121045,0,13075,268.44379,268.44379,0,0,260685,553814,0,764456,1486093,23808,0,0,55,0,0,0,NA
2024-2025,July,32,WEST BENGAL,3216,24 PARGANAS SOUTH,0,0,0,0,0,0,310,191888,0,0,255822,0,9543,367.1743,367.1743,0,0,767945,1379435,0,1403517,2361966,191888,0,0,68,0,0,0,NA
2024-2025,July,32,WEST BENGAL,3201,NADIA,0,0,0,0,0,0,185,23808,0,0,121050,0,13075,268.44379,268.44379,0,0,260685,553839,0,764466,1486193,23808,0,0,55,0,0,0,NA
2024-2025,July,32,WEST BENGAL,3204,SILIGURI MAHAKUMA PARISAD,0,0,0,0,0,0,22,2336,0,0,43510,0,29024,37.00421,37.00421,0,0,50505,99881,0,116298,216309,2336,0,0,54,0,0,0,NA
2024-2025,July,32,WEST BENGAL,3206,HOOGHLY,0,0,0,0,0,0,207,32921,0,0,518196,0,101729,307.8739,307.8739,0,0,669811,1271352,0,839611,1530948,32921,0,0,10,0,0,0,NA
2024-2025,July,32,WEST BENGAL,3209,MALDAH,0,0,0,0,0,0,146,73561,0,0,116007,0,37378,183.63712,183.63712,0,0,334524,570373,0,722653,1170245,73561,0,0,72,0,0,0,NA
2024-2025,July,32,WEST BENGAL,3214,PURULIA,0,0,0,0,0,0,170,24060,0,0,105729,0,124772,206.14113,206.14113,0,0,251062,584119,0,525047,1133026,24060,0,0,67,0,0,0,NA
2024-2025,July,32,WEST BENGAL,3215,24 PARGANAS (NORTH),0,0,0,0,0,0,199,85386,0,0,173394,0,29397,267.61744,267.61744,0,0,313170,581698,0,873380,1521006,85386,0,0,74,0,0,0,NA
2024-2025,July,32,WEST BENGAL,3216,24 PARGANAS SOUTH,0,0,0,0,0,0,310,191888,0,0,255825,0,9543,367.1743,367.1743,0,0,767944,1379441,0,1403537,2362007,191888,0,0,68,0,0,0,NA
2024-2025,July,32,WEST BENGAL,3212,MURSHIDABAD,0,0,0,0,0,0,250,106885,0,0,64997,0,7656,325.68375,325.68375,0,0,327925,595622,0,1232368,2083736,106885,0,0,85,0,0,0,NA
2024-2025,July,32,WEST BENGAL,3213,BANKURA,0,0,0,0,0,0,190,29967,0,0,429056,0,122514,281.31667,281.31667,0,0,428799,1038566,0,686132,1538482,29967,0,0,56,0,0,0,NA
2024-2025,July,32,WEST BENGAL,3225,PURBA BARDHAMAN,0,0,0,0,0,1,215,30168,0,0,504725,0,98176,0,0,0,0,669981,1377948,0,914297,1821289,30169,0,0,23,0,0,0,NA
2024-2025,Oct,32,WEST BENGAL,3216,24 PARGANAS SOUTH,0,0,0,0,0,0,310,191888,0,0,255814,0,9543,758.00626,758.00626,0,0,767925,1379387,0,1403573,2362046,191888,0,0,68,0,0,0,NA
2024-2025,Nov,32,WEST BENGAL,3211,PURBA MEDINIPUR,0,0,0,0,0,7,223,80947,0,0,94249,0,3074,826.55706,826.55706,0,0,386183,871145,0,918227,1960223,80954,0,0,63,0,0,0,NA
2024-2025,Nov,32,WEST BENGAL,3216,24 PARGANAS SOUTH,0,0,0,0,0,0,310,191888,0,0,255789,0,9543,876.76469,876.76469,0,0,767878,1378924,0,1403407,2361182,191888,0,0,68,0,0,0,NA
2024-2025,Nov,32,WEST BENGAL,3219,Darjeeling Gorkha Hill Council (DGHC),0,0,0,0,0,0,70,10272,0,0,14319,0,63311,0,0,0,0,116126,192315,0,127895,208801,10272,0,0,18,0,0,0,NA
2024-2025,Nov,32,WEST BENGAL,3221,KALIMPONG,0,0,0,0,0,0,42,4520,0,0,5474,0,28225,33.41488,33.41488,0,0,53592,86549,0,55738,89423,4520,0,0,23,0,0,0,NA
2024-2025,Nov,32,WEST BENGAL,3222,JHARGRAM,0,0,0,0,0,0,79,23787,0,0,64096,0,91412,0,0,0,0,143160,309788,0,231015,470489,23787,0,0,44,0,0,0,NA
2024-2025,Nov,32,WEST BENGAL,3225,PURBA BARDHAMAN,0,0,0,0,0,2,215,30167,0,0,504699,0,98178,0,0,0,0,669971,1377905,0,914302,1821270,30169,0,0,23,9.13,0,0,NA
2024-2025,Nov,32,WEST BENGAL,3214,PURULIA,0,0,0,0,0,1,170,24059,0,0,105732,0,124780,512.85609,512.85609,0,0,251062,584156,0,525098,1133220,24060,0,0,67,0,0,0,NA
2024-2025,Oct,32,WEST BENGAL,3202,PASCHIM BARDHAMAN,0,0,0,0,0,0,62,2608,0,0,78437,0,21985,204.52449,204.52449,0,0,69781,152671,0,140168,286670,2608,0,0,29,0,0,0,NA
2024-2025,Oct,32,WEST BENGAL,3206,HOOGHLY,0,0,0,0,0,0,207,32921,0,0,518214,0,101731,646.08266,646.08266,0,0,669811,1271424,0,839734,1531190,32921,0,0,10,0,0,0,NA
2024-2025,Oct,32,WEST BENGAL,3207,JALPAIGURI,0,0,0,0,0,0,80,31776,0,0,236077,0,81888,268.87871,268.87871,0,0,300581,600223,0,404317,775941,31776,0,0,16,0,0,0,NA
2024-2025,Oct,32,WEST BENGAL,3214,PURULIA,0,0,0,0,0,1,170,24059,0,0,105732,0,124778,444.439,444.439,0,0,251062,584148,0,525091,1133195,24060,0,0,67,0,0,0,NA
2024-2025,Oct,32,WEST BENGAL,3218,DINAJPUR UTTAR,0,0,0,0,0,0,98,84348,0,0,93584,0,9199,236.26182,236.26182,0,0,185983,367629,0,504665,934217,84348,0,0,85,0,0,0,NA
2024-2025,Oct,32,WEST BENGAL,3202,PASCHIM BARDHAMAN,0,0,0,0,0,0,62,2608,0,0,78437,0,21985,236.66556,236.66556,0,0,69781,152671,0,140168,286670,2608,0,0,29,0,0,0,NA
2024-2025,Oct,32,WEST BENGAL,3210,PASCHIM MEDINIPUR,0,0,0,0,0,0,211,87860,0,0,276115,0,138464,701.29694,701.29694,0,0,589506,1253613,0,888425,1773502,87860,0,0,50,0,0,0,NA
2024-2025,Oct,32,WEST BENGAL,3215,24 PARGANAS (NORTH),0,0,0,0,0,0,199,85386,0,0,173404,0,29397,632.649,632.649,0,0,313170,581721,0,873397,1521126,85386,0,0,74,0,0,0,NA
2024-2025,Oct,32,WEST BENGAL,3218,DINAJPUR UTTAR,0,0,0,0,0,0,98,84348,0,0,93584,0,9199,273.36879,273.36879,0,0,185983,367629,0,504665,934217,84348,0,0,85,0,0,0,NA
2024-2025,Nov,32,WEST BENGAL,3203,BIRBHUM,0,0,0,0,0,0,167,26930,0,0,336475,0,65414,588.67441,588.67441,0,0,444187,940968,0,677394,1357166,26930,0,0,16,0,0,0,NA
2024-2025,Nov,32,WEST BENGAL,3210,PASCHIM MEDINIPUR,0,0,0,0,0,0,211,87860,0,0,276115,0,138464,811.32978,811.32978,0,0,589506,1253612,0,888425,1773502,87860,0,0,50,0,0,0,NA
2024-2025,Nov,32,WEST BENGAL,3203,BIRBHUM,0,0,0,0,0,0,167,26930,0,0,336460,0,65414,588.67441,588.67441,0,0,444187,940944,0,677380,1357116,26930,0,0,16,0,0,0,NA
2024-2025,Nov,32,WEST BENGAL,3205,HOWRAH,0,0,0,0,0,0,157,18268,0,0,54679,0,800,300.01548,300.01548,0,0,161738,261415,0,406315,578572,18268,0,0,20,0,0,0,NA
2024-2025,Nov,32,WEST BENGAL,3216,24 PARGANAS SOUTH,0,0,0,0,0,0,310,191888,0,0,255814,0,9543,876.56285,876.56285,0,0,767918,1379372,0,1403510,2361925,191888,0,0,68,0,0,0,NA
2024-2025,Nov,32,WEST BENGAL,3225,PURBA BARDHAMAN,0,0,0,0,0,2,215,30167,0,0,504694,0,98175,0,0,0,0,669971,1377886,0,914297,1821235,30169,0,0,23,9.13,0,0,NA
2024-2025,Oct,32,WEST BENGAL,3204,SILIGURI MAHAKUMA PARISAD,0,0,0,0,0,0,22,2336,0,0,43514,0,29030,77.57346,77.57346,0,0,50505,99895,0,116315,216368,2336,0,0,54,0,0,0,NA
2024-2025,Nov,32,WEST BENGAL,3216,24 PARGANAS SOUTH,0,0,0,0,0,0,310,191888,0,0,255814,0,9543,876.76469,876.76469,0,0,767918,1379372,0,1403514,2361934,191888,0,0,68,0,0,0,NA
2024-2025,Nov,32,WEST BENGAL,3214,PURULIA,0,0,0,0,0,1,170,24059,0,0,105732,0,124780,512.85609,512.85609,0,0,251062,584153,0,525097,1133211,24060,0,0,67,0,0,0,NA
2024-2025,Nov,32,WEST BENGAL,3225,PURBA BARDHAMAN,0,0,0,0,0,2,215,30167,0,0,504694,0,98175,0,0,0,0,669971,1377886,0,914297,1821236,30169,0,0,23,9.13,0,0,NA
